CaseMasterID,CrimeNo,CaseNo,CrimeRegisteredDate,PolicePersonID,PoliceStationID,CaseCategoryID,GravityOffenceID,CrimeMajorHeadID,CrimeMinorHeadID,CaseStatusID,CourtID,IncidentFromDate,IncidentToDate,InfoReceivedPSDate,latitude,longitude,BriefFacts
1,100070033202100001,202100001,2021-04-01,73,33,1,2,1,4,4,7,2021-03-31 01:08:00,2021-03-31 03:16:00,2021-03-31 05:57:00,17.23186,76.779007,Masked FIR summary for sexual assault case 0001.
2,400100044202300001,202300001,2023-11-24,98,44,4,1,3,11,3,10,2023-11-19 20:37:00,2023-11-20 00:35:00,2023-11-20 01:09:00,13.004417,76.023928,Masked FIR summary for cheque fraud case 0002.
3,100040019202200001,202200001,2022-05-07,40,19,1,2,1,3,2,4,2022-05-05 14:23:00,2022-05-05 18:18:00,2022-05-05 18:53:00,13.263809,77.065453,Masked FIR summary for kidnapping case 0003.
4,100060028202200001,202200001,2022-11-08,63,28,1,1,2,7,2,6,2022-11-08 02:47:00,2022-11-08 06:46:00,2022-11-08 08:44:00,15.8682,74.491347,Masked FIR summary for burglary case 0004.
5,100080038202400001,202400001,2024-11-14,87,38,1,2,1,1,1,8,2024-11-11 02:58:00,2024-11-11 04:12:00,2024-11-11 06:03:00,15.426773,75.018019,Masked FIR summary for murder case 0005.
6,100060027202200001,202200001,2022-11-30,58,27,1,1,2,7,2,6,2022-11-25 08:33:00,2022-11-25 12:16:00,2022-11-25 13:24:00,15.757911,74.459525,Masked FIR summary for burglary case 0006.
7,100120052202300001,202300001,2023-06-09,116,52,1,1,5,14,2,12,2023-06-07 03:29:00,2023-06-07 07:07:00,2023-06-07 09:05:00,13.291861,74.698369,Masked FIR summary for unlawful assembly case 0007.
8,100090042202000001,202000001,2020-08-28,95,42,1,1,5,14,4,9,2020-08-27 23:53:00,2020-08-28 03:37:00,2020-08-28 05:27:00,15.066366,76.876004,Masked FIR summary for unlawful assembly case 0008.
9,100050023202000001,202000001,2020-07-10,51,23,1,1,3,10,2,5,2020-07-09 15:31:00,2020-07-09 16:35:00,2020-07-09 19:23:00,12.802778,74.953017,Masked FIR summary for cyber fraud case 0009.
10,100110048202200001,202200001,2022-12-06,108,48,1,2,2,6,5,11,2022-12-05 17:08:00,2022-12-05 20:14:00,2022-12-05 22:23:00,13.939055,75.568055,Masked FIR summary for robbery case 0010.
11,100010007202200001,202200001,2022-07-05,15,7,1,1,1,2,5,1,2022-07-05 11:46:00,2022-07-05 15:46:00,2022-07-05 16:51:00,13.051363,77.480954,Masked FIR summary for assault case 0011.
12,100010003202300001,202300001,2023-10-04,1,3,1,1,3,11,6,1,2023-10-03 12:40:00,2023-10-03 15:09:00,2023-10-03 16:31:00,12.944083,77.570124,Masked FIR summary for cheque fraud case 0012.
13,100090040202100001,202100001,2021-09-10,88,40,1,1,3,10,3,9,2021-09-06 01:18:00,2021-09-06 02:16:00,2021-09-06 03:13:00,15.17509,76.98277,Masked FIR summary for cyber fraud case 0013.
14,100070034202300001,202300001,2023-06-22,78,34,1,1,5,15,2,7,2023-06-17 21:26:00,2023-06-17 23:56:00,2023-06-18 02:18:00,17.251338,76.804186,Masked FIR summary for rioting case 0014.
15,100040020202000001,202000001,2020-11-04,45,20,1,2,4,13,2,4,2020-11-02 03:39:00,2020-11-02 07:09:00,2020-11-02 10:03:00,13.348585,77.085449,Masked FIR summary for drug trafficking case 0015.
16,100050024202300001,202300001,2023-02-28,52,24,1,2,1,1,4,5,2023-02-25 04:27:00,2023-02-25 07:11:00,2023-02-25 09:47:00,12.923423,74.997099,Masked FIR summary for murder case 0016.
17,100030016202000001,202000001,2020-06-23,36,16,1,2,1,1,4,3,2020-06-21 07:29:00,2020-06-21 08:33:00,2020-06-21 08:50:00,12.326156,76.650951,Masked FIR summary for murder case 0017.
18,100040020202100001,202100001,2021-04-19,44,20,1,1,3,11,2,4,2021-04-18 20:13:00,2021-04-18 23:39:00,2021-04-19 00:10:00,13.363118,77.111998,Masked FIR summary for cheque fraud case 0018.
19,100080038202400002,202400002,2024-10-08,86,38,1,1,2,5,1,8,2024-10-04 08:06:00,2024-10-04 12:01:00,2024-10-04 12:52:00,15.394212,75.011015,Masked FIR summary for theft case 0019.
20,100010008202200001,202200001,2022-03-01,18,8,1,2,1,1,5,1,2022-02-26 03:11:00,2022-02-26 04:40:00,2022-02-26 04:52:00,12.908304,77.588404,Masked FIR summary for murder case 0020.
21,100020011202400001,202400001,2024-04-03,22,11,1,2,4,13,3,2,2024-04-01 12:37:00,2024-04-01 14:53:00,2024-04-01 15:01:00,13.167531,77.450041,Masked FIR summary for drug trafficking case 0021.
22,100040020202100002,202100002,2021-11-02,43,20,1,2,4,13,3,4,2021-11-02 09:12:00,2021-11-02 10:56:00,2021-11-02 13:19:00,13.390994,77.12912,Masked FIR summary for drug trafficking case 0022.
23,100010007202000001,202000001,2020-02-11,15,7,1,2,2,6,3,1,2020-02-06 15:51:00,2020-02-06 19:06:00,2020-02-06 20:11:00,13.010842,77.539955,Masked FIR summary for robbery case 0023.
24,800010003202000001,202000001,2020-10-25,1,3,8,1,4,12,3,1,2020-10-24 15:16:00,2020-10-24 18:29:00,2020-10-24 21:18:00,12.950493,77.488911,Masked FIR summary for drug possession case 0024.
25,100110049202300001,202300001,2023-01-26,111,49,1,1,5,14,6,11,2023-01-23 15:04:00,2023-01-23 16:16:00,2023-01-23 17:30:00,13.959782,75.573935,Masked FIR summary for unlawful assembly case 0025.
26,100010007202300001,202300001,2023-12-15,14,7,1,1,3,11,5,1,2023-12-12 04:21:00,2023-12-12 04:43:00,2023-12-12 07:11:00,13.007965,77.543031,Masked FIR summary for cheque fraud case 0026.
27,100080038202400003,202400003,2024-06-14,85,38,1,2,1,4,5,8,2024-06-10 10:42:00,2024-06-10 11:02:00,2024-06-10 11:41:00,15.412918,74.987745,Masked FIR summary for sexual assault case 0027.
28,100080036202000001,202000001,2020-08-01,81,36,1,1,2,5,2,8,2020-08-01 07:17:00,2020-08-01 09:36:00,2020-08-01 11:09:00,15.524727,75.078586,Masked FIR summary for theft case 0028.
29,100100044202400001,202400001,2024-09-17,97,44,1,1,3,9,2,10,2024-09-16 13:36:00,2024-09-16 14:11:00,2024-09-16 16:52:00,12.980272,76.019869,Masked FIR summary for fraud case 0029.
30,800050023202400001,202400001,2024-10-16,51,23,8,2,1,3,3,5,2024-10-13 01:29:00,2024-10-13 02:31:00,2024-10-13 05:05:00,12.77753,74.938726,Masked FIR summary for kidnapping case 0030.
31,100090042202500001,202500001,2025-08-29,95,42,1,1,5,14,2,9,2025-08-24 12:33:00,2025-08-24 15:25:00,2025-08-24 17:58:00,15.102587,76.856964,Masked FIR summary for unlawful assembly case 0031.
32,100120052202400001,202400001,2024-02-02,115,52,1,2,1,1,3,12,2024-01-31 00:53:00,2024-01-31 03:50:00,2024-01-31 05:43:00,13.369907,74.725768,Masked FIR summary for murder case 0032.
33,400030015202200001,202200001,2022-10-29,31,15,4,2,1,4,2,3,2022-10-27 01:46:00,2022-10-27 04:29:00,2022-10-27 06:59:00,12.33658,76.605485,Masked FIR summary for sexual assault case 0033.
34,100040021202000001,202000001,2020-08-18,46,21,1,2,1,1,3,4,2020-08-14 20:03:00,2020-08-14 21:08:00,2020-08-14 23:52:00,13.381722,77.102269,Masked FIR summary for murder case 0034.
35,400100044202000001,202000001,2020-04-17,99,44,4,1,5,14,3,10,2020-04-14 12:14:00,2020-04-14 15:26:00,2020-04-14 18:18:00,13.010926,76.075022,Masked FIR summary for unlawful assembly case 0035.
36,100070032202500001,202500001,2025-11-02,72,32,1,1,5,14,2,7,2025-10-28 14:24:00,2025-10-28 17:29:00,2025-10-28 18:50:00,17.409259,76.803876,Masked FIR summary for unlawful assembly case 0036.
37,100010005202400001,202400001,2024-09-08,9,5,1,1,3,9,2,1,2024-09-07 04:10:00,2024-09-07 06:07:00,2024-09-07 09:01:00,12.884349,77.538189,Masked FIR summary for fraud case 0037.
38,100070032202400001,202400001,2024-06-19,72,32,1,1,3,10,3,7,2024-06-14 03:40:00,2024-06-14 07:22:00,2024-06-14 08:20:00,17.364376,76.797773,Masked FIR summary for cyber fraud case 0038.
39,300020011202400001,202400001,2024-09-26,24,11,3,1,1,2,2,2,2024-09-23 19:27:00,2024-09-23 22:44:00,2024-09-24 01:13:00,13.190707,77.458624,Masked FIR summary for assault case 0039.
40,100020011202000001,202000001,2020-05-05,24,11,1,1,2,7,2,2,2020-04-30 04:22:00,2020-04-30 04:40:00,2020-04-30 05:29:00,13.227565,77.45846,Masked FIR summary for burglary case 0040.
41,100060030202200001,202200001,2022-02-22,69,30,1,2,1,4,1,6,2022-02-22 07:39:00,2022-02-22 11:11:00,2022-02-22 12:56:00,15.768353,74.490072,Masked FIR summary for sexual assault case 0041.
42,100050023202300001,202300001,2023-08-25,51,23,1,1,4,12,5,5,2023-08-22 22:31:00,2023-08-22 23:56:00,2023-08-23 00:16:00,12.783774,74.962486,Masked FIR summary for drug possession case 0042.
43,100090040202400001,202400001,2024-12-18,88,40,1,1,4,12,3,9,2024-12-15 13:47:00,2024-12-15 16:20:00,2024-12-15 18:25:00,15.192121,76.994093,Masked FIR summary for drug possession case 0043.
44,100030016202300001,202300001,2023-03-26,34,16,1,1,5,14,2,3,2023-03-22 05:53:00,2023-03-22 07:36:00,2023-03-22 08:58:00,12.306728,76.727216,Masked FIR summary for unlawful assembly case 0044.
45,100040020202000002,202000002,2020-06-01,43,20,1,2,4,13,4,4,2020-05-28 16:27:00,2020-05-28 19:25:00,2020-05-28 22:00:00,13.39113,77.049737,Masked FIR summary for drug trafficking case 0045.
46,800050024202200001,202200001,2022-12-05,54,24,8,1,3,11,3,5,2022-11-30 18:48:00,2022-11-30 19:38:00,2022-11-30 21:04:00,12.8523,75.015144,Masked FIR summary for cheque fraud case 0046.
47,100120052202300002,202300002,2023-02-05,116,52,1,2,1,1,2,12,2023-01-31 15:54:00,2023-01-31 17:06:00,2023-01-31 18:12:00,13.385976,74.708398,Masked FIR summary for murder case 0047.
48,100120052202100001,202100001,2021-01-29,115,52,1,1,4,12,3,12,2021-01-24 19:40:00,2021-01-24 23:07:00,2021-01-25 01:57:00,13.367518,74.707593,Masked FIR summary for drug possession case 0048.
49,400050023202400001,202400001,2024-07-05,51,23,4,1,2,5,4,5,2024-07-02 15:56:00,2024-07-02 18:16:00,2024-07-02 19:36:00,12.776265,74.970147,Masked FIR summary for theft case 0049.
50,100010006202100001,202100001,2021-02-28,11,6,1,1,5,15,2,1,2021-02-23 06:23:00,2021-02-23 08:45:00,2021-02-23 09:39:00,12.979534,77.563403,Masked FIR summary for rioting case 0050.
51,300120052202100001,202100001,2021-11-11,116,52,3,1,1,2,2,12,2021-11-08 03:09:00,2021-11-08 04:29:00,2021-11-08 06:06:00,13.332144,74.673967,Masked FIR summary for assault case 0051.
52,100060030202000001,202000001,2020-08-07,69,30,1,1,2,8,4,6,2020-08-03 23:04:00,2020-08-04 02:33:00,2020-08-04 04:42:00,15.797109,74.457952,Masked FIR summary for vandalism case 0052.
53,100120052202300003,202300003,2023-02-26,116,52,1,1,2,5,3,12,2023-02-23 01:33:00,2023-02-23 01:49:00,2023-02-23 03:31:00,13.296753,74.716636,Masked FIR summary for theft case 0053.
54,100030017202200001,202200001,2022-03-06,38,17,1,1,3,10,3,3,2022-03-05 21:04:00,2022-03-06 00:42:00,2022-03-06 03:07:00,12.260524,76.625404,Masked FIR summary for cyber fraud case 0054.
55,100060030202300001,202300001,2023-08-07,69,30,1,2,1,3,1,6,2023-08-03 22:55:00,2023-08-04 00:43:00,2023-08-04 01:41:00,15.814274,74.488011,Masked FIR summary for kidnapping case 0055.
56,100010003202100001,202100001,2021-04-01,3,3,1,1,2,7,4,1,2021-03-31 11:36:00,2021-03-31 13:26:00,2021-03-31 15:28:00,12.902329,77.535567,Masked FIR summary for burglary case 0056.
57,100010005202100001,202100001,2021-03-20,9,5,1,1,1,2,2,1,2021-03-17 16:27:00,2021-03-17 17:25:00,2021-03-17 19:16:00,12.969578,77.527053,Masked FIR summary for assault case 0057.
58,100120053202400001,202400001,2024-07-25,119,53,1,2,2,6,3,12,2024-07-21 12:53:00,2024-07-21 16:03:00,2024-07-21 17:59:00,13.347142,74.793229,Masked FIR summary for robbery case 0058.
59,100030017202300001,202300001,2023-03-12,39,17,1,1,2,5,2,3,2023-03-07 14:49:00,2023-03-07 17:27:00,2023-03-07 18:06:00,12.292771,76.617544,Masked FIR summary for theft case 0059.
60,300040020202300001,202300001,2023-07-11,43,20,3,1,5,14,3,4,2023-07-06 20:54:00,2023-07-06 21:57:00,2023-07-07 00:40:00,13.375308,77.064395,Masked FIR summary for unlawful assembly case 0060.
61,100010008202100001,202100001,2021-07-23,18,8,1,1,5,14,1,1,2021-07-22 14:46:00,2021-07-22 18:41:00,2021-07-22 20:46:00,12.946322,77.612987,Masked FIR summary for unlawful assembly case 0061.
62,800010007202500001,202500001,2025-09-11,15,7,8,1,4,12,1,1,2025-09-06 18:12:00,2025-09-06 18:54:00,2025-09-06 19:47:00,13.02736,77.520141,Masked FIR summary for drug possession case 0062.
63,100010005202200001,202200001,2022-08-07,9,5,1,1,2,5,3,1,2022-08-03 16:20:00,2022-08-03 18:29:00,2022-08-03 20:27:00,12.87736,77.510263,Masked FIR summary for theft case 0063.
64,100010003202500001,202500001,2025-10-12,1,3,1,2,1,3,2,1,2025-10-11 16:59:00,2025-10-11 17:32:00,2025-10-11 18:46:00,12.909847,77.568901,Masked FIR summary for kidnapping case 0064.
65,100060027202400001,202400001,2024-08-15,59,27,1,1,3,11,3,6,2024-08-12 20:23:00,2024-08-12 21:27:00,2024-08-12 21:45:00,15.833325,74.437166,Masked FIR summary for cheque fraud case 0065.
66,100080036202000002,202000002,2020-04-07,80,36,1,1,2,7,4,8,2020-04-06 18:49:00,2020-04-06 21:26:00,2020-04-06 23:43:00,15.537428,75.000419,Masked FIR summary for burglary case 0066.
67,100070034202000001,202000001,2020-08-31,78,34,1,2,1,4,2,7,2020-08-27 23:06:00,2020-08-27 23:40:00,2020-08-27 23:51:00,17.31298,76.816823,Masked FIR summary for sexual assault case 0067.
68,100080038202200001,202200001,2022-07-18,87,38,1,1,3,10,3,8,2022-07-13 16:22:00,2022-07-13 19:37:00,2022-07-13 21:12:00,15.398077,75.030412,Masked FIR summary for cyber fraud case 0068.
69,100030016202000002,202000002,2020-04-21,35,16,1,1,4,12,5,3,2020-04-21 15:17:00,2020-04-21 15:44:00,2020-04-21 15:55:00,12.264765,76.687365,Masked FIR summary for drug possession case 0069.
70,400010008202200001,202200001,2022-08-06,16,8,4,2,1,1,3,1,2022-08-01 03:32:00,2022-08-01 07:24:00,2022-08-01 07:42:00,12.91977,77.599705,Masked FIR summary for murder case 0070.
71,100080038202000001,202000001,2020-11-09,85,38,1,2,2,6,2,8,2020-11-08 01:18:00,2020-11-08 03:41:00,2020-11-08 05:50:00,15.395271,75.029241,Masked FIR summary for robbery case 0071.
72,100050023202400001,202400001,2024-09-21,50,23,1,1,2,7,2,5,2024-09-19 13:29:00,2024-09-19 14:58:00,2024-09-19 17:42:00,12.860533,74.976358,Masked FIR summary for burglary case 0072.
73,100090042202200001,202200001,2022-10-21,94,42,1,1,1,2,3,9,2022-10-21 00:25:00,2022-10-21 02:02:00,2022-10-21 03:36:00,15.028504,76.890451,Masked FIR summary for assault case 0073.
74,400050025202200001,202200001,2022-06-08,55,25,4,1,2,7,3,5,2022-06-04 12:15:00,2022-06-04 13:24:00,2022-06-04 15:19:00,12.734224,74.954625,Masked FIR summary for burglary case 0074.
75,100110049202200001,202200001,2022-02-16,111,49,1,1,2,5,3,11,2022-02-16 12:12:00,2022-02-16 13:17:00,2022-02-16 14:50:00,13.902124,75.589974,Masked FIR summary for theft case 0075.
76,100020012202000001,202000001,2020-01-21,26,12,1,1,3,10,1,2,2020-01-18 20:54:00,2020-01-18 23:29:00,2020-01-19 00:22:00,13.110366,77.563775,Masked FIR summary for cyber fraud case 0076.
77,100080037202200001,202200001,2022-08-12,83,37,1,1,4,12,4,8,2022-08-11 18:51:00,2022-08-11 20:10:00,2022-08-11 20:26:00,15.379118,75.018187,Masked FIR summary for drug possession case 0077.
78,100110049202400001,202400001,2024-04-08,111,49,1,2,1,3,3,11,2024-04-06 22:39:00,2024-04-06 23:23:00,2024-04-07 01:00:00,13.938679,75.556148,Masked FIR summary for kidnapping case 0078.
79,100030017202400001,202400001,2024-08-16,38,17,1,1,4,12,2,3,2024-08-13 11:38:00,2024-08-13 14:34:00,2024-08-13 17:26:00,12.322959,76.626917,Masked FIR summary for drug possession case 0079.
80,400080038202200001,202200001,2022-07-02,87,38,4,2,2,6,1,8,2022-06-30 18:59:00,2022-06-30 20:39:00,2022-06-30 22:51:00,15.337956,75.001102,Masked FIR summary for robbery case 0080.
81,100010003202100002,202100002,2021-08-22,2,3,1,1,3,9,3,1,2021-08-20 03:16:00,2021-08-20 06:05:00,2021-08-20 07:48:00,12.856071,77.552526,Masked FIR summary for fraud case 0081.
82,100020010202400001,202400001,2024-09-01,19,10,1,1,3,10,2,2,2024-08-28 07:54:00,2024-08-28 09:47:00,2024-08-28 11:18:00,13.241539,77.465059,Masked FIR summary for cyber fraud case 0082.
83,300120054202400001,202400001,2024-08-25,122,54,3,1,2,7,3,12,2024-08-22 16:48:00,2024-08-22 20:35:00,2024-08-22 22:00:00,13.225818,74.791979,Masked FIR summary for burglary case 0083.
84,100080037202500001,202500001,2025-07-04,83,37,1,1,3,11,4,8,2025-07-02 01:59:00,2025-07-02 03:45:00,2025-07-02 03:55:00,15.408411,74.987542,Masked FIR summary for cheque fraud case 0084.
85,100120053202500001,202500001,2025-08-19,119,53,1,1,2,5,5,12,2025-08-15 08:43:00,2025-08-15 09:50:00,2025-08-15 12:42:00,13.335785,74.804029,Masked FIR summary for theft case 0085.
86,800110050202100001,202100001,2021-09-16,113,50,8,1,2,8,3,11,2021-09-14 00:00:00,2021-09-14 01:00:00,2021-09-14 02:43:00,13.91321,75.554573,Masked FIR summary for vandalism case 0086.
87,100050025202000001,202000001,2020-01-25,56,25,1,1,5,14,5,5,2020-01-25 19:52:00,2020-01-25 20:47:00,2020-01-25 21:13:00,12.787165,74.974814,Masked FIR summary for unlawful assembly case 0087.
88,300100046202200001,202200001,2022-05-13,104,46,3,1,4,12,4,10,2022-05-11 02:51:00,2022-05-11 05:09:00,2022-05-11 07:48:00,12.974954,76.185477,Masked FIR summary for drug possession case 0088.
89,100100044202300001,202300001,2023-08-17,99,44,1,2,1,3,4,10,2023-08-12 14:33:00,2023-08-12 17:41:00,2023-08-12 19:16:00,12.961245,76.024935,Masked FIR summary for kidnapping case 0089.
90,100100044202500001,202500001,2025-12-12,98,44,1,2,2,6,5,10,2025-12-09 13:46:00,2025-12-09 15:39:00,2025-12-09 15:59:00,12.934738,76.067253,Masked FIR summary for robbery case 0090.
91,100050024202200001,202200001,2022-12-13,54,24,1,1,3,11,1,5,2022-12-09 11:34:00,2022-12-09 15:25:00,2022-12-09 18:08:00,12.904058,74.997021,Masked FIR summary for cheque fraud case 0091.
92,400080038202400001,202400001,2024-10-22,85,38,4,1,3,9,2,8,2024-10-21 00:30:00,2024-10-21 04:25:00,2024-10-21 06:24:00,15.389397,75.021393,Masked FIR summary for fraud case 0092.
93,100120054202100001,202100001,2021-02-19,123,54,1,1,3,9,5,12,2021-02-17 00:49:00,2021-02-17 03:33:00,2021-02-17 04:01:00,13.257827,74.746857,Masked FIR summary for fraud case 0093.
94,400010008202300001,202300001,2023-10-31,18,8,4,2,1,3,6,1,2023-10-27 19:33:00,2023-10-27 21:05:00,2023-10-27 22:30:00,12.913682,77.623808,Masked FIR summary for kidnapping case 0094.
95,100020012202300001,202300001,2023-08-16,27,12,1,1,1,2,2,2,2023-08-12 09:58:00,2023-08-12 13:41:00,2023-08-12 16:09:00,13.171481,77.486447,Masked FIR summary for assault case 0095.
96,800060030202200001,202200001,2022-10-09,69,30,8,2,1,3,2,6,2022-10-07 16:01:00,2022-10-07 18:37:00,2022-10-07 19:13:00,15.784689,74.48145,Masked FIR summary for kidnapping case 0096.
97,100100045202200001,202200001,2022-02-25,100,45,1,2,4,13,4,10,2022-02-24 14:19:00,2022-02-24 17:34:00,2022-02-24 19:46:00,12.985668,76.129695,Masked FIR summary for drug trafficking case 0097.
98,100040019202300001,202300001,2023-07-07,41,19,1,1,4,12,2,4,2023-07-05 07:04:00,2023-07-05 07:28:00,2023-07-05 10:10:00,13.294255,77.123821,Masked FIR summary for drug possession case 0098.
99,100030014202400001,202400001,2024-03-07,29,14,1,1,2,5,1,3,2024-03-03 04:33:00,2024-03-03 06:03:00,2024-03-03 06:29:00,12.377411,76.704503,Masked FIR summary for theft case 0099.
100,100010005202100002,202100002,2021-04-22,7,5,1,1,3,10,5,1,2021-04-20 00:31:00,2021-04-20 02:46:00,2021-04-20 05:12:00,12.893929,77.523744,Masked FIR summary for cyber fraud case 0100.
101,100060029202100001,202100001,2021-05-31,64,29,1,2,1,1,3,6,2021-05-27 12:13:00,2021-05-27 15:14:00,2021-05-27 17:15:00,15.861297,74.565055,Masked FIR summary for murder case 0101.
102,100060027202200002,202200002,2022-07-02,58,27,1,2,4,13,1,6,2022-06-29 04:10:00,2022-06-29 06:29:00,2022-06-29 07:29:00,15.756401,74.433599,Masked FIR summary for drug trafficking case 0102.
103,100090040202500001,202500001,2025-11-10,90,40,1,1,5,14,3,9,2025-11-06 17:35:00,2025-11-06 20:50:00,2025-11-06 23:24:00,15.233941,76.981827,Masked FIR summary for unlawful assembly case 0103.
104,100050024202400001,202400001,2024-06-07,53,24,1,2,2,6,4,5,2024-06-06 04:59:00,2024-06-06 05:38:00,2024-06-06 07:03:00,12.856623,75.017338,Masked FIR summary for robbery case 0104.
105,100110050202500001,202500001,2025-05-14,112,50,1,1,2,5,1,11,2025-05-11 02:47:00,2025-05-11 06:34:00,2025-05-11 07:01:00,13.995219,75.610395,Masked FIR summary for theft case 0105.
106,100100046202000001,202000001,2020-10-28,105,46,1,2,1,1,2,10,2020-10-27 08:35:00,2020-10-27 11:25:00,2020-10-27 13:17:00,12.962443,76.198399,Masked FIR summary for murder case 0106.
107,100060028202300001,202300001,2023-07-30,63,28,1,1,5,15,4,6,2023-07-29 12:47:00,2023-07-29 16:11:00,2023-07-29 18:55:00,15.946228,74.412217,Masked FIR summary for rioting case 0107.
108,100110049202100001,202100001,2021-11-02,111,49,1,1,3,10,5,11,2021-10-31 09:39:00,2021-10-31 10:00:00,2021-10-31 10:47:00,13.930472,75.519386,Masked FIR summary for cyber fraud case 0108.
109,400030017202400001,202400001,2024-11-14,37,17,4,1,2,5,6,3,2024-11-13 06:40:00,2024-11-13 08:05:00,2024-11-13 09:05:00,12.264638,76.659364,Masked FIR summary for theft case 0109.
110,100110049202200002,202200002,2022-07-12,110,49,1,1,5,14,3,11,2022-07-11 19:31:00,2022-07-11 20:19:00,2022-07-11 21:49:00,13.906378,75.549268,Masked FIR summary for unlawful assembly case 0110.
111,100010003202000001,202000001,2020-09-30,2,3,1,1,5,14,3,1,2020-09-26 18:33:00,2020-09-26 20:31:00,2020-09-26 22:50:00,12.912395,77.515543,Masked FIR summary for unlawful assembly case 0111.
112,300050025202100001,202100001,2021-06-02,56,25,3,1,1,2,2,5,2021-05-31 07:41:00,2021-05-31 10:04:00,2021-05-31 11:30:00,12.733056,74.894112,Masked FIR summary for assault case 0112.
113,100090040202000001,202000001,2020-09-28,90,40,1,1,5,15,1,9,2020-09-25 05:17:00,2020-09-25 06:32:00,2020-09-25 06:40:00,15.247689,76.934563,Masked FIR summary for rioting case 0113.
114,100110048202000001,202000001,2020-09-03,106,48,1,2,1,4,5,11,2020-09-02 17:24:00,2020-09-02 19:27:00,2020-09-02 20:47:00,14.011824,75.572081,Masked FIR summary for sexual assault case 0114.
115,100030015202000001,202000001,2020-02-05,33,15,1,2,2,6,2,3,2020-02-05 08:24:00,2020-02-05 11:00:00,2020-02-05 13:33:00,12.348838,76.557626,Masked FIR summary for robbery case 0115.
116,400120053202500001,202500001,2025-06-20,120,53,4,2,1,1,2,12,2025-06-18 09:04:00,2025-06-18 10:34:00,2025-06-18 11:57:00,13.322993,74.821097,Masked FIR summary for murder case 0116.
117,100080038202000002,202000002,2020-07-07,87,38,1,1,3,10,4,8,2020-07-04 00:07:00,2020-07-04 02:50:00,2020-07-04 05:24:00,15.33122,75.009032,Masked FIR summary for cyber fraud case 0117.
118,100060030202200002,202200002,2022-03-22,67,30,1,1,2,8,2,6,2022-03-18 06:12:00,2022-03-18 06:59:00,2022-03-18 09:02:00,15.799209,74.500856,Masked FIR summary for vandalism case 0118.
119,100040019202200002,202200002,2022-02-08,40,19,1,1,5,15,2,4,2022-02-07 14:21:00,2022-02-07 15:46:00,2022-02-07 16:37:00,13.34423,77.117453,Masked FIR summary for rioting case 0119.
120,100010007202300002,202300002,2023-10-17,14,7,1,1,4,12,5,1,2023-10-14 21:24:00,2023-10-15 00:17:00,2023-10-15 02:09:00,12.986484,77.513842,Masked FIR summary for drug possession case 0120.
121,100110050202300001,202300001,2023-05-31,114,50,1,1,1,2,5,11,2023-05-27 20:09:00,2023-05-27 21:34:00,2023-05-27 22:02:00,13.991559,75.63683,Masked FIR summary for assault case 0121.
122,100030014202100001,202100001,2021-11-24,30,14,1,2,1,3,3,3,2021-11-21 17:58:00,2021-11-21 18:17:00,2021-11-21 21:02:00,12.338311,76.73114,Masked FIR summary for kidnapping case 0122.
123,100020012202200001,202200001,2022-11-05,25,12,1,2,4,13,3,2,2022-10-31 21:36:00,2022-10-31 23:08:00,2022-11-01 01:56:00,13.154085,77.495484,Masked FIR summary for drug trafficking case 0123.
124,100020010202100001,202100001,2021-09-07,21,10,1,2,4,13,2,2,2021-09-04 04:45:00,2021-09-04 05:12:00,2021-09-04 07:34:00,13.235449,77.457514,Masked FIR summary for drug trafficking case 0124.
125,800030015202100001,202100001,2021-09-26,32,15,8,1,4,12,6,3,2021-09-22 16:05:00,2021-09-22 17:53:00,2021-09-22 20:14:00,12.406831,76.618101,Masked FIR summary for drug possession case 0125.
126,100080037202500002,202500002,2025-07-08,82,37,1,1,4,12,2,8,2025-07-05 10:07:00,2025-07-05 12:53:00,2025-07-05 14:47:00,15.379098,75.004989,Masked FIR summary for drug possession case 0126.
127,300020010202100001,202100001,2021-07-01,21,10,3,1,2,7,2,2,2021-06-29 19:32:00,2021-06-29 20:02:00,2021-06-29 22:22:00,13.256097,77.502761,Masked FIR summary for burglary case 0127.
128,100100044202000001,202000001,2020-11-24,98,44,1,2,4,13,2,10,2020-11-21 07:30:00,2020-11-21 09:34:00,2020-11-21 12:31:00,13.015284,76.041277,Masked FIR summary for drug trafficking case 0128.
129,100060027202200003,202200003,2022-07-10,60,27,1,1,1,2,3,6,2022-07-09 08:23:00,2022-07-09 09:57:00,2022-07-09 10:07:00,15.794346,74.471171,Masked FIR summary for assault case 0129.
130,100100046202200001,202200001,2022-02-03,103,46,1,2,1,3,3,10,2022-01-29 21:21:00,2022-01-29 22:28:00,2022-01-30 00:26:00,12.935312,76.146692,Masked FIR summary for kidnapping case 0130.
131,300060029202100001,202100001,2021-12-26,65,29,3,1,2,8,4,6,2021-12-25 16:56:00,2021-12-25 20:05:00,2021-12-25 20:46:00,15.887728,74.605605,Masked FIR summary for vandalism case 0131.
132,100040019202500001,202500001,2025-07-18,40,19,1,1,5,14,3,4,2025-07-14 11:27:00,2025-07-14 14:58:00,2025-07-14 17:33:00,13.301085,77.06878,Masked FIR summary for unlawful assembly case 0132.
133,100010003202300002,202300002,2023-03-18,1,3,1,1,2,5,5,1,2023-03-17 01:57:00,2023-03-17 02:22:00,2023-03-17 05:02:00,12.884412,77.524422,Masked FIR summary for theft case 0133.
134,100010007202300003,202300003,2023-09-22,13,7,1,2,4,13,2,1,2023-09-19 16:08:00,2023-09-19 18:32:00,2023-09-19 20:56:00,13.071308,77.486357,Masked FIR summary for drug trafficking case 0134.
135,400090040202100001,202100001,2021-08-21,88,40,4,2,1,3,1,9,2021-08-21 10:47:00,2021-08-21 11:27:00,2021-08-21 13:51:00,15.218379,76.966945,Masked FIR summary for kidnapping case 0135.
136,100010007202100001,202100001,2021-04-23,15,7,1,2,1,1,3,1,2021-04-22 14:17:00,2021-04-22 16:13:00,2021-04-22 17:58:00,13.025645,77.520368,Masked FIR summary for murder case 0136.
137,100040020202500001,202500001,2025-06-03,44,20,1,1,3,11,6,4,2025-05-30 06:04:00,2025-05-30 08:26:00,2025-05-30 09:31:00,13.381474,77.102103,Masked FIR summary for cheque fraud case 0137.
138,800110049202400001,202400001,2024-07-19,109,49,8,2,1,4,3,11,2024-07-15 09:29:00,2024-07-15 12:29:00,2024-07-15 13:16:00,13.922929,75.568675,Masked FIR summary for sexual assault case 0138.
139,100110050202100001,202100001,2021-06-25,112,50,1,2,1,1,3,11,2021-06-25 07:15:00,2021-06-25 10:21:00,2021-06-25 10:42:00,13.946085,75.609741,Masked FIR summary for murder case 0139.
140,100010008202500001,202500001,2025-09-29,16,8,1,1,5,14,5,1,2025-09-28 06:31:00,2025-09-28 07:15:00,2025-09-28 07:49:00,12.985544,77.613512,Masked FIR summary for unlawful assembly case 0140.
141,100030016202200001,202200001,2022-08-05,35,16,1,1,1,2,5,3,2022-08-01 19:11:00,2022-08-01 19:28:00,2022-08-01 22:21:00,12.304286,76.730171,Masked FIR summary for assault case 0141.
142,100110050202000001,202000001,2020-09-15,114,50,1,1,3,11,2,11,2020-09-14 23:14:00,2020-09-15 02:03:00,2020-09-15 03:33:00,13.994746,75.598623,Masked FIR summary for cheque fraud case 0142.
143,100060027202100001,202100001,2021-10-10,58,27,1,1,1,2,1,6,2021-10-06 20:46:00,2021-10-06 22:38:00,2021-10-06 23:37:00,15.794919,74.459025,Masked FIR summary for assault case 0143.
144,100010005202300001,202300001,2023-09-14,9,5,1,2,1,3,2,1,2023-09-13 11:00:00,2023-09-13 13:22:00,2023-09-13 13:33:00,12.883771,77.540607,Masked FIR summary for kidnapping case 0144.
145,100010008202500002,202500002,2025-10-31,17,8,1,1,3,9,3,1,2025-10-30 14:53:00,2025-10-30 15:47:00,2025-10-30 18:03:00,12.919743,77.569837,Masked FIR summary for fraud case 0145.
146,100100046202000002,202000002,2020-07-09,103,46,1,1,2,5,3,10,2020-07-08 00:33:00,2020-07-08 02:21:00,2020-07-08 03:47:00,13.004121,76.145884,Masked FIR summary for theft case 0146.
147,100120052202000001,202000001,2020-04-05,116,52,1,1,1,2,1,12,2020-04-01 05:12:00,2020-04-01 06:56:00,2020-04-01 09:19:00,13.301654,74.709354,Masked FIR summary for assault case 0147.
148,100120052202100002,202100002,2021-01-12,116,52,1,1,2,5,5,12,2021-01-11 07:53:00,2021-01-11 11:15:00,2021-01-11 11:46:00,13.338824,74.701353,Masked FIR summary for theft case 0148.
149,100110050202100002,202100002,2021-01-18,114,50,1,1,2,8,2,11,2021-01-15 17:53:00,2021-01-15 18:12:00,2021-01-15 19:44:00,13.951428,75.592171,Masked FIR summary for vandalism case 0149.
150,100110050202100003,202100003,2021-07-08,112,50,1,1,3,10,2,11,2021-07-07 19:57:00,2021-07-07 20:55:00,2021-07-07 23:44:00,13.95815,75.564715,Masked FIR summary for cyber fraud case 0150.
151,100050024202200002,202200002,2022-10-19,54,24,1,2,2,6,2,5,2022-10-18 03:26:00,2022-10-18 06:05:00,2022-10-18 08:10:00,12.871982,74.998859,Masked FIR summary for robbery case 0151.
152,100110048202200002,202200002,2022-04-08,107,48,1,2,1,4,1,11,2022-04-05 14:35:00,2022-04-05 17:14:00,2022-04-05 20:10:00,13.938793,75.555347,Masked FIR summary for sexual assault case 0152.
153,100020011202100001,202100001,2021-04-24,23,11,1,1,2,5,1,2,2021-04-21 04:47:00,2021-04-21 07:14:00,2021-04-21 08:52:00,13.211719,77.494635,Masked FIR summary for theft case 0153.
154,100070034202400001,202400001,2024-02-19,78,34,1,2,4,13,6,7,2024-02-15 19:49:00,2024-02-15 21:19:00,2024-02-15 22:49:00,17.262733,76.750225,Masked FIR summary for drug trafficking case 0154.
155,100010003202400001,202400001,2024-08-14,1,3,1,1,4,12,1,1,2024-08-14 04:18:00,2024-08-14 07:32:00,2024-08-14 10:05:00,12.87501,77.549468,Masked FIR summary for drug possession case 0155.
156,100080036202000003,202000003,2020-08-25,80,36,1,1,2,7,2,8,2020-08-24 06:02:00,2020-08-24 07:48:00,2020-08-24 08:20:00,15.578125,75.072593,Masked FIR summary for burglary case 0156.
157,100090040202200001,202200001,2022-04-08,90,40,1,2,1,3,4,9,2022-04-08 07:05:00,2022-04-08 07:38:00,2022-04-08 10:33:00,15.171287,76.946411,Masked FIR summary for kidnapping case 0157.
158,100010006202500001,202500001,2025-02-13,10,6,1,1,5,14,2,1,2025-02-12 20:20:00,2025-02-12 20:44:00,2025-02-12 22:42:00,12.999412,77.515897,Masked FIR summary for unlawful assembly case 0158.
159,100010006202400001,202400001,2024-01-27,10,6,1,1,3,10,4,1,2024-01-24 06:44:00,2024-01-24 09:32:00,2024-01-24 10:28:00,13.056345,77.527952,Masked FIR summary for cyber fraud case 0159.
160,100080036202000004,202000004,2020-11-07,81,36,1,1,2,7,4,8,2020-11-06 12:59:00,2020-11-06 13:43:00,2020-11-06 14:54:00,15.542864,75.061287,Masked FIR summary for burglary case 0160.
161,100110049202100002,202100002,2021-01-31,111,49,1,1,1,2,4,11,2021-01-29 17:39:00,2021-01-29 18:36:00,2021-01-29 19:55:00,13.953953,75.504017,Masked FIR summary for assault case 0161.
162,100090042202300001,202300001,2023-12-25,94,42,1,2,2,6,2,9,2023-12-23 16:56:00,2023-12-23 18:43:00,2023-12-23 21:43:00,15.023002,76.825372,Masked FIR summary for robbery case 0162.
163,100010008202400001,202400001,2024-10-29,18,8,1,2,1,3,5,1,2024-10-27 22:26:00,2024-10-27 23:01:00,2024-10-28 00:37:00,12.923663,77.608654,Masked FIR summary for kidnapping case 0163.
164,100010003202000002,202000002,2020-05-22,2,3,1,2,1,4,3,1,2020-05-21 04:09:00,2020-05-21 08:04:00,2020-05-21 08:44:00,12.935101,77.513922,Masked FIR summary for sexual assault case 0164.
165,100120054202000001,202000001,2020-09-08,123,54,1,1,5,15,2,12,2020-09-06 04:24:00,2020-09-06 05:09:00,2020-09-06 07:05:00,13.279886,74.765267,Masked FIR summary for rioting case 0165.
166,100090041202400001,202400001,2024-03-06,91,41,1,2,1,1,5,9,2024-03-05 02:59:00,2024-03-05 03:57:00,2024-03-05 05:38:00,15.113118,76.956219,Masked FIR summary for murder case 0166.
167,100110050202500002,202500002,2025-06-27,114,50,1,1,3,11,2,11,2025-06-25 17:00:00,2025-06-25 18:23:00,2025-06-25 18:47:00,13.952907,75.643966,Masked FIR summary for cheque fraud case 0167.
168,400110048202400001,202400001,2024-06-10,108,48,4,2,1,1,4,11,2024-06-07 08:56:00,2024-06-07 10:22:00,2024-06-07 10:27:00,13.941695,75.51247,Masked FIR summary for murder case 0168.
169,100010005202200002,202200002,2022-08-20,8,5,1,1,2,7,2,1,2022-08-20 08:38:00,2022-08-20 09:13:00,2022-08-20 09:46:00,12.969546,77.557884,Masked FIR summary for burglary case 0169.
170,100040019202500002,202500002,2025-04-26,40,19,1,1,2,5,3,4,2025-04-26 21:04:00,2025-04-26 21:35:00,2025-04-26 23:02:00,13.280176,77.100787,Masked FIR summary for theft case 0170.
171,100100044202500002,202500002,2025-03-11,98,44,1,2,1,1,3,10,2025-03-09 19:09:00,2025-03-09 22:45:00,2025-03-09 22:59:00,12.950797,76.057847,Masked FIR summary for murder case 0171.
172,100040021202500001,202500001,2025-01-12,46,21,1,2,1,1,2,4,2025-01-10 21:50:00,2025-01-11 00:09:00,2025-01-11 01:11:00,13.325471,77.053052,Masked FIR summary for murder case 0172.
173,400070033202200001,202200001,2022-09-05,75,33,4,2,1,4,3,7,2022-09-02 13:24:00,2022-09-02 14:24:00,2022-09-02 14:32:00,17.253122,76.792547,Masked FIR summary for sexual assault case 0173.
174,100060030202200003,202200003,2022-03-29,67,30,1,1,1,2,1,6,2022-03-25 18:12:00,2022-03-25 20:11:00,2022-03-25 20:25:00,15.764194,74.456299,Masked FIR summary for assault case 0174.
175,100040019202500003,202500003,2025-03-06,42,19,1,2,1,3,2,4,2025-03-03 15:30:00,2025-03-03 16:22:00,2025-03-03 17:30:00,13.339873,77.128377,Masked FIR summary for kidnapping case 0175.
176,100020012202300002,202300002,2023-05-16,25,12,1,1,2,5,4,2,2023-05-11 17:17:00,2023-05-11 18:25:00,2023-05-11 21:16:00,13.141661,77.535363,Masked FIR summary for theft case 0176.
177,100030015202500001,202500001,2025-09-02,31,15,1,2,1,1,2,3,2025-08-30 23:32:00,2025-08-31 01:30:00,2025-08-31 02:13:00,12.365827,76.618496,Masked FIR summary for murder case 0177.
178,100100046202000003,202000003,2020-06-12,105,46,1,2,2,6,2,10,2020-06-10 10:00:00,2020-06-10 13:05:00,2020-06-10 13:43:00,13.005867,76.127062,Masked FIR summary for robbery case 0178.
179,400080038202500001,202500001,2025-06-24,85,38,4,2,1,1,3,8,2025-06-20 22:52:00,2025-06-20 23:42:00,2025-06-21 02:23:00,15.346158,74.966298,Masked FIR summary for murder case 0179.
180,100090041202100001,202100001,2021-04-26,91,41,1,1,5,15,5,9,2021-04-22 04:13:00,2021-04-22 06:52:00,2021-04-22 09:01:00,15.078482,76.925372,Masked FIR summary for rioting case 0180.
181,100100045202500001,202500001,2025-12-26,102,45,1,2,1,4,3,10,2025-12-22 17:27:00,2025-12-22 18:29:00,2025-12-22 20:11:00,13.025307,76.169735,Masked FIR summary for sexual assault case 0181.
182,100010003202300003,202300003,2023-02-20,3,3,1,1,3,9,2,1,2023-02-20 00:02:00,2023-02-20 02:47:00,2023-02-20 03:28:00,12.924849,77.551722,Masked FIR summary for fraud case 0182.
183,300030016202100001,202100001,2021-09-20,34,16,3,2,1,4,6,3,2021-09-15 23:27:00,2021-09-16 02:17:00,2021-09-16 04:05:00,12.339607,76.681792,Masked FIR summary for sexual assault case 0183.
184,400110049202300001,202300001,2023-12-08,109,49,4,2,1,3,2,11,2023-12-07 10:31:00,2023-12-07 13:18:00,2023-12-07 14:34:00,13.957993,75.570696,Masked FIR summary for kidnapping case 0184.
185,100060030202100001,202100001,2021-07-08,67,30,1,2,1,1,3,6,2021-07-07 17:21:00,2021-07-07 18:41:00,2021-07-07 20:57:00,15.779803,74.486607,Masked FIR summary for murder case 0185.
186,300020012202100001,202100001,2021-03-20,27,12,3,1,5,15,2,2,2021-03-18 04:39:00,2021-03-18 06:52:00,2021-03-18 09:03:00,13.11214,77.545992,Masked FIR summary for rioting case 0186.
187,100010008202200002,202200002,2022-10-02,16,8,1,1,3,11,2,1,2022-09-28 00:33:00,2022-09-28 02:45:00,2022-09-28 05:34:00,12.934218,77.6045,Masked FIR summary for cheque fraud case 0187.
188,100120053202100001,202100001,2021-04-14,118,53,1,2,1,3,2,12,2021-04-11 05:45:00,2021-04-11 06:13:00,2021-04-11 07:38:00,13.339342,74.834215,Masked FIR summary for kidnapping case 0188.
189,100100044202500003,202500003,2025-03-14,98,44,1,2,1,1,3,10,2025-03-10 23:01:00,2025-03-11 02:36:00,2025-03-11 03:37:00,12.973857,76.024157,Masked FIR summary for murder case 0189.
190,300020010202500001,202500001,2025-10-15,21,10,3,2,1,4,3,2,2025-10-13 19:44:00,2025-10-13 23:28:00,2025-10-14 00:46:00,13.280646,77.507464,Masked FIR summary for sexual assault case 0190.
191,100040020202100003,202100003,2021-03-23,44,20,1,1,3,9,2,4,2021-03-20 04:02:00,2021-03-20 06:14:00,2021-03-20 06:56:00,13.311641,77.122925,Masked FIR summary for fraud case 0191.
192,100010008202300001,202300001,2023-11-11,17,8,1,2,1,1,2,1,2023-11-07 11:16:00,2023-11-07 13:07:00,2023-11-07 13:49:00,12.928651,77.591446,Masked FIR summary for murder case 0192.
193,100050023202200001,202200001,2022-01-20,51,23,1,1,5,15,4,5,2022-01-16 16:22:00,2022-01-16 19:00:00,2022-01-16 20:42:00,12.768203,75.012321,Masked FIR summary for rioting case 0193.
194,100100044202000002,202000002,2020-12-18,97,44,1,1,5,14,2,10,2020-12-16 20:44:00,2020-12-17 00:27:00,2020-12-17 03:23:00,12.994196,76.025618,Masked FIR summary for unlawful assembly case 0194.
195,100010003202400002,202400002,2024-12-09,2,3,1,1,3,9,2,1,2024-12-09 06:48:00,2024-12-09 08:13:00,2024-12-09 09:14:00,12.876355,77.560709,Masked FIR summary for fraud case 0195.
196,100050024202100001,202100001,2021-08-27,53,24,1,2,4,13,3,5,2021-08-27 00:27:00,2021-08-27 02:06:00,2021-08-27 04:52:00,12.856237,74.928174,Masked FIR summary for drug trafficking case 0196.
197,300010003202500001,202500001,2025-05-01,2,3,3,1,5,14,4,1,2025-04-29 05:53:00,2025-04-29 09:22:00,2025-04-29 11:55:00,12.931988,77.512746,Masked FIR summary for unlawful assembly case 0197.
198,100050025202300001,202300001,2023-01-20,55,25,1,1,2,7,4,5,2023-01-20 02:39:00,2023-01-20 03:15:00,2023-01-20 04:55:00,12.734574,74.886017,Masked FIR summary for burglary case 0198.
199,100070033202200001,202200001,2022-12-03,73,33,1,2,1,1,2,7,2022-12-01 08:11:00,2022-12-01 08:57:00,2022-12-01 11:07:00,17.324299,76.763138,Masked FIR summary for murder case 0199.
200,400050024202500001,202500001,2025-01-30,54,24,4,1,5,15,5,5,2025-01-27 04:16:00,2025-01-27 04:57:00,2025-01-27 05:29:00,12.881299,75.017304,Masked FIR summary for rioting case 0200.
201,800010003202400001,202400001,2024-01-26,1,3,8,1,3,11,1,1,2024-01-24 05:27:00,2024-01-24 07:47:00,2024-01-24 08:46:00,12.863562,77.553061,Masked FIR summary for cheque fraud case 0201.
202,100070032202300001,202300001,2023-10-12,72,32,1,1,3,9,5,7,2023-10-10 13:50:00,2023-10-10 15:53:00,2023-10-10 16:34:00,17.420345,76.800004,Masked FIR summary for fraud case 0202.
203,400030017202000001,202000001,2020-02-13,39,17,4,1,5,14,3,3,2020-02-11 08:05:00,2020-02-11 09:15:00,2020-02-11 09:36:00,12.310456,76.626966,Masked FIR summary for unlawful assembly case 0203.
204,100060030202200004,202200004,2022-04-22,69,30,1,2,1,4,5,6,2022-04-21 11:22:00,2022-04-21 11:50:00,2022-04-21 12:01:00,15.812983,74.440973,Masked FIR summary for sexual assault case 0204.
205,100020012202000002,202000002,2020-09-01,25,12,1,1,2,7,4,2,2020-08-29 04:29:00,2020-08-29 04:59:00,2020-08-29 06:22:00,13.179136,77.532515,Masked FIR summary for burglary case 0205.
206,100120052202200001,202200001,2022-10-05,115,52,1,2,1,4,5,12,2022-10-01 09:45:00,2022-10-01 10:26:00,2022-10-01 11:26:00,13.324565,74.734442,Masked FIR summary for sexual assault case 0206.
207,100120052202400002,202400002,2024-06-29,117,52,1,1,3,10,1,12,2024-06-27 19:52:00,2024-06-27 22:09:00,2024-06-28 00:40:00,13.336484,74.674273,Masked FIR summary for cyber fraud case 0207.
208,100100046202200002,202200002,2022-01-09,104,46,1,1,3,10,4,10,2022-01-09 02:14:00,2022-01-09 05:32:00,2022-01-09 07:40:00,13.014605,76.183345,Masked FIR summary for cyber fraud case 0208.
209,100060029202000001,202000001,2020-10-01,65,29,1,1,2,7,2,6,2020-09-29 02:40:00,2020-09-29 05:45:00,2020-09-29 07:27:00,15.851337,74.597289,Masked FIR summary for burglary case 0209.
210,100100044202100001,202100001,2021-05-02,99,44,1,1,2,7,4,10,2021-05-01 13:39:00,2021-05-01 15:22:00,2021-05-01 15:43:00,13.008456,76.079575,Masked FIR summary for burglary case 0210.
211,100070034202400002,202400002,2024-11-13,76,34,1,1,5,14,2,7,2024-11-11 04:25:00,2024-11-11 05:53:00,2024-11-11 06:41:00,17.294269,76.795855,Masked FIR summary for unlawful assembly case 0211.
212,100050025202000002,202000002,2020-10-09,56,25,1,1,5,14,2,5,2020-10-05 12:22:00,2020-10-05 15:33:00,2020-10-05 17:51:00,12.735666,74.888853,Masked FIR summary for unlawful assembly case 0212.
213,100050025202500001,202500001,2025-09-15,55,25,1,1,2,8,5,5,2025-09-13 14:55:00,2025-09-13 16:16:00,2025-09-13 18:22:00,12.757866,74.932589,Masked FIR summary for vandalism case 0213.
214,100120053202300001,202300001,2023-05-21,120,53,1,1,3,10,4,12,2023-05-18 19:12:00,2023-05-18 23:07:00,2023-05-18 23:59:00,13.370669,74.815149,Masked FIR summary for cyber fraud case 0214.
215,100120052202400003,202400003,2024-05-12,115,52,1,2,1,3,2,12,2024-05-10 22:26:00,2024-05-11 01:55:00,2024-05-11 04:42:00,13.307277,74.68498,Masked FIR summary for kidnapping case 0215.
216,100040019202100001,202100001,2021-11-29,40,19,1,2,1,1,3,4,2021-11-25 08:02:00,2021-11-25 11:00:00,2021-11-25 13:01:00,13.30471,77.119921,Masked FIR summary for murder case 0216.
217,100010004202500001,202500001,2025-02-24,6,4,1,2,4,13,2,1,2025-02-20 11:26:00,2025-02-20 12:03:00,2025-02-20 13:40:00,12.982924,77.629709,Masked FIR summary for drug trafficking case 0217.
218,100060028202200002,202200002,2022-06-01,61,28,1,1,2,5,4,6,2022-05-29 07:15:00,2022-05-29 09:22:00,2022-05-29 11:31:00,15.937892,74.465284,Masked FIR summary for theft case 0218.
219,100070032202400002,202400002,2024-08-25,72,32,1,2,4,13,6,7,2024-08-24 06:51:00,2024-08-24 08:45:00,2024-08-24 10:36:00,17.42593,76.864666,Masked FIR summary for drug trafficking case 0219.
220,100010006202000001,202000001,2020-06-03,10,6,1,1,5,15,4,1,2020-06-03 10:19:00,2020-06-03 14:12:00,2020-06-03 16:17:00,13.055617,77.548337,Masked FIR summary for rioting case 0220.
221,100050023202100001,202100001,2021-04-12,49,23,1,1,2,5,2,5,2021-04-10 23:41:00,2021-04-11 02:29:00,2021-04-11 03:48:00,12.860056,75.003495,Masked FIR summary for theft case 0221.
222,100090040202000002,202000002,2020-06-25,89,40,1,2,1,1,3,9,2020-06-25 15:58:00,2020-06-25 17:22:00,2020-06-25 17:52:00,15.212349,76.981297,Masked FIR summary for murder case 0222.
223,100010007202200002,202200002,2022-09-09,14,7,1,2,2,6,1,1,2022-09-07 13:46:00,2022-09-07 14:36:00,2022-09-07 15:46:00,12.993011,77.493654,Masked FIR summary for robbery case 0223.
224,100110050202300002,202300002,2023-07-18,114,50,1,1,3,9,3,11,2023-07-15 20:04:00,2023-07-15 22:43:00,2023-07-16 01:14:00,13.926441,75.629522,Masked FIR summary for fraud case 0224.
225,100090040202100002,202100002,2021-05-01,90,40,1,2,1,1,5,9,2021-04-28 21:58:00,2021-04-29 00:14:00,2021-04-29 02:03:00,15.249641,76.983107,Masked FIR summary for murder case 0225.
226,800060028202500001,202500001,2025-10-07,63,28,8,1,2,7,3,6,2025-10-03 05:17:00,2025-10-03 08:29:00,2025-10-03 10:30:00,15.86895,74.397971,Masked FIR summary for burglary case 0226.
227,100040019202000001,202000001,2020-07-15,40,19,1,2,1,1,2,4,2020-07-12 16:44:00,2020-07-12 19:10:00,2020-07-12 19:23:00,13.325774,77.108521,Masked FIR summary for murder case 0227.
228,100080036202000005,202000005,2020-05-20,81,36,1,1,4,12,5,8,2020-05-19 06:02:00,2020-05-19 07:36:00,2020-05-19 10:27:00,15.574653,75.041609,Masked FIR summary for drug possession case 0228.
229,100010008202100002,202100002,2021-11-25,18,8,1,1,1,2,2,1,2021-11-20 15:49:00,2021-11-20 16:11:00,2021-11-20 17:45:00,12.956002,77.63357,Masked FIR summary for assault case 0229.
230,100030014202400002,202400002,2024-11-06,29,14,1,1,2,8,3,3,2024-11-04 21:50:00,2024-11-04 23:40:00,2024-11-05 01:18:00,12.343482,76.65661,Masked FIR summary for vandalism case 0230.
231,100080037202200002,202200002,2022-10-28,83,37,1,2,1,3,5,8,2022-10-27 12:51:00,2022-10-27 16:39:00,2022-10-27 17:57:00,15.375873,75.004215,Masked FIR summary for kidnapping case 0231.
232,100110049202300002,202300002,2023-12-28,110,49,1,1,5,15,2,11,2023-12-27 06:39:00,2023-12-27 08:47:00,2023-12-27 11:04:00,13.948564,75.519077,Masked FIR summary for rioting case 0232.
233,100020012202300003,202300003,2023-02-21,27,12,1,1,5,15,5,2,2023-02-18 13:49:00,2023-02-18 16:02:00,2023-02-18 18:26:00,13.174055,77.520787,Masked FIR summary for rioting case 0233.
234,100050023202400002,202400002,2024-10-30,51,23,1,1,2,5,3,5,2024-10-29 18:52:00,2024-10-29 20:43:00,2024-10-29 22:38:00,12.84732,74.937397,Masked FIR summary for theft case 0234.
235,100080038202300001,202300001,2023-11-14,86,38,1,2,2,6,3,8,2023-11-11 08:19:00,2023-11-11 09:16:00,2023-11-11 11:38:00,15.400991,74.994901,Masked FIR summary for robbery case 0235.
236,100080038202400004,202400004,2024-11-16,85,38,1,2,4,13,2,8,2024-11-12 23:10:00,2024-11-13 01:54:00,2024-11-13 03:10:00,15.400758,74.938299,Masked FIR summary for drug trafficking case 0236.
237,100030015202100001,202100001,2021-10-19,31,15,1,2,1,3,3,3,2021-10-15 00:24:00,2021-10-15 03:10:00,2021-10-15 04:09:00,12.350247,76.566059,Masked FIR summary for kidnapping case 0237.
238,100020010202500001,202500001,2025-02-19,20,10,1,2,1,3,4,2,2025-02-17 06:00:00,2025-02-17 07:33:00,2025-02-17 07:50:00,13.221956,77.452748,Masked FIR summary for kidnapping case 0238.
239,100070033202100002,202100002,2021-02-15,75,33,1,1,2,8,2,7,2021-02-13 19:09:00,2021-02-13 23:07:00,2021-02-14 01:35:00,17.227586,76.818571,Masked FIR summary for vandalism case 0239.
240,100030014202500001,202500001,2025-08-07,29,14,1,2,1,3,2,3,2025-08-06 01:26:00,2025-08-06 03:08:00,2025-08-06 04:34:00,12.33684,76.661924,Masked FIR summary for kidnapping case 0240.
241,100060030202400001,202400001,2024-11-25,67,30,1,1,2,7,4,6,2024-11-21 02:01:00,2024-11-21 03:49:00,2024-11-21 04:44:00,15.756072,74.491818,Masked FIR summary for burglary case 0241.
242,100030016202100001,202100001,2021-11-17,36,16,1,2,4,13,2,3,2021-11-14 06:46:00,2021-11-14 07:05:00,2021-11-14 10:02:00,12.268251,76.717238,Masked FIR summary for drug trafficking case 0242.
243,100020012202000003,202000003,2020-04-02,25,12,1,1,5,14,4,2,2020-03-30 17:16:00,2020-03-30 18:22:00,2020-03-30 20:52:00,13.11382,77.46961,Masked FIR summary for unlawful assembly case 0243.
244,100010006202300001,202300001,2023-06-22,12,6,1,2,4,13,6,1,2023-06-17 11:02:00,2023-06-17 13:07:00,2023-06-17 14:58:00,13.016076,77.538019,Masked FIR summary for drug trafficking case 0244.
245,100110049202400002,202400002,2024-03-04,110,49,1,1,3,10,2,11,2024-02-29 20:10:00,2024-02-29 21:11:00,2024-02-29 21:43:00,13.915176,75.523448,Masked FIR summary for cyber fraud case 0245.
246,400020010202000001,202000001,2020-02-19,21,10,4,2,1,1,2,2,2020-02-17 17:49:00,2020-02-17 19:29:00,2020-02-17 22:26:00,13.288292,77.451338,Masked FIR summary for murder case 0246.
247,100100044202000003,202000003,2020-07-30,99,44,1,1,5,15,5,10,2020-07-26 14:11:00,2020-07-26 14:36:00,2020-07-26 15:48:00,12.950014,76.053502,Masked FIR summary for rioting case 0247.
248,100050023202400003,202400003,2024-09-09,50,23,1,1,1,2,3,5,2024-09-08 16:31:00,2024-09-08 19:01:00,2024-09-08 20:36:00,12.849014,75.013012,Masked FIR summary for assault case 0248.
249,100100045202200002,202200002,2022-01-30,102,45,1,1,2,7,3,10,2022-01-30 02:23:00,2022-01-30 03:32:00,2022-01-30 04:35:00,13.065279,76.197693,Masked FIR summary for burglary case 0249.
250,100070032202200001,202200001,2022-09-24,70,32,1,2,1,3,2,7,2022-09-21 00:56:00,2022-09-21 01:21:00,2022-09-21 04:16:00,17.374988,76.84001,Masked FIR summary for kidnapping case 0250.
251,100120053202300002,202300002,2023-04-30,120,53,1,1,5,14,6,12,2023-04-28 07:14:00,2023-04-28 08:53:00,2023-04-28 10:08:00,13.321354,74.779884,Masked FIR summary for unlawful assembly case 0251.
252,100040020202500002,202500002,2025-04-01,45,20,1,2,1,1,5,4,2025-03-29 13:04:00,2025-03-29 15:59:00,2025-03-29 17:37:00,13.338788,77.089107,Masked FIR summary for murder case 0252.
253,100030014202400003,202400003,2024-12-28,29,14,1,1,5,14,3,3,2024-12-26 20:43:00,2024-12-26 22:08:00,2024-12-27 00:44:00,12.350727,76.688538,Masked FIR summary for unlawful assembly case 0253.
254,100040019202300002,202300002,2023-02-09,42,19,1,2,1,4,2,4,2023-02-06 09:40:00,2023-02-06 10:56:00,2023-02-06 11:45:00,13.318938,77.064593,Masked FIR summary for sexual assault case 0254.
255,100050023202500001,202500001,2025-01-16,49,23,1,1,1,2,2,5,2025-01-14 12:09:00,2025-01-14 12:50:00,2025-01-14 15:35:00,12.838126,75.010649,Masked FIR summary for assault case 0255.
256,100030016202500001,202500001,2025-06-25,34,16,1,2,4,13,3,3,2025-06-25 00:21:00,2025-06-25 01:33:00,2025-06-25 04:10:00,12.253715,76.730944,Masked FIR summary for drug trafficking case 0256.
257,100110049202200003,202200003,2022-02-15,109,49,1,1,3,9,6,11,2022-02-13 01:43:00,2022-02-13 03:15:00,2022-02-13 03:24:00,13.904098,75.535638,Masked FIR summary for fraud case 0257.
258,100060028202100001,202100001,2021-07-15,62,28,1,1,3,11,4,6,2021-07-15 04:04:00,2021-07-15 06:54:00,2021-07-15 08:01:00,15.913182,74.43446,Masked FIR summary for cheque fraud case 0258.
259,100100045202300001,202300001,2023-04-01,102,45,1,1,3,10,4,10,2023-04-01 07:39:00,2023-04-01 08:33:00,2023-04-01 10:14:00,12.97666,76.150348,Masked FIR summary for cyber fraud case 0259.
260,100020010202300001,202300001,2023-10-05,19,10,1,2,2,6,4,2,2023-10-04 17:52:00,2023-10-04 20:19:00,2023-10-04 22:06:00,13.252231,77.536566,Masked FIR summary for robbery case 0260.
261,100110049202500001,202500001,2025-05-17,111,49,1,2,2,6,5,11,2025-05-15 18:28:00,2025-05-15 19:02:00,2025-05-15 19:56:00,13.993979,75.558889,Masked FIR summary for robbery case 0261.
262,100010004202500002,202500002,2025-10-13,5,4,1,1,2,5,5,1,2025-10-12 08:59:00,2025-10-12 10:12:00,2025-10-12 11:50:00,12.96446,77.69079,Masked FIR summary for theft case 0262.
263,100050024202200003,202200003,2022-08-27,53,24,1,2,1,1,2,5,2022-08-27 08:23:00,2022-08-27 10:53:00,2022-08-27 13:36:00,12.865327,75.004709,Masked FIR summary for murder case 0263.
264,400020010202000002,202000002,2020-06-27,20,10,4,1,4,12,3,2,2020-06-27 16:07:00,2020-06-27 16:57:00,2020-06-27 17:12:00,13.249277,77.442062,Masked FIR summary for drug possession case 0264.
265,400040020202400001,202400001,2024-02-12,43,20,4,1,4,12,2,4,2024-02-10 13:17:00,2024-02-10 13:42:00,2024-02-10 16:13:00,13.388162,77.062328,Masked FIR summary for drug possession case 0265.
266,100040020202200001,202200001,2022-05-18,44,20,1,2,1,1,2,4,2022-05-14 23:24:00,2022-05-15 02:51:00,2022-05-15 05:19:00,13.359221,77.073092,Masked FIR summary for murder case 0266.
267,100060030202400002,202400002,2024-12-02,68,30,1,1,2,7,2,6,2024-11-29 21:05:00,2024-11-29 22:20:00,2024-11-29 23:45:00,15.743783,74.463432,Masked FIR summary for burglary case 0267.
268,100100045202100001,202100001,2021-11-30,100,45,1,1,3,10,2,10,2021-11-26 08:27:00,2021-11-26 12:03:00,2021-11-26 14:47:00,12.981855,76.171709,Masked FIR summary for cyber fraud case 0268.
269,100070033202500001,202500001,2025-07-15,73,33,1,1,3,10,3,7,2025-07-15 09:16:00,2025-07-15 12:50:00,2025-07-15 13:09:00,17.245489,76.752874,Masked FIR summary for cyber fraud case 0269.
270,100110049202100003,202100003,2021-10-05,109,49,1,1,1,2,6,11,2021-09-30 10:47:00,2021-09-30 11:08:00,2021-09-30 11:52:00,13.93813,75.591442,Masked FIR summary for assault case 0270.
271,100010003202500002,202500002,2025-08-12,2,3,1,1,2,7,1,1,2025-08-09 01:44:00,2025-08-09 03:46:00,2025-08-09 05:50:00,12.920417,77.489445,Masked FIR summary for burglary case 0271.
272,100050024202400002,202400002,2024-11-01,52,24,1,2,2,6,3,5,2024-10-30 04:36:00,2024-10-30 05:19:00,2024-10-30 06:35:00,12.946638,75.01886,Masked FIR summary for robbery case 0272.
273,100100046202200003,202200003,2022-11-29,103,46,1,1,5,14,5,10,2022-11-27 05:55:00,2022-11-27 09:32:00,2022-11-27 09:39:00,12.959461,76.167504,Masked FIR summary for unlawful assembly case 0273.
274,100070032202100001,202100001,2021-06-10,70,32,1,1,5,15,3,7,2021-06-06 23:24:00,2021-06-07 00:59:00,2021-06-07 02:04:00,17.42546,76.879015,Masked FIR summary for rioting case 0274.
275,100010007202300004,202300004,2023-06-09,14,7,1,1,2,5,3,1,2023-06-08 17:08:00,2023-06-08 19:13:00,2023-06-08 22:02:00,13.020442,77.493581,Masked FIR summary for theft case 0275.
276,100020011202400002,202400002,2024-02-03,24,11,1,1,5,15,2,2,2024-02-03 03:00:00,2024-02-03 04:39:00,2024-02-03 04:46:00,13.213004,77.509811,Masked FIR summary for rioting case 0276.
277,100010004202100001,202100001,2021-03-21,5,4,1,2,1,3,3,1,2021-03-18 08:00:00,2021-03-18 11:00:00,2021-03-18 11:39:00,13.029913,77.690729,Masked FIR summary for kidnapping case 0277.
278,100050024202500001,202500001,2025-04-07,53,24,1,2,4,13,3,5,2025-04-06 12:18:00,2025-04-06 13:34:00,2025-04-06 14:25:00,12.904544,75.01756,Masked FIR summary for drug trafficking case 0278.
279,100030017202300002,202300002,2023-02-03,39,17,1,1,3,9,5,3,2023-02-02 07:54:00,2023-02-02 11:30:00,2023-02-02 12:15:00,12.25977,76.685789,Masked FIR summary for fraud case 0279.
280,400050025202400001,202400001,2024-05-07,57,25,4,1,4,12,2,5,2024-05-03 05:32:00,2024-05-03 07:44:00,2024-05-03 08:05:00,12.725773,74.895116,Masked FIR summary for drug possession case 0280.
281,100030015202400001,202400001,2024-12-02,33,15,1,2,2,6,2,3,2024-11-29 13:14:00,2024-11-29 15:34:00,2024-11-29 17:12:00,12.337696,76.581933,Masked FIR summary for robbery case 0281.
282,400120054202500001,202500001,2025-06-05,122,54,4,1,1,2,2,12,2025-06-03 06:10:00,2025-06-03 09:47:00,2025-06-03 12:09:00,13.257761,74.709722,Masked FIR summary for assault case 0282.
283,100050025202000003,202000003,2020-08-22,57,25,1,2,1,1,3,5,2020-08-18 01:48:00,2020-08-18 04:18:00,2020-08-18 06:36:00,12.791618,74.889181,Masked FIR summary for murder case 0283.
284,100120052202100003,202100003,2021-04-02,115,52,1,1,2,8,4,12,2021-03-31 15:20:00,2021-03-31 17:06:00,2021-03-31 17:28:00,13.334165,74.71765,Masked FIR summary for vandalism case 0284.
285,100010004202000001,202000001,2020-07-06,6,4,1,2,1,3,2,1,2020-07-04 18:30:00,2020-07-04 19:42:00,2020-07-04 21:42:00,13.042409,77.681809,Masked FIR summary for kidnapping case 0285.
286,100010005202400002,202400002,2024-06-30,7,5,1,2,1,4,2,1,2024-06-29 11:04:00,2024-06-29 11:42:00,2024-06-29 11:47:00,12.892649,77.494843,Masked FIR summary for sexual assault case 0286.
287,100040019202400001,202400001,2024-02-03,40,19,1,2,1,4,5,4,2024-02-01 01:59:00,2024-02-01 04:13:00,2024-02-01 05:18:00,13.270725,77.065808,Masked FIR summary for sexual assault case 0287.
288,100110048202500001,202500001,2025-11-28,106,48,1,2,4,13,3,11,2025-11-26 01:23:00,2025-11-26 05:03:00,2025-11-26 05:32:00,13.985492,75.571733,Masked FIR summary for drug trafficking case 0288.
289,100010008202100003,202100003,2021-08-13,18,8,1,2,1,1,1,1,2021-08-11 01:26:00,2021-08-11 02:20:00,2021-08-11 02:47:00,12.982586,77.6216,Masked FIR summary for murder case 0289.
290,100100046202000004,202000004,2020-02-11,103,46,1,2,4,13,3,10,2020-02-11 00:05:00,2020-02-11 00:38:00,2020-02-11 02:17:00,12.944214,76.120583,Masked FIR summary for drug trafficking case 0290.
291,100030016202100002,202100002,2021-10-10,35,16,1,1,2,8,3,3,2021-10-07 05:20:00,2021-10-07 06:27:00,2021-10-07 08:31:00,12.275187,76.676244,Masked FIR summary for vandalism case 0291.
292,100050024202100002,202100002,2021-05-27,53,24,1,2,4,13,3,5,2021-05-22 20:32:00,2021-05-22 23:07:00,2021-05-23 00:44:00,12.914835,74.943905,Masked FIR summary for drug trafficking case 0292.
293,100110049202000001,202000001,2020-01-12,111,49,1,1,3,10,3,11,2020-01-11 11:04:00,2020-01-11 13:08:00,2020-01-11 16:00:00,13.982981,75.508737,Masked FIR summary for cyber fraud case 0293.
294,100060029202200001,202200001,2022-09-13,65,29,1,1,4,12,2,6,2022-09-11 07:07:00,2022-09-11 09:12:00,2022-09-11 11:17:00,15.916328,74.59344,Masked FIR summary for drug possession case 0294.
295,100060028202000001,202000001,2020-01-16,61,28,1,2,2,6,4,6,2020-01-12 09:25:00,2020-01-12 11:38:00,2020-01-12 14:08:00,15.866383,74.45695,Masked FIR summary for robbery case 0295.
296,100010007202300005,202300005,2023-03-30,14,7,1,1,5,15,3,1,2023-03-29 16:03:00,2023-03-29 17:07:00,2023-03-29 18:46:00,13.018267,77.514362,Masked FIR summary for rioting case 0296.
297,100030016202400001,202400001,2024-06-01,34,16,1,1,5,14,3,3,2024-05-31 03:48:00,2024-05-31 04:44:00,2024-05-31 07:08:00,12.306592,76.67824,Masked FIR summary for unlawful assembly case 0297.
298,100050024202000001,202000001,2020-08-11,53,24,1,1,3,9,4,5,2020-08-07 04:59:00,2020-08-07 07:01:00,2020-08-07 08:17:00,12.89712,74.949853,Masked FIR summary for fraud case 0298.
299,100030017202200002,202200002,2022-03-19,38,17,1,1,3,10,2,3,2022-03-17 21:04:00,2022-03-18 00:30:00,2022-03-18 01:50:00,12.310628,76.639059,Masked FIR summary for cyber fraud case 0299.
300,100070032202200002,202200002,2022-02-10,70,32,1,1,2,8,3,7,2022-02-09 13:19:00,2022-02-09 15:41:00,2022-02-09 18:14:00,17.364898,76.823498,Masked FIR summary for vandalism case 0300.
301,100020012202500001,202500001,2025-02-11,27,12,1,1,3,9,3,2,2025-02-09 14:06:00,2025-02-09 17:09:00,2025-02-09 18:26:00,13.130626,77.566013,Masked FIR summary for fraud case 0301.
302,100090042202300002,202300002,2023-08-08,95,42,1,1,3,11,2,9,2023-08-04 19:54:00,2023-08-04 20:09:00,2023-08-04 22:29:00,15.068225,76.848295,Masked FIR summary for cheque fraud case 0302.
303,100050023202500002,202500002,2025-02-28,49,23,1,1,3,9,3,5,2025-02-28 00:41:00,2025-02-28 02:26:00,2025-02-28 04:52:00,12.783141,74.980801,Masked FIR summary for fraud case 0303.
304,100090042202000002,202000002,2020-02-23,95,42,1,2,4,13,5,9,2020-02-19 05:58:00,2020-02-19 07:30:00,2020-02-19 07:38:00,15.063575,76.79509,Masked FIR summary for drug trafficking case 0304.
305,300060030202200001,202200001,2022-08-26,67,30,3,1,3,10,2,6,2022-08-23 15:58:00,2022-08-23 17:11:00,2022-08-23 18:04:00,15.765979,74.486801,Masked FIR summary for cyber fraud case 0305.
306,100030017202300003,202300003,2023-03-13,39,17,1,1,2,7,2,3,2023-03-11 01:22:00,2023-03-11 02:11:00,2023-03-11 02:47:00,12.322282,76.627518,Masked FIR summary for burglary case 0306.
307,100120053202200001,202200001,2022-09-17,118,53,1,1,5,15,2,12,2022-09-14 19:04:00,2022-09-14 22:08:00,2022-09-14 22:46:00,13.419859,74.839618,Masked FIR summary for rioting case 0307.
308,100030015202100002,202100002,2021-05-18,33,15,1,1,4,12,3,3,2021-05-16 22:11:00,2021-05-16 23:13:00,2021-05-17 01:59:00,12.368311,76.540378,Masked FIR summary for drug possession case 0308.
309,100010004202000002,202000002,2020-03-22,6,4,1,1,4,12,5,1,2020-03-19 11:18:00,2020-03-19 13:01:00,2020-03-19 15:07:00,12.984587,77.612732,Masked FIR summary for drug possession case 0309.
310,100020012202500002,202500002,2025-06-20,26,12,1,1,3,11,3,2,2025-06-16 18:33:00,2025-06-16 20:59:00,2025-06-16 21:12:00,13.157847,77.488767,Masked FIR summary for cheque fraud case 0310.
311,100040020202500003,202500003,2025-05-07,43,20,1,1,1,2,3,4,2025-05-07 04:21:00,2025-05-07 05:40:00,2025-05-07 07:54:00,13.359989,77.105644,Masked FIR summary for assault case 0311.
312,100010005202200003,202200003,2022-11-22,7,5,1,2,4,13,1,1,2022-11-19 17:26:00,2022-11-19 20:56:00,2022-11-19 21:21:00,12.878185,77.555962,Masked FIR summary for drug trafficking case 0312.
313,400100044202100001,202100001,2021-08-07,98,44,4,1,5,15,5,10,2021-08-02 09:06:00,2021-08-02 10:16:00,2021-08-02 11:00:00,12.987944,76.058168,Masked FIR summary for rioting case 0313.
314,100040020202000003,202000003,2020-02-27,43,20,1,2,1,3,5,4,2020-02-27 12:25:00,2020-02-27 14:30:00,2020-02-27 17:24:00,13.341876,77.139928,Masked FIR summary for kidnapping case 0314.
315,100040021202400001,202400001,2024-09-11,48,21,1,1,3,10,3,4,2024-09-06 23:13:00,2024-09-06 23:45:00,2024-09-07 02:15:00,13.320553,77.075094,Masked FIR summary for cyber fraud case 0315.
316,100020011202400003,202400003,2024-08-28,22,11,1,1,2,8,4,2,2024-08-24 10:55:00,2024-08-24 12:34:00,2024-08-24 14:54:00,13.24789,77.459518,Masked FIR summary for vandalism case 0316.
317,100110050202000002,202000002,2020-09-18,112,50,1,1,3,9,3,11,2020-09-16 03:23:00,2020-09-16 04:20:00,2020-09-16 06:00:00,13.980829,75.61426,Masked FIR summary for fraud case 0317.
318,100050025202400001,202400001,2024-08-18,56,25,1,2,2,6,4,5,2024-08-17 06:59:00,2024-08-17 07:40:00,2024-08-17 08:46:00,12.823241,74.896929,Masked FIR summary for robbery case 0318.
319,100010004202300001,202300001,2023-07-30,5,4,1,1,2,7,4,1,2023-07-29 19:14:00,2023-07-29 20:07:00,2023-07-29 20:55:00,13.001004,77.67821,Masked FIR summary for burglary case 0319.
320,100060029202500001,202500001,2025-09-16,65,29,1,2,4,13,2,6,2025-09-13 08:15:00,2025-09-13 10:27:00,2025-09-13 11:21:00,15.92809,74.511171,Masked FIR summary for drug trafficking case 0320.
321,100010003202200001,202200001,2022-11-22,1,3,1,2,1,1,4,1,2022-11-19 06:40:00,2022-11-19 07:14:00,2022-11-19 08:49:00,12.895858,77.569816,Masked FIR summary for murder case 0321.
322,100010004202200001,202200001,2022-07-01,4,4,1,1,2,8,3,1,2022-06-29 17:31:00,2022-06-29 18:29:00,2022-06-29 20:14:00,12.956972,77.68635,Masked FIR summary for vandalism case 0322.
323,100120052202300004,202300004,2023-01-24,115,52,1,1,3,10,6,12,2023-01-21 08:17:00,2023-01-21 10:26:00,2023-01-21 12:53:00,13.30215,74.680635,Masked FIR summary for cyber fraud case 0323.
324,100030015202400002,202400002,2024-05-21,31,15,1,1,3,10,2,3,2024-05-18 00:51:00,2024-05-18 02:13:00,2024-05-18 03:51:00,12.38833,76.577358,Masked FIR summary for cyber fraud case 0324.
325,100010006202300002,202300002,2023-03-10,10,6,1,1,5,14,3,1,2023-03-08 10:42:00,2023-03-08 12:32:00,2023-03-08 15:32:00,13.01348,77.582033,Masked FIR summary for unlawful assembly case 0325.
326,400040020202300001,202300001,2023-04-01,44,20,4,2,1,4,2,4,2023-03-31 07:15:00,2023-03-31 07:42:00,2023-03-31 09:03:00,13.299444,77.100581,Masked FIR summary for sexual assault case 0326.
327,100020011202300001,202300001,2023-08-27,22,11,1,1,1,2,3,2,2023-08-23 23:35:00,2023-08-24 00:13:00,2023-08-24 02:31:00,13.238687,77.525135,Masked FIR summary for assault case 0327.
328,100100044202300002,202300002,2023-02-15,99,44,1,1,2,8,3,10,2023-02-13 05:39:00,2023-02-13 09:12:00,2023-02-13 10:37:00,12.992164,76.019199,Masked FIR summary for vandalism case 0328.
329,100030017202500001,202500001,2025-08-26,37,17,1,1,5,14,2,3,2025-08-21 12:32:00,2025-08-21 16:32:00,2025-08-21 18:47:00,12.290015,76.625511,Masked FIR summary for unlawful assembly case 0329.
330,100030017202000001,202000001,2020-09-01,37,17,1,1,3,11,2,3,2020-08-27 23:43:00,2020-08-28 00:42:00,2020-08-28 03:17:00,12.246028,76.638624,Masked FIR summary for cheque fraud case 0330.
331,300010007202400001,202400001,2024-09-23,14,7,3,1,3,9,2,1,2024-09-19 05:56:00,2024-09-19 07:58:00,2024-09-19 08:58:00,12.998478,77.543165,Masked FIR summary for fraud case 0331.
332,100110048202500002,202500002,2025-11-23,107,48,1,1,3,9,4,11,2025-11-21 03:13:00,2025-11-21 06:02:00,2025-11-21 07:10:00,13.965405,75.522736,Masked FIR summary for fraud case 0332.
333,100090041202300001,202300001,2023-01-04,93,41,1,1,3,11,4,9,2022-12-31 02:06:00,2022-12-31 03:55:00,2022-12-31 05:34:00,15.053809,76.983642,Masked FIR summary for cheque fraud case 0333.
334,100120054202400001,202400001,2024-07-22,122,54,1,1,3,10,3,12,2024-07-19 09:05:00,2024-07-19 10:45:00,2024-07-19 12:13:00,13.285535,74.726483,Masked FIR summary for cyber fraud case 0334.
335,400040020202000001,202000001,2020-02-19,45,20,4,1,4,12,4,4,2020-02-15 04:08:00,2020-02-15 06:46:00,2020-02-15 06:58:00,13.389002,77.088663,Masked FIR summary for drug possession case 0335.
336,100030016202000003,202000003,2020-02-07,36,16,1,1,5,14,1,3,2020-02-04 15:44:00,2020-02-04 19:20:00,2020-02-04 20:40:00,12.253741,76.719341,Masked FIR summary for unlawful assembly case 0336.
337,100010004202300002,202300002,2023-07-13,4,4,1,1,2,5,3,1,2023-07-09 10:04:00,2023-07-09 13:04:00,2023-07-09 13:56:00,13.018673,77.625344,Masked FIR summary for theft case 0337.
338,100050025202100001,202100001,2021-02-26,56,25,1,1,2,8,3,5,2021-02-23 21:44:00,2021-02-23 23:58:00,2021-02-24 00:08:00,12.779725,74.927266,Masked FIR summary for vandalism case 0338.
339,100100045202200003,202200003,2022-09-15,100,45,1,1,3,10,4,10,2022-09-12 12:11:00,2022-09-12 13:00:00,2022-09-12 15:52:00,13.024948,76.200738,Masked FIR summary for cyber fraud case 0339.
340,800090042202300001,202300001,2023-08-01,96,42,8,1,2,8,4,9,2023-08-01 09:21:00,2023-08-01 10:47:00,2023-08-01 11:20:00,15.034945,76.839336,Masked FIR summary for vandalism case 0340.
341,400100046202300001,202300001,2023-07-24,103,46,4,1,5,15,3,10,2023-07-23 14:52:00,2023-07-23 17:19:00,2023-07-23 18:03:00,12.930641,76.200837,Masked FIR summary for rioting case 0341.
342,100110048202300001,202300001,2023-07-17,106,48,1,1,5,15,5,11,2023-07-17 09:34:00,2023-07-17 13:20:00,2023-07-17 14:07:00,13.943326,75.558885,Masked FIR summary for rioting case 0342.
343,100010008202500003,202500003,2025-08-28,16,8,1,1,5,15,1,1,2025-08-25 16:38:00,2025-08-25 20:14:00,2025-08-25 22:03:00,12.991163,77.592866,Masked FIR summary for rioting case 0343.
344,100060029202500002,202500002,2025-12-09,65,29,1,2,1,1,3,6,2025-12-07 22:06:00,2025-12-08 01:54:00,2025-12-08 03:54:00,15.872975,74.532373,Masked FIR summary for murder case 0344.
345,100080036202400001,202400001,2024-02-19,80,36,1,1,5,15,2,8,2024-02-16 08:00:00,2024-02-16 08:29:00,2024-02-16 10:59:00,15.490642,75.046607,Masked FIR summary for rioting case 0345.
346,100020011202400004,202400004,2024-11-28,24,11,1,2,2,6,4,2,2024-11-26 22:36:00,2024-11-27 00:16:00,2024-11-27 02:36:00,13.173275,77.542259,Masked FIR summary for robbery case 0346.
347,400040020202300002,202300002,2023-09-16,44,20,4,1,3,10,1,4,2023-09-13 02:35:00,2023-09-13 04:23:00,2023-09-13 05:53:00,13.376717,77.123284,Masked FIR summary for cyber fraud case 0347.
348,100040021202200001,202200001,2022-04-12,48,21,1,1,1,2,3,4,2022-04-10 08:05:00,2022-04-10 08:51:00,2022-04-10 10:52:00,13.379453,77.090589,Masked FIR summary for assault case 0348.
349,100030016202000004,202000004,2020-07-22,34,16,1,1,2,5,2,3,2020-07-20 13:59:00,2020-07-20 16:30:00,2020-07-20 18:54:00,12.263276,76.723532,Masked FIR summary for theft case 0349.
350,100050024202400003,202400003,2024-02-08,54,24,1,1,3,11,2,5,2024-02-07 13:14:00,2024-02-07 14:13:00,2024-02-07 14:37:00,12.883935,74.965088,Masked FIR summary for cheque fraud case 0350.
351,100040021202500002,202500002,2025-05-11,47,21,1,1,2,8,1,4,2025-05-08 10:15:00,2025-05-08 11:56:00,2025-05-08 14:25:00,13.307173,77.107086,Masked FIR summary for vandalism case 0351.
352,400090042202200001,202200001,2022-01-25,94,42,4,1,3,10,3,9,2022-01-24 20:58:00,2022-01-25 00:13:00,2022-01-25 00:39:00,15.080271,76.852625,Masked FIR summary for cyber fraud case 0352.
353,100110050202400001,202400001,2024-09-15,112,50,1,2,1,1,2,11,2024-09-10 10:36:00,2024-09-10 12:19:00,2024-09-10 14:16:00,13.927797,75.648671,Masked FIR summary for murder case 0353.
354,100060028202400001,202400001,2024-01-28,63,28,1,2,1,3,4,6,2024-01-23 17:06:00,2024-01-23 19:21:00,2024-01-23 20:33:00,15.929034,74.483397,Masked FIR summary for kidnapping case 0354.
355,100110049202500002,202500002,2025-03-05,109,49,1,1,3,10,2,11,2025-02-28 17:45:00,2025-02-28 21:03:00,2025-02-28 23:20:00,13.901403,75.545522,Masked FIR summary for cyber fraud case 0355.
356,100050024202000002,202000002,2020-08-21,53,24,1,1,1,2,3,5,2020-08-18 03:20:00,2020-08-18 05:18:00,2020-08-18 06:31:00,12.906854,74.937886,Masked FIR summary for assault case 0356.
357,100080038202300002,202300002,2023-02-26,85,38,1,1,2,7,4,8,2023-02-22 14:00:00,2023-02-22 17:43:00,2023-02-22 19:52:00,15.428153,74.974472,Masked FIR summary for burglary case 0357.
358,100120054202500001,202500001,2025-07-04,121,54,1,1,5,14,3,12,2025-06-30 07:43:00,2025-06-30 10:29:00,2025-06-30 12:36:00,13.270465,74.753626,Masked FIR summary for unlawful assembly case 0358.
359,100090042202100001,202100001,2021-02-11,94,42,1,2,1,4,2,9,2021-02-07 01:07:00,2021-02-07 01:34:00,2021-02-07 03:53:00,15.025588,76.796263,Masked FIR summary for sexual assault case 0359.
360,100110049202300003,202300003,2023-04-26,111,49,1,1,2,7,6,11,2023-04-26 11:49:00,2023-04-26 12:44:00,2023-04-26 15:41:00,13.988192,75.52881,Masked FIR summary for burglary case 0360.
361,100060028202300002,202300002,2023-07-01,61,28,1,1,5,14,2,6,2023-06-27 21:21:00,2023-06-27 22:57:00,2023-06-28 00:03:00,15.879551,74.411055,Masked FIR summary for unlawful assembly case 0361.
362,100080037202100001,202100001,2021-01-01,83,37,1,1,2,8,2,8,2020-12-31 21:39:00,2020-12-31 23:23:00,2021-01-01 02:00:00,15.467884,74.965119,Masked FIR summary for vandalism case 0362.
363,100020010202100002,202100002,2021-03-18,19,10,1,2,2,6,2,2,2021-03-17 06:31:00,2021-03-17 08:48:00,2021-03-17 09:50:00,13.292328,77.475101,Masked FIR summary for robbery case 0363.
364,100110050202500003,202500003,2025-04-21,113,50,1,1,1,2,2,11,2025-04-18 15:20:00,2025-04-18 18:13:00,2025-04-18 18:18:00,13.922885,75.644796,Masked FIR summary for assault case 0364.
365,100010007202000002,202000002,2020-07-19,15,7,1,1,4,12,1,1,2020-07-15 13:40:00,2020-07-15 14:10:00,2020-07-15 14:29:00,12.997247,77.542294,Masked FIR summary for drug possession case 0365.
366,100080036202400002,202400002,2024-02-19,79,36,1,2,2,6,1,8,2024-02-18 13:45:00,2024-02-18 15:42:00,2024-02-18 17:16:00,15.526501,75.087565,Masked FIR summary for robbery case 0366.
367,100070034202000002,202000002,2020-01-02,77,34,1,2,1,1,3,7,2019-12-31 16:25:00,2019-12-31 17:15:00,2019-12-31 18:20:00,17.274017,76.750706,Masked FIR summary for murder case 0367.
368,100060030202300002,202300002,2023-09-16,69,30,1,1,3,10,2,6,2023-09-12 17:33:00,2023-09-12 21:24:00,2023-09-12 21:37:00,15.814118,74.429153,Masked FIR summary for cyber fraud case 0368.
369,100040019202000002,202000002,2020-01-19,40,19,1,1,5,15,2,4,2020-01-17 21:43:00,2020-01-17 23:02:00,2020-01-18 01:03:00,13.26121,77.074027,Masked FIR summary for rioting case 0369.
370,800030017202400001,202400001,2024-02-16,38,17,8,1,2,7,1,3,2024-02-13 00:29:00,2024-02-13 03:10:00,2024-02-13 05:34:00,12.339298,76.611046,Masked FIR summary for burglary case 0370.
371,100050024202000003,202000003,2020-07-18,53,24,1,1,3,9,3,5,2020-07-15 00:30:00,2020-07-15 01:14:00,2020-07-15 03:08:00,12.861956,74.953141,Masked FIR summary for fraud case 0371.
372,100070033202300001,202300001,2023-08-04,75,33,1,1,5,15,5,7,2023-07-31 03:13:00,2023-07-31 04:51:00,2023-07-31 06:50:00,17.262559,76.774223,Masked FIR summary for rioting case 0372.
373,100010007202200003,202200003,2022-01-23,13,7,1,1,2,8,2,1,2022-01-20 08:27:00,2022-01-20 10:28:00,2022-01-20 12:39:00,13.015552,77.502223,Masked FIR summary for vandalism case 0373.
374,400100046202100001,202100001,2021-02-22,104,46,4,1,3,9,3,10,2021-02-19 15:21:00,2021-02-19 18:34:00,2021-02-19 20:10:00,12.992456,76.21146,Masked FIR summary for fraud case 0374.
375,100100046202400001,202400001,2024-08-04,105,46,1,1,3,9,5,10,2024-08-02 15:39:00,2024-08-02 16:07:00,2024-08-02 16:27:00,12.938609,76.153507,Masked FIR summary for fraud case 0375.
376,100010007202000003,202000003,2020-11-28,13,7,1,1,5,15,3,1,2020-11-26 01:07:00,2020-11-26 02:22:00,2020-11-26 03:24:00,13.025598,77.540789,Masked FIR summary for rioting case 0376.
377,100100044202100002,202100002,2021-01-16,99,44,1,1,4,12,1,10,2021-01-15 07:55:00,2021-01-15 09:19:00,2021-01-15 11:48:00,12.935902,76.07031,Masked FIR summary for drug possession case 0377.
378,100040019202000003,202000003,2020-11-22,41,19,1,1,1,2,3,4,2020-11-18 01:22:00,2020-11-18 04:04:00,2020-11-18 05:16:00,13.302666,77.151777,Masked FIR summary for assault case 0378.
379,100070033202000001,202000001,2020-07-13,73,33,1,1,3,11,2,7,2020-07-09 05:32:00,2020-07-09 09:06:00,2020-07-09 12:02:00,17.261634,76.820304,Masked FIR summary for cheque fraud case 0379.
380,100090041202000001,202000001,2020-10-11,92,41,1,2,1,4,1,9,2020-10-10 04:39:00,2020-10-10 05:21:00,2020-10-10 06:17:00,15.067512,76.981362,Masked FIR summary for sexual assault case 0380.
381,100040019202000004,202000004,2020-06-16,40,19,1,1,4,12,6,4,2020-06-11 22:21:00,2020-06-12 00:27:00,2020-06-12 03:18:00,13.262294,77.115626,Masked FIR summary for drug possession case 0381.
382,400030015202000001,202000001,2020-01-09,32,15,4,2,1,1,2,3,2020-01-09 12:18:00,2020-01-09 16:14:00,2020-01-09 17:39:00,12.369798,76.607445,Masked FIR summary for murder case 0382.
383,100120052202300005,202300005,2023-02-18,116,52,1,2,2,6,6,12,2023-02-17 06:51:00,2023-02-17 08:41:00,2023-02-17 11:27:00,13.385624,74.736633,Masked FIR summary for robbery case 0383.
384,100050023202500003,202500003,2025-09-22,51,23,1,1,2,8,2,5,2025-09-18 07:14:00,2025-09-18 07:56:00,2025-09-18 09:30:00,12.784092,75.020623,Masked FIR summary for vandalism case 0384.
385,100120053202200002,202200002,2022-12-18,119,53,1,2,2,6,4,12,2022-12-15 11:16:00,2022-12-15 14:36:00,2022-12-15 15:55:00,13.35294,74.792922,Masked FIR summary for robbery case 0385.
386,100010006202000002,202000002,2020-06-23,10,6,1,1,2,5,2,1,2020-06-21 18:04:00,2020-06-21 20:19:00,2020-06-21 21:48:00,13.050502,77.566566,Masked FIR summary for theft case 0386.
387,100010007202000004,202000004,2020-11-23,13,7,1,2,2,6,3,1,2020-11-22 11:51:00,2020-11-22 13:00:00,2020-11-22 13:19:00,13.033849,77.569696,Masked FIR summary for robbery case 0387.
388,100050025202100002,202100002,2021-04-05,55,25,1,1,3,9,3,5,2021-04-04 22:53:00,2021-04-05 00:46:00,2021-04-05 02:59:00,12.729009,74.897629,Masked FIR summary for fraud case 0388.
389,100100044202200001,202200001,2022-03-11,97,44,1,1,4,12,4,10,2022-03-10 01:08:00,2022-03-10 03:57:00,2022-03-10 04:18:00,12.96896,76.098263,Masked FIR summary for drug possession case 0389.
390,400030016202500001,202500001,2025-02-09,34,16,4,1,3,11,3,3,2025-02-04 17:28:00,2025-02-04 20:50:00,2025-02-04 21:31:00,12.269673,76.686961,Masked FIR summary for cheque fraud case 0390.
391,100110050202000003,202000003,2020-05-02,112,50,1,2,1,3,2,11,2020-04-30 13:55:00,2020-04-30 15:07:00,2020-04-30 18:00:00,13.975812,75.563151,Masked FIR summary for kidnapping case 0391.
392,100020012202400001,202400001,2024-02-24,27,12,1,2,1,3,2,2,2024-02-22 10:42:00,2024-02-22 13:46:00,2024-02-22 14:45:00,13.167862,77.534827,Masked FIR summary for kidnapping case 0392.
393,100080037202000001,202000001,2020-09-04,82,37,1,2,1,3,5,8,2020-09-03 02:08:00,2020-09-03 02:57:00,2020-09-03 05:18:00,15.461285,74.99949,Masked FIR summary for kidnapping case 0393.
394,100050023202200002,202200002,2022-08-19,50,23,1,2,1,3,3,5,2022-08-15 10:33:00,2022-08-15 13:35:00,2022-08-15 14:54:00,12.809529,74.944489,Masked FIR summary for kidnapping case 0394.
395,100020011202100002,202100002,2021-08-31,24,11,1,1,2,5,2,2,2021-08-29 12:44:00,2021-08-29 15:11:00,2021-08-29 16:40:00,13.232733,77.542952,Masked FIR summary for theft case 0395.
396,100010004202500003,202500003,2025-03-23,6,4,1,1,3,11,2,1,2025-03-19 18:12:00,2025-03-19 19:01:00,2025-03-19 21:01:00,13.045979,77.662202,Masked FIR summary for cheque fraud case 0396.
397,100030016202400002,202400002,2024-06-28,36,16,1,1,4,12,2,3,2024-06-24 06:20:00,2024-06-24 06:49:00,2024-06-24 09:33:00,12.312118,76.670877,Masked FIR summary for drug possession case 0397.
398,100110049202000002,202000002,2020-05-10,110,49,1,1,1,2,4,11,2020-05-06 01:25:00,2020-05-06 04:29:00,2020-05-06 04:34:00,13.914641,75.515782,Masked FIR summary for assault case 0398.
399,400100045202500001,202500001,2025-09-27,100,45,4,2,1,3,2,10,2025-09-26 21:32:00,2025-09-27 01:04:00,2025-09-27 01:38:00,13.010968,76.177901,Masked FIR summary for kidnapping case 0399.
400,800040019202300001,202300001,2023-11-12,40,19,8,1,2,5,2,4,2023-11-10 18:05:00,2023-11-10 18:31:00,2023-11-10 20:44:00,13.336427,77.111113,Masked FIR summary for theft case 0400.
401,400030017202500001,202500001,2025-07-30,38,17,4,2,1,3,4,3,2025-07-27 07:46:00,2025-07-27 10:47:00,2025-07-27 12:59:00,12.329992,76.633764,Masked FIR summary for kidnapping case 0401.
402,100050024202500002,202500002,2025-08-07,54,24,1,1,4,12,2,5,2025-08-03 08:35:00,2025-08-03 10:13:00,2025-08-03 12:27:00,12.928899,74.941613,Masked FIR summary for drug possession case 0402.
403,100100046202500001,202500001,2025-01-02,105,46,1,2,2,6,5,10,2025-01-01 22:00:00,2025-01-02 00:30:00,2025-01-02 02:41:00,12.925778,76.131348,Masked FIR summary for robbery case 0403.
404,100100045202200004,202200004,2022-01-05,100,45,1,2,2,6,3,10,2022-01-02 15:35:00,2022-01-02 17:14:00,2022-01-02 18:48:00,13.052345,76.148015,Masked FIR summary for robbery case 0404.
405,100050025202100003,202100003,2021-09-12,57,25,1,1,2,5,2,5,2021-09-08 23:52:00,2021-09-09 00:31:00,2021-09-09 01:16:00,12.773951,74.910588,Masked FIR summary for theft case 0405.
406,100060030202100002,202100002,2021-08-12,68,30,1,1,3,10,4,6,2021-08-09 19:14:00,2021-08-09 22:28:00,2021-08-10 00:01:00,15.833842,74.455945,Masked FIR summary for cyber fraud case 0406.
407,100040019202500004,202500004,2025-02-18,40,19,1,1,5,14,2,4,2025-02-15 18:53:00,2025-02-15 21:37:00,2025-02-15 22:17:00,13.266147,77.077294,Masked FIR summary for unlawful assembly case 0407.
408,100120053202300003,202300003,2023-02-23,120,53,1,1,3,10,6,12,2023-02-18 22:08:00,2023-02-18 22:51:00,2023-02-18 23:01:00,13.385165,74.805252,Masked FIR summary for cyber fraud case 0408.
409,800070032202300001,202300001,2023-07-23,71,32,8,1,5,14,2,7,2023-07-22 04:56:00,2023-07-22 05:35:00,2023-07-22 05:56:00,17.436176,76.886135,Masked FIR summary for unlawful assembly case 0409.
410,400060030202500001,202500001,2025-07-20,67,30,4,1,5,15,1,6,2025-07-18 13:57:00,2025-07-18 16:15:00,2025-07-18 16:55:00,15.744686,74.43992,Masked FIR summary for rioting case 0410.
411,100020012202100001,202100001,2021-11-07,27,12,1,1,2,7,2,2,2021-11-04 11:43:00,2021-11-04 12:05:00,2021-11-04 13:14:00,13.115679,77.537897,Masked FIR summary for burglary case 0411.
412,100010008202400002,202400002,2024-08-16,16,8,1,1,5,14,2,1,2024-08-11 10:59:00,2024-08-11 12:27:00,2024-08-11 14:11:00,12.917746,77.59679,Masked FIR summary for unlawful assembly case 0412.
413,100110049202400003,202400003,2024-11-30,109,49,1,1,2,7,4,11,2024-11-29 17:00:00,2024-11-29 19:21:00,2024-11-29 21:40:00,13.926118,75.579468,Masked FIR summary for burglary case 0413.
414,300060030202500001,202500001,2025-01-27,69,30,3,2,1,4,2,6,2025-01-22 20:57:00,2025-01-22 22:16:00,2025-01-23 00:24:00,15.774924,74.439355,Masked FIR summary for sexual assault case 0414.
415,100110049202300004,202300004,2023-10-11,109,49,1,1,5,15,2,11,2023-10-10 23:14:00,2023-10-11 02:09:00,2023-10-11 04:03:00,13.934401,75.574907,Masked FIR summary for rioting case 0415.
416,100050025202100004,202100004,2021-08-19,56,25,1,2,1,1,3,5,2021-08-16 02:28:00,2021-08-16 04:48:00,2021-08-16 07:44:00,12.814084,74.937091,Masked FIR summary for murder case 0416.
417,800040021202200001,202200001,2022-06-02,46,21,8,1,1,2,3,4,2022-05-31 21:17:00,2022-05-31 21:32:00,2022-05-31 21:42:00,13.341963,77.101456,Masked FIR summary for assault case 0417.
418,100010004202400001,202400001,2024-05-04,4,4,1,1,5,14,3,1,2024-05-01 15:19:00,2024-05-01 16:00:00,2024-05-01 16:17:00,13.040337,77.628611,Masked FIR summary for unlawful assembly case 0418.
419,100010005202300002,202300002,2023-08-23,8,5,1,1,2,5,5,1,2023-08-21 01:20:00,2023-08-21 04:49:00,2023-08-21 05:38:00,12.954163,77.509492,Masked FIR summary for theft case 0419.
420,100120054202100002,202100002,2021-06-21,123,54,1,2,1,4,1,12,2021-06-18 22:48:00,2021-06-19 01:58:00,2021-06-19 03:28:00,13.308755,74.774039,Masked FIR summary for sexual assault case 0420.
421,100070033202500002,202500002,2025-09-09,73,33,1,2,4,13,2,7,2025-09-06 08:35:00,2025-09-06 09:54:00,2025-09-06 11:16:00,17.255792,76.761194,Masked FIR summary for drug trafficking case 0421.
422,100060028202300003,202300003,2023-08-14,63,28,1,1,3,9,2,6,2023-08-09 22:05:00,2023-08-09 22:24:00,2023-08-10 00:25:00,15.934163,74.468159,Masked FIR summary for fraud case 0422.
423,300030017202500001,202500001,2025-05-11,39,17,3,2,2,6,5,3,2025-05-07 08:38:00,2025-05-07 11:29:00,2025-05-07 11:45:00,12.297912,76.614148,Masked FIR summary for robbery case 0423.
424,100120053202400002,202400002,2024-08-14,119,53,1,2,1,4,2,12,2024-08-12 17:17:00,2024-08-12 19:55:00,2024-08-12 22:43:00,13.327517,74.834575,Masked FIR summary for sexual assault case 0424.
425,100060028202500001,202500001,2025-09-08,61,28,1,2,1,4,3,6,2025-09-06 01:03:00,2025-09-06 02:41:00,2025-09-06 05:17:00,15.902716,74.414768,Masked FIR summary for sexual assault case 0425.
426,100020011202200001,202200001,2022-05-14,22,11,1,2,1,3,2,2,2022-05-09 03:54:00,2022-05-09 05:13:00,2022-05-09 06:18:00,13.193342,77.461324,Masked FIR summary for kidnapping case 0426.
427,100030017202300004,202300004,2023-10-03,39,17,1,2,1,1,5,3,2023-09-29 02:31:00,2023-09-29 05:32:00,2023-09-29 07:58:00,12.3397,76.63407,Masked FIR summary for murder case 0427.
428,100120054202400002,202400002,2024-01-08,122,54,1,1,1,2,2,12,2024-01-07 18:18:00,2024-01-07 21:20:00,2024-01-07 21:45:00,13.25638,74.738687,Masked FIR summary for assault case 0428.
429,100030017202300005,202300005,2023-07-31,37,17,1,2,4,13,2,3,2023-07-28 10:57:00,2023-07-28 14:12:00,2023-07-28 14:18:00,12.270861,76.694669,Masked FIR summary for drug trafficking case 0429.
430,100020012202300004,202300004,2023-07-27,25,12,1,1,3,11,2,2,2023-07-23 03:11:00,2023-07-23 05:03:00,2023-07-23 06:19:00,13.148707,77.530195,Masked FIR summary for cheque fraud case 0430.
431,100060028202200003,202200003,2022-02-10,62,28,1,2,1,3,2,6,2022-02-07 17:25:00,2022-02-07 19:46:00,2022-02-07 22:23:00,15.940212,74.441965,Masked FIR summary for kidnapping case 0431.
432,100110049202400004,202400004,2024-04-27,110,49,1,2,1,1,2,11,2024-04-26 21:50:00,2024-04-26 22:30:00,2024-04-27 01:17:00,13.985501,75.590359,Masked FIR summary for murder case 0432.
433,100080038202100001,202100001,2021-06-26,86,38,1,1,3,11,2,8,2021-06-22 20:18:00,2021-06-23 00:03:00,2021-06-23 01:32:00,15.394218,74.991369,Masked FIR summary for cheque fraud case 0433.
434,100040020202000004,202000004,2020-11-17,45,20,1,2,2,6,1,4,2020-11-15 22:56:00,2020-11-16 00:17:00,2020-11-16 01:04:00,13.33768,77.044013,Masked FIR summary for robbery case 0434.
435,100010006202000003,202000003,2020-01-24,11,6,1,1,4,12,5,1,2020-01-24 13:04:00,2020-01-24 15:42:00,2020-01-24 17:15:00,12.98099,77.505479,Masked FIR summary for drug possession case 0435.
436,100010006202400002,202400002,2024-01-15,12,6,1,1,5,14,3,1,2024-01-14 20:53:00,2024-01-15 00:44:00,2024-01-15 02:17:00,12.993453,77.576461,Masked FIR summary for unlawful assembly case 0436.
437,800100045202300001,202300001,2023-05-28,100,45,8,1,5,15,2,10,2023-05-27 08:52:00,2023-05-27 09:58:00,2023-05-27 10:32:00,12.993507,76.197314,Masked FIR summary for rioting case 0437.
438,100030015202100003,202100003,2021-11-28,31,15,1,1,2,8,3,3,2021-11-27 06:27:00,2021-11-27 06:43:00,2021-11-27 09:38:00,12.362647,76.584718,Masked FIR summary for vandalism case 0438.
439,100060027202300001,202300001,2023-09-10,60,27,1,1,3,10,3,6,2023-09-09 13:00:00,2023-09-09 15:00:00,2023-09-09 16:20:00,15.823759,74.474769,Masked FIR summary for cyber fraud case 0439.
440,100050023202200003,202200003,2022-07-01,51,23,1,1,3,9,2,5,2022-06-30 14:17:00,2022-06-30 17:02:00,2022-06-30 18:35:00,12.800931,74.992816,Masked FIR summary for fraud case 0440.
441,100110049202100004,202100004,2021-10-07,110,49,1,1,1,2,3,11,2021-10-03 21:03:00,2021-10-03 21:41:00,2021-10-03 21:59:00,13.95563,75.506312,Masked FIR summary for assault case 0441.
442,800040021202400001,202400001,2024-11-17,47,21,8,2,2,6,3,4,2024-11-14 02:04:00,2024-11-14 05:39:00,2024-11-14 08:38:00,13.353349,77.043631,Masked FIR summary for robbery case 0442.
443,100010003202500003,202500003,2025-04-07,2,3,1,2,2,6,2,1,2025-04-04 00:06:00,2025-04-04 02:37:00,2025-04-04 04:39:00,12.924675,77.526743,Masked FIR summary for robbery case 0443.
444,300020012202400001,202400001,2024-01-04,27,12,3,1,4,12,5,2,2024-01-02 07:24:00,2024-01-02 09:04:00,2024-01-02 10:30:00,13.128701,77.533712,Masked FIR summary for drug possession case 0444.
445,100010005202000001,202000001,2020-02-10,9,5,1,2,1,3,2,1,2020-02-08 08:14:00,2020-02-08 10:55:00,2020-02-08 13:38:00,12.91928,77.508211,Masked FIR summary for kidnapping case 0445.
446,100050024202300002,202300002,2023-11-29,54,24,1,1,2,7,4,5,2023-11-29 03:00:00,2023-11-29 05:07:00,2023-11-29 07:19:00,12.884555,74.983827,Masked FIR summary for burglary case 0446.
447,400010003202500001,202500001,2025-12-30,1,3,4,2,1,3,1,1,2025-12-27 05:50:00,2025-12-27 09:19:00,2025-12-27 11:22:00,12.855247,77.508373,Masked FIR summary for kidnapping case 0447.
448,800030014202400001,202400001,2024-12-30,29,14,8,1,3,10,4,3,2024-12-27 20:38:00,2024-12-27 23:30:00,2024-12-28 00:45:00,12.366324,76.65695,Masked FIR summary for cyber fraud case 0448.
449,100120052202100004,202100004,2021-12-03,117,52,1,1,3,11,5,12,2021-12-02 09:35:00,2021-12-02 13:04:00,2021-12-02 14:14:00,13.302002,74.68469,Masked FIR summary for cheque fraud case 0449.
450,100080038202100002,202100002,2021-11-02,86,38,1,1,3,10,2,8,2021-10-30 07:11:00,2021-10-30 08:46:00,2021-10-30 09:49:00,15.346193,75.028997,Masked FIR summary for cyber fraud case 0450.
451,100120054202300001,202300001,2023-03-21,121,54,1,2,2,6,4,12,2023-03-18 02:34:00,2023-03-18 03:44:00,2023-03-18 04:30:00,13.30187,74.750379,Masked FIR summary for robbery case 0451.
452,100030014202500002,202500002,2025-10-26,29,14,1,1,3,9,4,3,2025-10-23 03:15:00,2025-10-23 03:49:00,2025-10-23 05:32:00,12.410001,76.706095,Masked FIR summary for fraud case 0452.
453,100090040202100003,202100003,2021-04-07,89,40,1,1,3,10,5,9,2021-04-04 17:15:00,2021-04-04 20:28:00,2021-04-04 21:30:00,15.236617,76.931846,Masked FIR summary for cyber fraud case 0453.
454,100100044202300003,202300003,2023-10-19,97,44,1,1,3,10,3,10,2023-10-14 15:44:00,2023-10-14 16:05:00,2023-10-14 18:43:00,12.9706,76.005482,Masked FIR summary for cyber fraud case 0454.
455,100120054202200001,202200001,2022-11-24,122,54,1,1,4,12,5,12,2022-11-23 05:35:00,2022-11-23 05:53:00,2022-11-23 08:49:00,13.295053,74.72202,Masked FIR summary for drug possession case 0455.
456,800100044202300001,202300001,2023-09-29,97,44,8,1,1,2,2,10,2023-09-29 04:47:00,2023-09-29 07:10:00,2023-09-29 08:20:00,13.009019,76.043113,Masked FIR summary for assault case 0456.
457,100100046202400002,202400002,2024-03-26,103,46,1,1,3,10,2,10,2024-03-22 15:51:00,2024-03-22 16:29:00,2024-03-22 18:48:00,12.953151,76.133397,Masked FIR summary for cyber fraud case 0457.
458,100080038202500001,202500001,2025-07-02,85,38,1,1,3,11,2,8,2025-06-28 11:22:00,2025-06-28 12:37:00,2025-06-28 14:43:00,15.359508,74.990586,Masked FIR summary for cheque fraud case 0458.
459,100060029202400001,202400001,2024-11-26,64,29,1,2,2,6,3,6,2024-11-25 18:23:00,2024-11-25 19:43:00,2024-11-25 22:13:00,15.889648,74.511888,Masked FIR summary for robbery case 0459.
460,100120053202200003,202200003,2022-09-01,118,53,1,1,2,7,4,12,2022-08-31 10:38:00,2022-08-31 14:02:00,2022-08-31 16:03:00,13.336403,74.790647,Masked FIR summary for burglary case 0460.
461,100020010202000001,202000001,2020-11-29,21,10,1,1,1,2,2,2,2020-11-27 18:30:00,2020-11-27 21:14:00,2020-11-27 23:39:00,13.246664,77.47107,Masked FIR summary for assault case 0461.
462,100010003202400003,202400003,2024-05-18,1,3,1,1,3,9,4,1,2024-05-16 02:53:00,2024-05-16 04:27:00,2024-05-16 07:11:00,12.864027,77.534201,Masked FIR summary for fraud case 0462.
463,100040019202200003,202200003,2022-06-19,42,19,1,1,3,9,3,4,2022-06-15 03:14:00,2022-06-15 03:40:00,2022-06-15 05:18:00,13.335617,77.075961,Masked FIR summary for fraud case 0463.
464,100020010202000002,202000002,2020-04-09,21,10,1,2,1,3,6,2,2020-04-05 08:57:00,2020-04-05 12:53:00,2020-04-05 15:11:00,13.27112,77.538269,Masked FIR summary for kidnapping case 0464.
465,400010006202500001,202500001,2025-09-04,11,6,4,2,1,1,1,1,2025-08-31 22:29:00,2025-08-31 23:37:00,2025-08-31 23:59:00,13.012055,77.573547,Masked FIR summary for murder case 0465.
466,100070033202500003,202500003,2025-12-31,74,33,1,1,2,8,6,7,2025-12-26 15:55:00,2025-12-26 19:53:00,2025-12-26 21:27:00,17.293799,76.810305,Masked FIR summary for vandalism case 0466.
467,100010007202500001,202500001,2025-12-28,13,7,1,1,3,10,5,1,2025-12-23 20:41:00,2025-12-23 21:23:00,2025-12-23 22:10:00,12.992764,77.509342,Masked FIR summary for cyber fraud case 0467.
468,100050023202500004,202500004,2025-10-17,50,23,1,2,1,1,6,5,2025-10-16 18:23:00,2025-10-16 19:42:00,2025-10-16 20:27:00,12.833318,75.022969,Masked FIR summary for murder case 0468.
469,300030015202100001,202100001,2021-09-16,33,15,3,1,3,9,1,3,2021-09-13 14:27:00,2021-09-13 17:18:00,2021-09-13 18:54:00,12.344716,76.571457,Masked FIR summary for fraud case 0469.
470,100100044202300004,202300004,2023-08-24,99,44,1,2,1,1,1,10,2023-08-24 01:24:00,2023-08-24 02:53:00,2023-08-24 04:26:00,12.946085,76.088624,Masked FIR summary for murder case 0470.
471,100100044202100003,202100003,2021-06-17,98,44,1,1,2,5,2,10,2021-06-12 15:16:00,2021-06-12 18:48:00,2021-06-12 19:42:00,12.956297,76.065726,Masked FIR summary for theft case 0471.
472,100010004202500004,202500004,2025-10-07,4,4,1,1,5,15,3,1,2025-10-04 18:10:00,2025-10-04 18:39:00,2025-10-04 19:47:00,12.996857,77.655917,Masked FIR summary for rioting case 0472.
473,100060029202500003,202500003,2025-02-11,66,29,1,1,2,8,3,6,2025-02-09 01:06:00,2025-02-09 03:17:00,2025-02-09 05:00:00,15.862786,74.580186,Masked FIR summary for vandalism case 0473.
474,100060027202000001,202000001,2020-11-09,60,27,1,2,1,1,5,6,2020-11-06 10:02:00,2020-11-06 13:57:00,2020-11-06 14:22:00,15.752887,74.460995,Masked FIR summary for murder case 0474.
475,100080037202100002,202100002,2021-05-01,84,37,1,1,2,5,3,8,2021-04-28 17:36:00,2021-04-28 21:12:00,2021-04-28 22:39:00,15.447541,74.961193,Masked FIR summary for theft case 0475.
476,100090040202500002,202500002,2025-06-14,90,40,1,2,1,3,2,9,2025-06-12 00:21:00,2025-06-12 03:19:00,2025-06-12 05:21:00,15.226465,76.977738,Masked FIR summary for kidnapping case 0476.
477,100100045202100002,202100002,2021-11-13,102,45,1,2,1,3,1,10,2021-11-11 23:02:00,2021-11-12 02:50:00,2021-11-12 05:06:00,13.044057,76.175595,Masked FIR summary for kidnapping case 0477.
478,100040020202400001,202400001,2024-04-11,45,20,1,2,4,13,2,4,2024-04-08 07:43:00,2024-04-08 09:43:00,2024-04-08 10:43:00,13.323567,77.079224,Masked FIR summary for drug trafficking case 0478.
479,100020011202400005,202400005,2024-08-03,22,11,1,1,5,14,3,2,2024-08-01 18:35:00,2024-08-01 21:18:00,2024-08-02 00:02:00,13.185857,77.535651,Masked FIR summary for unlawful assembly case 0479.
480,100090042202300003,202300003,2023-06-22,95,42,1,1,1,2,3,9,2023-06-21 15:18:00,2023-06-21 17:43:00,2023-06-21 19:58:00,15.015196,76.80247,Masked FIR summary for assault case 0480.
481,100070034202000003,202000003,2020-12-20,76,34,1,1,2,8,1,7,2020-12-19 22:05:00,2020-12-20 01:50:00,2020-12-20 04:37:00,17.215201,76.795452,Masked FIR summary for vandalism case 0481.
482,100050023202200004,202200004,2022-04-05,50,23,1,1,3,9,4,5,2022-04-03 04:00:00,2022-04-03 05:30:00,2022-04-03 08:02:00,12.853324,75.015664,Masked FIR summary for fraud case 0482.
483,800020010202200001,202200001,2022-03-20,20,10,8,2,1,1,5,2,2022-03-19 17:56:00,2022-03-19 18:32:00,2022-03-19 19:09:00,13.230705,77.53337,Masked FIR summary for murder case 0483.
484,100050024202400004,202400004,2024-05-22,52,24,1,2,4,13,2,5,2024-05-18 17:07:00,2024-05-18 18:22:00,2024-05-18 19:18:00,12.938979,75.012001,Masked FIR summary for drug trafficking case 0484.
485,100050023202300002,202300002,2023-09-24,50,23,1,2,1,1,4,5,2023-09-21 17:54:00,2023-09-21 19:09:00,2023-09-21 20:55:00,12.783831,75.032659,Masked FIR summary for murder case 0485.
486,100030017202500002,202500002,2025-04-04,39,17,1,2,1,1,4,3,2025-04-01 04:10:00,2025-04-01 05:46:00,2025-04-01 07:50:00,12.342659,76.633714,Masked FIR summary for murder case 0486.
487,100010003202500004,202500004,2025-05-26,3,3,1,2,1,1,3,1,2025-05-23 07:20:00,2025-05-23 10:08:00,2025-05-23 10:35:00,12.914069,77.563364,Masked FIR summary for murder case 0487.
488,400120052202300001,202300001,2023-09-23,117,52,4,1,3,10,2,12,2023-09-19 15:28:00,2023-09-19 17:49:00,2023-09-19 19:23:00,13.28686,74.709471,Masked FIR summary for cyber fraud case 0488.
489,100110049202300005,202300005,2023-02-27,110,49,1,1,4,12,2,11,2023-02-24 02:14:00,2023-02-24 05:20:00,2023-02-24 06:11:00,13.970369,75.505522,Masked FIR summary for drug possession case 0489.
490,100040020202000005,202000005,2020-12-09,43,20,1,1,1,2,2,4,2020-12-05 01:47:00,2020-12-05 03:18:00,2020-12-05 05:57:00,13.380142,77.083391,Masked FIR summary for assault case 0490.
491,800040021202200002,202200002,2022-05-22,47,21,8,1,5,15,2,4,2022-05-20 00:25:00,2022-05-20 04:25:00,2022-05-20 06:40:00,13.366917,77.069337,Masked FIR summary for rioting case 0491.
492,100060030202100003,202100003,2021-10-17,68,30,1,1,1,2,4,6,2021-10-15 11:37:00,2021-10-15 13:19:00,2021-10-15 14:38:00,15.777171,74.447947,Masked FIR summary for assault case 0492.
493,100030017202100001,202100001,2021-08-13,37,17,1,1,3,11,3,3,2021-08-11 12:03:00,2021-08-11 15:08:00,2021-08-11 15:51:00,12.327968,76.617795,Masked FIR summary for cheque fraud case 0493.
494,800050023202200001,202200001,2022-06-15,51,23,8,2,4,13,6,5,2022-06-13 10:24:00,2022-06-13 12:48:00,2022-06-13 14:44:00,12.786288,74.978473,Masked FIR summary for drug trafficking case 0494.
495,100060029202500004,202500004,2025-03-24,64,29,1,2,1,4,2,6,2025-03-22 08:02:00,2025-03-22 09:30:00,2025-03-22 10:37:00,15.893932,74.508848,Masked FIR summary for sexual assault case 0495.
496,100020012202000004,202000004,2020-05-14,25,12,1,1,2,7,3,2,2020-05-13 11:56:00,2020-05-13 14:18:00,2020-05-13 15:53:00,13.131433,77.533283,Masked FIR summary for burglary case 0496.
497,100090040202400002,202400002,2024-03-02,90,40,1,1,4,12,3,9,2024-02-27 17:06:00,2024-02-27 17:58:00,2024-02-27 19:38:00,15.165881,76.972211,Masked FIR summary for drug possession case 0497.
498,100070034202000004,202000004,2020-11-17,76,34,1,2,1,1,2,7,2020-11-12 20:34:00,2020-11-13 00:32:00,2020-11-13 01:32:00,17.297208,76.841022,Masked FIR summary for murder case 0498.
499,800040021202000001,202000001,2020-09-03,46,21,8,2,1,1,4,4,2020-08-30 00:37:00,2020-08-30 03:57:00,2020-08-30 04:09:00,13.298265,77.039456,Masked FIR summary for murder case 0499.
500,100110050202000004,202000004,2020-06-15,114,50,1,1,2,7,3,11,2020-06-11 06:07:00,2020-06-11 07:44:00,2020-06-11 10:20:00,13.991637,75.595747,Masked FIR summary for burglary case 0500.
501,100010008202000001,202000001,2020-10-11,16,8,1,1,2,5,3,1,2020-10-09 02:30:00,2020-10-09 04:14:00,2020-10-09 07:14:00,12.951386,77.563498,Masked FIR summary for theft case 0501.
502,100100044202300005,202300005,2023-01-04,98,44,1,1,3,11,5,10,2023-01-01 01:51:00,2023-01-01 02:54:00,2023-01-01 03:48:00,12.95468,76.096893,Masked FIR summary for cheque fraud case 0502.
503,100030015202400003,202400003,2024-01-30,31,15,1,1,5,15,3,3,2024-01-29 18:24:00,2024-01-29 20:23:00,2024-01-29 22:19:00,12.386752,76.537597,Masked FIR summary for rioting case 0503.
504,100060027202100002,202100002,2021-07-10,59,27,1,2,1,4,2,6,2021-07-07 22:10:00,2021-07-07 23:37:00,2021-07-08 01:58:00,15.759996,74.402273,Masked FIR summary for sexual assault case 0504.
505,100050025202300002,202300002,2023-01-28,56,25,1,2,1,4,5,5,2023-01-28 05:52:00,2023-01-28 09:09:00,2023-01-28 11:26:00,12.800483,74.912563,Masked FIR summary for sexual assault case 0505.
506,100080038202100003,202100003,2021-03-16,87,38,1,1,2,5,5,8,2021-03-15 22:37:00,2021-03-16 02:23:00,2021-03-16 04:59:00,15.409376,74.952333,Masked FIR summary for theft case 0506.
507,100090041202300002,202300002,2023-10-17,92,41,1,2,1,1,1,9,2023-10-12 16:08:00,2023-10-12 18:43:00,2023-10-12 21:15:00,15.115427,76.938423,Masked FIR summary for murder case 0507.
508,100080036202200001,202200001,2022-12-27,81,36,1,1,3,10,1,8,2022-12-25 02:29:00,2022-12-25 03:45:00,2022-12-25 03:57:00,15.572263,75.0776,Masked FIR summary for cyber fraud case 0508.
509,100030015202200001,202200001,2022-11-22,32,15,1,1,5,15,2,3,2022-11-17 07:47:00,2022-11-17 08:06:00,2022-11-17 08:33:00,12.389156,76.596618,Masked FIR summary for rioting case 0509.
510,100030016202300002,202300002,2023-06-21,36,16,1,2,1,3,4,3,2023-06-16 16:53:00,2023-06-16 19:12:00,2023-06-16 19:53:00,12.262754,76.730465,Masked FIR summary for kidnapping case 0510.
511,100040021202000002,202000002,2020-11-03,47,21,1,1,3,9,1,4,2020-10-30 05:52:00,2020-10-30 09:41:00,2020-10-30 10:52:00,13.302388,77.106505,Masked FIR summary for fraud case 0511.
512,100030014202500003,202500003,2025-08-08,30,14,1,1,3,9,2,3,2025-08-04 19:51:00,2025-08-04 20:24:00,2025-08-04 22:06:00,12.393628,76.695505,Masked FIR summary for fraud case 0512.
513,400100044202000002,202000002,2020-02-03,98,44,4,1,5,14,2,10,2020-02-01 20:08:00,2020-02-01 23:42:00,2020-02-02 02:28:00,12.959983,76.016005,Masked FIR summary for unlawful assembly case 0513.
514,100050025202000004,202000004,2020-10-26,55,25,1,2,1,3,2,5,2020-10-24 15:33:00,2020-10-24 18:30:00,2020-10-24 21:07:00,12.772004,74.883449,Masked FIR summary for kidnapping case 0514.
515,100050025202400002,202400002,2024-12-26,55,25,1,1,1,2,3,5,2024-12-25 08:40:00,2024-12-25 10:40:00,2024-12-25 13:04:00,12.761271,74.884422,Masked FIR summary for assault case 0515.
516,100080036202300001,202300001,2023-07-22,80,36,1,1,4,12,3,8,2023-07-18 16:27:00,2023-07-18 19:31:00,2023-07-18 21:12:00,15.511499,75.061601,Masked FIR summary for drug possession case 0516.
517,100060027202100003,202100003,2021-02-09,59,27,1,2,2,6,5,6,2021-02-05 07:03:00,2021-02-05 10:02:00,2021-02-05 11:39:00,15.799336,74.387933,Masked FIR summary for robbery case 0517.
518,100010006202200001,202200001,2022-12-08,10,6,1,1,3,9,2,1,2022-12-03 23:09:00,2022-12-04 03:05:00,2022-12-04 05:33:00,13.06677,77.502481,Masked FIR summary for fraud case 0518.
519,100050023202500005,202500005,2025-01-15,49,23,1,1,2,7,3,5,2025-01-10 02:26:00,2025-01-10 05:05:00,2025-01-10 07:05:00,12.783164,75.032807,Masked FIR summary for burglary case 0519.
520,100070033202500004,202500004,2025-09-25,75,33,1,1,4,12,5,7,2025-09-20 13:46:00,2025-09-20 15:47:00,2025-09-20 16:42:00,17.266143,76.805044,Masked FIR summary for drug possession case 0520.
521,100110048202500003,202500003,2025-12-16,108,48,1,2,4,13,1,11,2025-12-12 08:25:00,2025-12-12 09:52:00,2025-12-12 10:59:00,13.993272,75.582153,Masked FIR summary for drug trafficking case 0521.
522,100010008202000002,202000002,2020-10-23,16,8,1,1,3,11,2,1,2020-10-21 08:08:00,2020-10-21 09:20:00,2020-10-21 09:38:00,12.975671,77.619718,Masked FIR summary for cheque fraud case 0522.
523,300060027202300001,202300001,2023-08-02,60,27,3,1,4,12,2,6,2023-08-02 17:38:00,2023-08-02 20:50:00,2023-08-02 23:16:00,15.77264,74.412361,Masked FIR summary for drug possession case 0523.
524,100050024202200004,202200004,2022-04-21,53,24,1,1,2,5,2,5,2022-04-18 12:17:00,2022-04-18 15:01:00,2022-04-18 15:49:00,12.914998,74.92689,Masked FIR summary for theft case 0524.
525,100010004202100002,202100002,2021-11-21,6,4,1,2,1,4,2,1,2021-11-19 21:05:00,2021-11-19 21:37:00,2021-11-20 00:25:00,13.039669,77.691748,Masked FIR summary for sexual assault case 0525.
526,100080038202100004,202100004,2021-05-13,85,38,1,1,2,7,2,8,2021-05-11 04:35:00,2021-05-11 07:36:00,2021-05-11 08:37:00,15.383057,74.97886,Masked FIR summary for burglary case 0526.
527,100070033202200002,202200002,2022-11-20,73,33,1,1,3,10,2,7,2022-11-16 15:35:00,2022-11-16 18:44:00,2022-11-16 20:27:00,17.232084,76.810818,Masked FIR summary for cyber fraud case 0527.
528,100040019202300003,202300003,2023-08-08,42,19,1,2,1,3,1,4,2023-08-07 12:56:00,2023-08-07 14:08:00,2023-08-07 16:23:00,13.264898,77.092752,Masked FIR summary for kidnapping case 0528.
529,100100045202000001,202000001,2020-09-12,100,45,1,1,3,9,2,10,2020-09-07 20:18:00,2020-09-07 23:53:00,2020-09-08 02:19:00,13.058208,76.164107,Masked FIR summary for fraud case 0529.
530,100110049202100005,202100005,2021-02-18,110,49,1,1,1,2,2,11,2021-02-16 16:07:00,2021-02-16 19:03:00,2021-02-16 21:06:00,13.990661,75.542938,Masked FIR summary for assault case 0530.
531,100020010202200001,202200001,2022-08-28,20,10,1,1,5,14,2,2,2022-08-27 05:04:00,2022-08-27 05:45:00,2022-08-27 07:46:00,13.260207,77.482703,Masked FIR summary for unlawful assembly case 0531.
532,100040021202000003,202000003,2020-08-01,47,21,1,1,1,2,2,4,2020-08-01 02:46:00,2020-08-01 05:39:00,2020-08-01 06:02:00,13.348506,77.094868,Masked FIR summary for assault case 0532.
533,100040020202000006,202000006,2020-11-23,44,20,1,1,2,7,3,4,2020-11-18 11:20:00,2020-11-18 13:38:00,2020-11-18 15:01:00,13.354474,77.054373,Masked FIR summary for burglary case 0533.
534,100040020202200002,202200002,2022-02-25,43,20,1,1,3,10,3,4,2022-02-21 07:41:00,2022-02-21 08:56:00,2022-02-21 09:56:00,13.393808,77.12574,Masked FIR summary for cyber fraud case 0534.
535,300050023202200001,202200001,2022-11-30,50,23,3,1,4,12,1,5,2022-11-27 17:17:00,2022-11-27 19:04:00,2022-11-27 20:09:00,12.821236,74.951449,Masked FIR summary for drug possession case 0535.
536,800100044202400001,202400001,2024-02-08,97,44,8,1,5,15,4,10,2024-02-03 02:30:00,2024-02-03 03:37:00,2024-02-03 05:54:00,13.020951,76.09509,Masked FIR summary for rioting case 0536.
537,100060030202000002,202000002,2020-12-24,67,30,1,1,2,8,3,6,2020-12-20 00:18:00,2020-12-20 02:15:00,2020-12-20 03:52:00,15.804963,74.416764,Masked FIR summary for vandalism case 0537.
538,100010006202000004,202000004,2020-11-11,12,6,1,1,3,9,2,1,2020-11-07 20:40:00,2020-11-07 21:03:00,2020-11-07 21:49:00,13.003623,77.533042,Masked FIR summary for fraud case 0538.
539,100090041202200001,202200001,2022-10-15,92,41,1,1,5,14,2,9,2022-10-14 08:07:00,2022-10-14 09:26:00,2022-10-14 11:42:00,15.095937,76.982081,Masked FIR summary for unlawful assembly case 0539.
540,100010007202100002,202100002,2021-11-17,13,7,1,1,4,12,3,1,2021-11-13 01:28:00,2021-11-13 04:45:00,2021-11-13 05:07:00,12.995622,77.486578,Masked FIR summary for drug possession case 0540.
541,300080038202400001,202400001,2024-12-17,87,38,3,2,1,4,3,8,2024-12-12 11:28:00,2024-12-12 13:04:00,2024-12-12 15:08:00,15.382236,74.952027,Masked FIR summary for sexual assault case 0541.
542,100030015202500002,202500002,2025-04-24,31,15,1,1,3,11,5,3,2025-04-22 03:07:00,2025-04-22 05:42:00,2025-04-22 08:26:00,12.398653,76.630747,Masked FIR summary for cheque fraud case 0542.
543,800070034202300001,202300001,2023-05-26,76,34,8,1,4,12,5,7,2023-05-23 05:36:00,2023-05-23 07:33:00,2023-05-23 09:47:00,17.30377,76.79364,Masked FIR summary for drug possession case 0543.
544,100020012202000005,202000005,2020-07-12,26,12,1,2,2,6,2,2,2020-07-07 20:08:00,2020-07-07 21:48:00,2020-07-07 22:39:00,13.139083,77.52136,Masked FIR summary for robbery case 0544.
545,100030017202000002,202000002,2020-08-03,39,17,1,1,1,2,2,3,2020-07-31 23:52:00,2020-08-01 03:11:00,2020-08-01 04:41:00,12.319207,76.689289,Masked FIR summary for assault case 0545.
546,400090041202500001,202500001,2025-02-19,92,41,4,2,1,4,2,9,2025-02-18 19:44:00,2025-02-18 21:48:00,2025-02-18 22:11:00,15.070424,76.974028,Masked FIR summary for sexual assault case 0546.
547,100010003202200002,202200002,2022-10-27,2,3,1,1,5,15,2,1,2022-10-26 22:32:00,2022-10-26 23:23:00,2022-10-27 00:01:00,12.898722,77.543422,Masked FIR summary for rioting case 0547.
548,100040019202400002,202400002,2024-09-09,41,19,1,1,2,7,5,4,2024-09-05 21:26:00,2024-09-06 00:15:00,2024-09-06 00:22:00,13.27073,77.068147,Masked FIR summary for burglary case 0548.
549,400120054202000001,202000001,2020-01-02,123,54,4,2,4,13,5,12,2019-12-29 00:17:00,2019-12-29 01:41:00,2019-12-29 02:06:00,13.249467,74.735177,Masked FIR summary for drug trafficking case 0549.
550,100040021202100001,202100001,2021-05-22,48,21,1,1,1,2,3,4,2021-05-20 10:42:00,2021-05-20 11:27:00,2021-05-20 14:21:00,13.386731,77.111133,Masked FIR summary for assault case 0550.
551,100090040202100004,202100004,2021-02-04,89,40,1,2,2,6,5,9,2021-02-01 02:32:00,2021-02-01 05:54:00,2021-02-01 07:34:00,15.188813,76.913369,Masked FIR summary for robbery case 0551.
552,100020012202000006,202000006,2020-06-20,25,12,1,1,2,7,4,2,2020-06-17 11:12:00,2020-06-17 13:53:00,2020-06-17 16:12:00,13.11501,77.555005,Masked FIR summary for burglary case 0552.
553,100050024202500003,202500003,2025-02-09,53,24,1,1,2,5,3,5,2025-02-06 21:02:00,2025-02-06 22:42:00,2025-02-06 23:21:00,12.864979,74.926493,Masked FIR summary for theft case 0553.
554,100120052202500001,202500001,2025-09-29,116,52,1,2,2,6,1,12,2025-09-25 20:36:00,2025-09-26 00:23:00,2025-09-26 03:05:00,13.360635,74.763312,Masked FIR summary for robbery case 0554.
555,100050025202300003,202300003,2023-02-14,57,25,1,1,3,10,4,5,2023-02-13 17:46:00,2023-02-13 20:09:00,2023-02-13 22:00:00,12.748669,74.950869,Masked FIR summary for cyber fraud case 0555.
556,100030014202300001,202300001,2023-07-02,30,14,1,1,4,12,3,3,2023-07-02 10:04:00,2023-07-02 13:54:00,2023-07-02 14:19:00,12.40042,76.729882,Masked FIR summary for drug possession case 0556.
557,100070032202300002,202300002,2023-07-28,71,32,1,2,1,1,1,7,2023-07-24 10:08:00,2023-07-24 13:49:00,2023-07-24 15:57:00,17.404112,76.860252,Masked FIR summary for murder case 0557.
558,100040020202100004,202100004,2021-10-27,45,20,1,1,3,10,3,4,2021-10-26 23:09:00,2021-10-26 23:51:00,2021-10-27 01:22:00,13.328313,77.114895,Masked FIR summary for cyber fraud case 0558.
559,800030016202100001,202100001,2021-10-02,34,16,8,1,1,2,3,3,2021-09-29 04:26:00,2021-09-29 05:58:00,2021-09-29 08:17:00,12.285626,76.711798,Masked FIR summary for assault case 0559.
560,100040019202200004,202200004,2022-02-27,42,19,1,2,1,1,2,4,2022-02-23 01:45:00,2022-02-23 05:33:00,2022-02-23 07:12:00,13.297478,77.103121,Masked FIR summary for murder case 0560.
561,100040020202500004,202500004,2025-02-07,44,20,1,1,2,8,4,4,2025-02-04 03:24:00,2025-02-04 03:41:00,2025-02-04 06:00:00,13.340462,77.137103,Masked FIR summary for vandalism case 0561.
562,800010008202300001,202300001,2023-01-24,17,8,8,1,5,15,2,1,2023-01-20 14:47:00,2023-01-20 17:11:00,2023-01-20 20:07:00,12.936133,77.616044,Masked FIR summary for rioting case 0562.
563,100010007202000005,202000005,2020-05-07,15,7,1,2,4,13,1,1,2020-05-02 16:58:00,2020-05-02 18:43:00,2020-05-02 21:42:00,13.04338,77.57488,Masked FIR summary for drug trafficking case 0563.
564,100100045202500002,202500002,2025-11-18,100,45,1,1,2,5,3,10,2025-11-15 00:29:00,2025-11-15 03:13:00,2025-11-15 04:33:00,13.060331,76.160773,Masked FIR summary for theft case 0564.
565,100100044202200002,202200002,2022-11-09,99,44,1,1,3,9,4,10,2022-11-08 21:55:00,2022-11-08 23:51:00,2022-11-09 01:34:00,13.004382,76.09219,Masked FIR summary for fraud case 0565.
566,100010006202500002,202500002,2025-08-18,10,6,1,2,2,6,4,1,2025-08-15 20:55:00,2025-08-15 23:38:00,2025-08-16 01:17:00,13.000128,77.542672,Masked FIR summary for robbery case 0566.
567,100080038202200002,202200002,2022-05-06,87,38,1,1,2,8,2,8,2022-05-05 14:22:00,2022-05-05 18:18:00,2022-05-05 20:29:00,15.373268,74.97264,Masked FIR summary for vandalism case 0567.
568,100060028202400002,202400002,2024-06-18,61,28,1,1,2,7,5,6,2024-06-14 22:39:00,2024-06-14 23:44:00,2024-06-15 00:24:00,15.935147,74.469334,Masked FIR summary for burglary case 0568.
569,300050023202500001,202500001,2025-09-30,50,23,3,1,3,9,4,5,2025-09-26 08:38:00,2025-09-26 11:05:00,2025-09-26 11:57:00,12.785648,74.964385,Masked FIR summary for fraud case 0569.
570,100010008202100004,202100004,2021-08-10,17,8,1,1,2,5,5,1,2021-08-06 09:08:00,2021-08-06 11:55:00,2021-08-06 14:37:00,12.921792,77.609915,Masked FIR summary for theft case 0570.
571,100060030202300003,202300003,2023-08-03,69,30,1,1,5,15,2,6,2023-08-01 06:00:00,2023-08-01 08:03:00,2023-08-01 08:23:00,15.750079,74.480699,Masked FIR summary for rioting case 0571.
572,100090041202000002,202000002,2020-10-16,91,41,1,1,3,10,2,9,2020-10-14 01:33:00,2020-10-14 02:58:00,2020-10-14 05:43:00,15.048806,76.938595,Masked FIR summary for cyber fraud case 0572.
573,100030017202400002,202400002,2024-12-17,37,17,1,2,2,6,4,3,2024-12-15 17:55:00,2024-12-15 20:04:00,2024-12-15 21:51:00,12.280432,76.688725,Masked FIR summary for robbery case 0573.
574,100070034202200001,202200001,2022-10-22,76,34,1,2,1,1,1,7,2022-10-21 00:52:00,2022-10-21 02:49:00,2022-10-21 04:21:00,17.293427,76.816038,Masked FIR summary for murder case 0574.
575,100020011202200002,202200002,2022-11-30,24,11,1,1,3,11,1,2,2022-11-25 10:57:00,2022-11-25 12:43:00,2022-11-25 14:00:00,13.210981,77.48594,Masked FIR summary for cheque fraud case 0575.
576,100080038202100005,202100005,2021-08-02,87,38,1,1,3,11,3,8,2021-07-31 23:21:00,2021-08-01 01:25:00,2021-08-01 03:57:00,15.34548,74.994143,Masked FIR summary for cheque fraud case 0576.
577,100080036202400003,202400003,2024-06-15,79,36,1,2,1,3,1,8,2024-06-14 04:21:00,2024-06-14 06:53:00,2024-06-14 07:40:00,15.556064,75.064402,Masked FIR summary for kidnapping case 0577.
578,100050024202000004,202000004,2020-05-23,52,24,1,1,2,8,3,5,2020-05-23 05:08:00,2020-05-23 08:06:00,2020-05-23 10:53:00,12.877786,74.971808,Masked FIR summary for vandalism case 0578.
579,100020010202100003,202100003,2021-06-23,19,10,1,1,5,15,3,2,2021-06-19 15:15:00,2021-06-19 18:23:00,2021-06-19 20:00:00,13.229651,77.496872,Masked FIR summary for rioting case 0579.
580,100080038202300003,202300003,2023-03-27,85,38,1,1,5,14,4,8,2023-03-25 22:23:00,2023-03-26 02:12:00,2023-03-26 02:23:00,15.366068,74.93589,Masked FIR summary for unlawful assembly case 0580.
581,100100046202500002,202500002,2025-10-14,104,46,1,1,5,14,2,10,2025-10-12 13:18:00,2025-10-12 15:53:00,2025-10-12 17:59:00,12.971021,76.188761,Masked FIR summary for unlawful assembly case 0581.
582,100070033202300002,202300002,2023-07-16,74,33,1,2,1,1,2,7,2023-07-13 07:37:00,2023-07-13 09:48:00,2023-07-13 11:45:00,17.294993,76.744687,Masked FIR summary for murder case 0582.
583,100080037202200003,202200003,2022-09-28,82,37,1,1,3,10,2,8,2022-09-25 09:48:00,2022-09-25 11:28:00,2022-09-25 13:11:00,15.37924,74.954846,Masked FIR summary for cyber fraud case 0583.
584,100010005202000002,202000002,2020-07-16,7,5,1,1,5,15,3,1,2020-07-14 13:51:00,2020-07-14 16:54:00,2020-07-14 17:28:00,12.944092,77.551851,Masked FIR summary for rioting case 0584.
585,100060030202200005,202200005,2022-04-21,69,30,1,1,4,12,3,6,2022-04-21 01:25:00,2022-04-21 03:49:00,2022-04-21 04:12:00,15.775052,74.491379,Masked FIR summary for drug possession case 0585.
586,100060029202500005,202500005,2025-05-19,64,29,1,2,2,6,3,6,2025-05-19 05:50:00,2025-05-19 07:34:00,2025-05-19 09:23:00,15.916473,74.563548,Masked FIR summary for robbery case 0586.
587,100060029202100002,202100002,2021-12-17,64,29,1,2,4,13,5,6,2021-12-13 09:48:00,2021-12-13 13:11:00,2021-12-13 15:28:00,15.942574,74.558957,Masked FIR summary for drug trafficking case 0587.
588,100060030202400003,202400003,2024-03-07,67,30,1,1,1,2,3,6,2024-03-06 09:24:00,2024-03-06 09:43:00,2024-03-06 09:59:00,15.807715,74.456369,Masked FIR summary for assault case 0588.
589,100030015202200002,202200002,2022-07-05,33,15,1,2,1,1,2,3,2022-07-05 02:07:00,2022-07-05 03:04:00,2022-07-05 03:23:00,12.404652,76.627393,Masked FIR summary for murder case 0589.
590,100030016202200002,202200002,2022-06-10,35,16,1,1,3,9,2,3,2022-06-10 07:56:00,2022-06-10 10:32:00,2022-06-10 13:22:00,12.300154,76.711965,Masked FIR summary for fraud case 0590.
591,100010004202200002,202200002,2022-10-21,5,4,1,2,4,13,6,1,2022-10-18 22:01:00,2022-10-19 00:54:00,2022-10-19 02:29:00,13.000909,77.621212,Masked FIR summary for drug trafficking case 0591.
592,100120053202500002,202500002,2025-11-02,119,53,1,2,1,4,3,12,2025-10-29 11:12:00,2025-10-29 15:07:00,2025-10-29 16:25:00,13.403682,74.839398,Masked FIR summary for sexual assault case 0592.
593,100100045202400001,202400001,2024-09-05,101,45,1,1,2,5,2,10,2024-09-01 05:10:00,2024-09-01 06:51:00,2024-09-01 08:55:00,13.070039,76.167342,Masked FIR summary for theft case 0593.
594,300100044202000001,202000001,2020-09-05,99,44,3,1,2,7,3,10,2020-09-02 04:36:00,2020-09-02 06:42:00,2020-09-02 08:37:00,13.016045,76.040656,Masked FIR summary for burglary case 0594.
595,100100044202300006,202300006,2023-01-26,98,44,1,1,1,2,3,10,2023-01-24 05:47:00,2023-01-24 08:10:00,2023-01-24 08:59:00,13.004167,76.053653,Masked FIR summary for assault case 0595.
596,100030017202000003,202000003,2020-01-14,38,17,1,2,4,13,2,3,2020-01-12 20:19:00,2020-01-12 21:20:00,2020-01-12 21:44:00,12.32732,76.65407,Masked FIR summary for drug trafficking case 0596.
597,100100046202000005,202000005,2020-12-25,105,46,1,1,1,2,3,10,2020-12-24 11:17:00,2020-12-24 15:00:00,2020-12-24 15:16:00,12.946211,76.180075,Masked FIR summary for assault case 0597.
598,100110050202300003,202300003,2023-04-05,114,50,1,2,1,4,5,11,2023-04-03 09:40:00,2023-04-03 12:51:00,2023-04-03 14:37:00,13.999403,75.58059,Masked FIR summary for sexual assault case 0598.
599,100060030202400004,202400004,2024-09-20,68,30,1,1,3,11,2,6,2024-09-17 23:18:00,2024-09-18 00:25:00,2024-09-18 02:30:00,15.797845,74.455828,Masked FIR summary for cheque fraud case 0599.
600,100050024202200005,202200005,2022-05-15,53,24,1,1,4,12,5,5,2022-05-12 15:32:00,2022-05-12 17:47:00,2022-05-12 19:30:00,12.946908,74.93943,Masked FIR summary for drug possession case 0600.
601,100120052202100005,202100005,2021-10-30,116,52,1,1,3,9,4,12,2021-10-29 23:19:00,2021-10-30 00:53:00,2021-10-30 01:26:00,13.301159,74.761954,Masked FIR summary for fraud case 0601.
602,100080038202400005,202400005,2024-05-25,85,38,1,2,1,3,1,8,2024-05-23 06:05:00,2024-05-23 08:45:00,2024-05-23 09:42:00,15.397914,75.029907,Masked FIR summary for kidnapping case 0602.
603,100060029202100003,202100003,2021-06-24,66,29,1,1,3,10,2,6,2021-06-19 09:28:00,2021-06-19 12:23:00,2021-06-19 13:02:00,15.889044,74.514382,Masked FIR summary for cyber fraud case 0603.
604,100060030202400005,202400005,2024-02-03,68,30,1,2,2,6,4,6,2024-01-29 17:00:00,2024-01-29 19:55:00,2024-01-29 21:50:00,15.767954,74.434716,Masked FIR summary for robbery case 0604.
605,100020010202500002,202500002,2025-02-02,21,10,1,1,3,11,3,2,2025-02-01 06:51:00,2025-02-01 09:09:00,2025-02-01 09:23:00,13.26813,77.524231,Masked FIR summary for cheque fraud case 0605.
606,100010008202000003,202000003,2020-10-28,17,8,1,2,2,6,2,1,2020-10-23 20:07:00,2020-10-23 23:55:00,2020-10-24 02:47:00,12.992857,77.565229,Masked FIR summary for robbery case 0606.
607,800010004202400001,202400001,2024-02-15,6,4,8,2,1,3,2,1,2024-02-14 16:37:00,2024-02-14 18:50:00,2024-02-14 20:42:00,12.967289,77.615754,Masked FIR summary for kidnapping case 0607.
608,100100046202200004,202200004,2022-08-30,104,46,1,2,1,3,2,10,2022-08-26 05:18:00,2022-08-26 07:14:00,2022-08-26 09:16:00,12.975985,76.130208,Masked FIR summary for kidnapping case 0608.
609,100060029202500006,202500006,2025-09-17,66,29,1,1,2,8,5,6,2025-09-14 19:23:00,2025-09-14 23:11:00,2025-09-15 00:28:00,15.886333,74.595492,Masked FIR summary for vandalism case 0609.
610,100080036202400004,202400004,2024-06-08,79,36,1,2,2,6,4,8,2024-06-03 07:19:00,2024-06-03 10:55:00,2024-06-03 12:49:00,15.547413,75.085277,Masked FIR summary for robbery case 0610.
611,100090040202000003,202000003,2020-04-24,88,40,1,2,1,4,2,9,2020-04-24 02:55:00,2020-04-24 04:15:00,2020-04-24 05:35:00,15.224505,76.934263,Masked FIR summary for sexual assault case 0611.
612,100120052202500002,202500002,2025-11-17,116,52,1,1,1,2,4,12,2025-11-17 17:03:00,2025-11-17 20:42:00,2025-11-17 23:13:00,13.327047,74.730022,Masked FIR summary for assault case 0612.
613,100080036202300002,202300002,2023-06-20,80,36,1,1,3,11,3,8,2023-06-16 05:02:00,2023-06-16 05:48:00,2023-06-16 07:59:00,15.508582,75.082738,Masked FIR summary for cheque fraud case 0613.
614,300070032202000001,202000001,2020-04-03,71,32,3,1,3,11,2,7,2020-04-02 18:11:00,2020-04-02 20:27:00,2020-04-02 22:42:00,17.363762,76.876532,Masked FIR summary for cheque fraud case 0614.
615,100100045202400002,202400002,2024-06-12,101,45,1,2,2,6,4,10,2024-06-09 05:18:00,2024-06-09 07:20:00,2024-06-09 08:33:00,13.071129,76.158888,Masked FIR summary for robbery case 0615.
616,100090041202100002,202100002,2021-12-25,91,41,1,2,4,13,4,9,2021-12-23 03:03:00,2021-12-23 03:24:00,2021-12-23 04:13:00,15.109358,76.979108,Masked FIR summary for drug trafficking case 0616.
617,100040019202000005,202000005,2020-05-17,41,19,1,1,2,8,4,4,2020-05-12 19:43:00,2020-05-12 23:36:00,2020-05-13 01:42:00,13.26247,77.10359,Masked FIR summary for vandalism case 0617.
618,100010006202200002,202200002,2022-07-20,11,6,1,1,5,15,2,1,2022-07-17 18:51:00,2022-07-17 22:21:00,2022-07-17 22:31:00,13.006602,77.562641,Masked FIR summary for rioting case 0618.
619,100100044202100004,202100004,2021-03-29,99,44,1,2,1,1,3,10,2021-03-28 16:57:00,2021-03-28 19:09:00,2021-03-28 22:06:00,13.008491,76.001764,Masked FIR summary for murder case 0619.
620,100080037202500003,202500003,2025-03-14,82,37,1,2,1,3,3,8,2025-03-09 21:12:00,2025-03-10 00:15:00,2025-03-10 01:35:00,15.428803,74.973714,Masked FIR summary for kidnapping case 0620.
621,100070033202100003,202100003,2021-04-28,74,33,1,1,4,12,3,7,2021-04-27 20:19:00,2021-04-27 20:55:00,2021-04-27 21:27:00,17.242487,76.771578,Masked FIR summary for drug possession case 0621.
622,100020012202400002,202400002,2024-04-22,25,12,1,2,2,6,3,2,2024-04-18 08:43:00,2024-04-18 11:44:00,2024-04-18 12:14:00,13.157386,77.51775,Masked FIR summary for robbery case 0622.
623,100010007202400001,202400001,2024-08-28,13,7,1,1,3,11,1,1,2024-08-24 20:32:00,2024-08-24 23:52:00,2024-08-25 02:10:00,12.991274,77.557539,Masked FIR summary for cheque fraud case 0623.
624,100110048202300002,202300002,2023-01-02,107,48,1,1,3,11,2,11,2022-12-29 23:41:00,2022-12-30 03:11:00,2022-12-30 04:16:00,13.963054,75.553109,Masked FIR summary for cheque fraud case 0624.
625,300040019202100001,202100001,2021-10-28,42,19,3,1,2,8,2,4,2021-10-24 16:26:00,2021-10-24 19:02:00,2021-10-24 19:32:00,13.290472,77.106901,Masked FIR summary for vandalism case 0625.
626,100090041202000003,202000003,2020-10-01,92,41,1,1,3,10,2,9,2020-09-30 09:16:00,2020-09-30 10:35:00,2020-09-30 10:57:00,15.107944,77.000455,Masked FIR summary for cyber fraud case 0626.
627,100030015202000002,202000002,2020-10-19,33,15,1,1,4,12,2,3,2020-10-14 06:54:00,2020-10-14 07:29:00,2020-10-14 07:34:00,12.400209,76.550711,Masked FIR summary for drug possession case 0627.
628,300090042202400001,202400001,2024-04-02,94,42,3,1,3,11,4,9,2024-04-01 19:47:00,2024-04-01 21:16:00,2024-04-01 22:10:00,15.033097,76.809794,Masked FIR summary for cheque fraud case 0628.
629,100020012202300005,202300005,2023-09-04,27,12,1,1,2,7,2,2,2023-09-02 11:12:00,2023-09-02 14:00:00,2023-09-02 16:56:00,13.105394,77.478323,Masked FIR summary for burglary case 0629.
630,100010004202500005,202500005,2025-10-21,6,4,1,2,1,3,2,1,2025-10-21 02:24:00,2025-10-21 05:14:00,2025-10-21 05:45:00,13.005663,77.681393,Masked FIR summary for kidnapping case 0630.
631,800040021202300001,202300001,2023-12-25,46,21,8,2,4,13,3,4,2023-12-20 09:33:00,2023-12-20 10:19:00,2023-12-20 12:18:00,13.384659,77.038799,Masked FIR summary for drug trafficking case 0631.
632,100010005202500001,202500001,2025-04-30,9,5,1,2,4,13,6,1,2025-04-26 06:01:00,2025-04-26 09:29:00,2025-04-26 10:26:00,12.945595,77.533744,Masked FIR summary for drug trafficking case 0632.
633,400050024202200001,202200001,2022-02-22,54,24,4,1,4,12,2,5,2022-02-20 04:12:00,2022-02-20 06:53:00,2022-02-20 08:54:00,12.893545,74.96861,Masked FIR summary for drug possession case 0633.
634,100060029202500007,202500007,2025-04-08,65,29,1,1,3,10,4,6,2025-04-06 23:01:00,2025-04-07 02:53:00,2025-04-07 03:48:00,15.865574,74.539757,Masked FIR summary for cyber fraud case 0634.
635,100040020202400002,202400002,2024-04-27,45,20,1,2,4,13,3,4,2024-04-23 19:10:00,2024-04-23 20:39:00,2024-04-23 21:11:00,13.390521,77.056025,Masked FIR summary for drug trafficking case 0635.
636,100010005202000003,202000003,2020-01-21,8,5,1,1,3,9,4,1,2020-01-18 20:23:00,2020-01-18 22:49:00,2020-01-19 01:10:00,12.90641,77.56125,Masked FIR summary for fraud case 0636.
637,100120054202100003,202100003,2021-05-15,122,54,1,1,2,5,5,12,2021-05-11 07:12:00,2021-05-11 08:30:00,2021-05-11 10:54:00,13.221639,74.798211,Masked FIR summary for theft case 0637.
638,100030017202500003,202500003,2025-10-07,39,17,1,1,4,12,5,3,2025-10-04 07:58:00,2025-10-04 10:16:00,2025-10-04 11:07:00,12.336503,76.665486,Masked FIR summary for drug possession case 0638.
639,100080037202400001,202400001,2024-10-04,84,37,1,1,2,8,3,8,2024-10-01 09:06:00,2024-10-01 10:52:00,2024-10-01 13:37:00,15.429699,74.990793,Masked FIR summary for vandalism case 0639.
640,100090041202500001,202500001,2025-04-19,92,41,1,1,2,5,1,9,2025-04-18 04:58:00,2025-04-18 07:44:00,2025-04-18 09:11:00,15.093438,76.941552,Masked FIR summary for theft case 0640.
641,100010003202500005,202500005,2025-03-11,2,3,1,2,1,4,3,1,2025-03-07 09:50:00,2025-03-07 13:33:00,2025-03-07 16:14:00,12.919414,77.564198,Masked FIR summary for sexual assault case 0641.
642,100120053202400003,202400003,2024-09-12,118,53,1,2,1,1,2,12,2024-09-09 15:18:00,2024-09-09 16:09:00,2024-09-09 16:56:00,13.348507,74.775025,Masked FIR summary for murder case 0642.
643,100060028202500002,202500002,2025-07-08,62,28,1,1,5,15,4,6,2025-07-04 17:59:00,2025-07-04 19:12:00,2025-07-04 21:40:00,15.877492,74.417647,Masked FIR summary for rioting case 0643.
644,100100044202100005,202100005,2021-03-27,98,44,1,1,2,7,2,10,2021-03-26 03:39:00,2021-03-26 05:59:00,2021-03-26 08:07:00,12.96201,76.079145,Masked FIR summary for burglary case 0644.
645,100010005202400003,202400003,2024-01-25,9,5,1,1,5,15,3,1,2024-01-21 06:57:00,2024-01-21 08:28:00,2024-01-21 08:38:00,12.942425,77.542071,Masked FIR summary for rioting case 0645.
646,100010005202200004,202200004,2022-11-04,7,5,1,1,5,14,2,1,2022-11-01 00:25:00,2022-11-01 00:58:00,2022-11-01 01:59:00,12.894528,77.564554,Masked FIR summary for unlawful assembly case 0646.
647,100040019202300004,202300004,2023-06-17,40,19,1,1,4,12,2,4,2023-06-15 13:23:00,2023-06-15 15:48:00,2023-06-15 18:08:00,13.304939,77.091996,Masked FIR summary for drug possession case 0647.
648,800040020202200001,202200001,2022-06-06,44,20,8,1,3,11,4,4,2022-06-02 03:14:00,2022-06-02 04:36:00,2022-06-02 07:31:00,13.348191,77.077301,Masked FIR summary for cheque fraud case 0648.
649,100050024202300003,202300003,2023-05-05,52,24,1,1,3,9,2,5,2023-05-04 15:34:00,2023-05-04 17:13:00,2023-05-04 19:46:00,12.858142,75.01308,Masked FIR summary for fraud case 0649.
650,100050024202300004,202300004,2023-11-23,53,24,1,1,3,10,3,5,2023-11-19 00:38:00,2023-11-19 01:37:00,2023-11-19 02:13:00,12.923176,74.979264,Masked FIR summary for cyber fraud case 0650.
651,100030014202100002,202100002,2021-01-27,29,14,1,2,1,1,2,3,2021-01-25 17:05:00,2021-01-25 20:32:00,2021-01-25 22:50:00,12.417583,76.687745,Masked FIR summary for murder case 0651.
652,100120052202500003,202500003,2025-08-03,117,52,1,1,5,14,3,12,2025-07-31 11:01:00,2025-07-31 11:56:00,2025-07-31 13:29:00,13.338904,74.685611,Masked FIR summary for unlawful assembly case 0652.
653,100040021202400002,202400002,2024-10-05,46,21,1,1,1,2,2,4,2024-10-01 10:35:00,2024-10-01 12:48:00,2024-10-01 14:23:00,13.379144,77.056944,Masked FIR summary for assault case 0653.
654,100040021202400003,202400003,2024-07-17,48,21,1,1,3,9,2,4,2024-07-14 13:40:00,2024-07-14 17:25:00,2024-07-14 18:16:00,13.32184,77.12131,Masked FIR summary for fraud case 0654.
655,100020011202300002,202300002,2023-01-11,22,11,1,2,1,3,4,2,2023-01-11 18:05:00,2023-01-11 19:42:00,2023-01-11 22:19:00,13.259673,77.525389,Masked FIR summary for kidnapping case 0655.
656,100040019202100002,202100002,2021-11-09,41,19,1,2,2,6,4,4,2021-11-07 01:16:00,2021-11-07 02:43:00,2021-11-07 03:35:00,13.343899,77.082351,Masked FIR summary for robbery case 0656.
657,100030017202100002,202100002,2021-09-12,38,17,1,1,3,9,3,3,2021-09-09 03:10:00,2021-09-09 05:35:00,2021-09-09 06:40:00,12.336754,76.684519,Masked FIR summary for fraud case 0657.
658,100030014202300002,202300002,2023-09-04,30,14,1,1,3,9,3,3,2023-08-30 08:05:00,2023-08-30 10:13:00,2023-08-30 11:11:00,12.41368,76.71956,Masked FIR summary for fraud case 0658.
659,100120054202000002,202000002,2020-07-18,123,54,1,1,2,5,2,12,2020-07-16 00:38:00,2020-07-16 04:38:00,2020-07-16 05:50:00,13.316673,74.705503,Masked FIR summary for theft case 0659.
660,100100044202500004,202500004,2025-10-24,98,44,1,2,2,6,3,10,2025-10-23 10:44:00,2025-10-23 11:09:00,2025-10-23 12:37:00,12.972909,76.023579,Masked FIR summary for robbery case 0660.
661,100020010202300002,202300002,2023-03-05,19,10,1,2,1,4,1,2,2023-03-01 01:21:00,2023-03-01 04:13:00,2023-03-01 05:41:00,13.255943,77.443439,Masked FIR summary for sexual assault case 0661.
662,100050025202400003,202400003,2024-12-15,57,25,1,2,2,6,3,5,2024-12-15 02:20:00,2024-12-15 04:21:00,2024-12-15 04:35:00,12.746747,74.889153,Masked FIR summary for robbery case 0662.
663,100030017202300006,202300006,2023-01-06,38,17,1,1,5,15,2,3,2023-01-02 14:23:00,2023-01-02 16:15:00,2023-01-02 17:20:00,12.270507,76.633891,Masked FIR summary for rioting case 0663.
664,100050024202500004,202500004,2025-02-11,52,24,1,2,2,6,2,5,2025-02-06 08:17:00,2025-02-06 10:13:00,2025-02-06 11:33:00,12.851884,74.942251,Masked FIR summary for robbery case 0664.
665,100090042202400001,202400001,2024-02-05,95,42,1,1,1,2,4,9,2024-02-01 13:52:00,2024-02-01 15:09:00,2024-02-01 16:08:00,15.054924,76.848886,Masked FIR summary for assault case 0665.
666,100120053202500003,202500003,2025-03-29,120,53,1,2,1,3,2,12,2025-03-26 01:36:00,2025-03-26 03:27:00,2025-03-26 05:44:00,13.382257,74.778328,Masked FIR summary for kidnapping case 0666.
667,100100044202400002,202400002,2024-07-15,97,44,1,1,2,8,3,10,2024-07-12 11:09:00,2024-07-12 12:16:00,2024-07-12 13:46:00,13.010002,76.02606,Masked FIR summary for vandalism case 0667.
668,300100046202200002,202200002,2022-08-21,104,46,3,1,1,2,2,10,2022-08-20 18:36:00,2022-08-20 19:58:00,2022-08-20 22:27:00,12.96484,76.18416,Masked FIR summary for assault case 0668.
669,800010006202400001,202400001,2024-08-13,10,6,8,1,3,9,2,1,2024-08-09 06:43:00,2024-08-09 09:20:00,2024-08-09 09:26:00,13.056203,77.58864,Masked FIR summary for fraud case 0669.
670,100100045202500003,202500003,2025-01-06,100,45,1,1,2,7,4,10,2025-01-03 23:02:00,2025-01-03 23:55:00,2025-01-04 01:18:00,13.048488,76.214235,Masked FIR summary for burglary case 0670.
671,100050023202400004,202400004,2024-03-19,50,23,1,1,3,10,2,5,2024-03-19 06:54:00,2024-03-19 07:54:00,2024-03-19 10:07:00,12.803929,75.003884,Masked FIR summary for cyber fraud case 0671.
672,100030015202000003,202000003,2020-06-07,32,15,1,1,3,9,3,3,2020-06-04 16:30:00,2020-06-04 20:17:00,2020-06-04 22:19:00,12.393519,76.607996,Masked FIR summary for fraud case 0672.
673,100010004202200003,202200003,2022-03-01,4,4,1,2,1,1,6,1,2022-02-28 17:48:00,2022-02-28 20:50:00,2022-02-28 21:48:00,13.018305,77.657189,Masked FIR summary for murder case 0673.
674,100120054202000003,202000003,2020-02-15,121,54,1,1,2,8,2,12,2020-02-11 05:42:00,2020-02-11 08:21:00,2020-02-11 09:40:00,13.243698,74.736605,Masked FIR summary for vandalism case 0674.
675,100030016202000005,202000005,2020-10-22,34,16,1,1,1,2,1,3,2020-10-17 11:38:00,2020-10-17 13:55:00,2020-10-17 16:23:00,12.312863,76.670455,Masked FIR summary for assault case 0675.
676,100110050202500004,202500004,2025-10-23,112,50,1,2,2,6,3,11,2025-10-20 22:42:00,2025-10-21 02:36:00,2025-10-21 04:14:00,13.915944,75.639405,Masked FIR summary for robbery case 0676.
677,100050023202500006,202500006,2025-08-29,50,23,1,2,4,13,3,5,2025-08-29 09:28:00,2025-08-29 12:55:00,2025-08-29 13:24:00,12.78749,74.970919,Masked FIR summary for drug trafficking case 0677.
678,100060029202100004,202100004,2021-09-29,64,29,1,1,3,9,2,6,2021-09-27 07:33:00,2021-09-27 10:10:00,2021-09-27 12:15:00,15.904446,74.529145,Masked FIR summary for fraud case 0678.
679,100060028202400003,202400003,2024-04-20,61,28,1,1,1,2,3,6,2024-04-18 21:09:00,2024-04-18 21:44:00,2024-04-18 22:05:00,15.89645,74.399068,Masked FIR summary for assault case 0679.
680,100070033202400001,202400001,2024-06-27,74,33,1,1,5,15,2,7,2024-06-24 12:26:00,2024-06-24 14:15:00,2024-06-24 15:17:00,17.27972,76.822772,Masked FIR summary for rioting case 0680.
681,100010008202500004,202500004,2025-01-21,16,8,1,1,5,14,3,1,2025-01-20 15:31:00,2025-01-20 18:40:00,2025-01-20 20:21:00,12.96441,77.561223,Masked FIR summary for unlawful assembly case 0681.
682,100050023202300003,202300003,2023-11-14,51,23,1,1,4,12,2,5,2023-11-11 04:24:00,2023-11-11 06:14:00,2023-11-11 07:47:00,12.841103,75.001763,Masked FIR summary for drug possession case 0682.
683,100100045202500004,202500004,2025-09-28,102,45,1,2,4,13,6,10,2025-09-24 02:59:00,2025-09-24 03:21:00,2025-09-24 05:35:00,13.043773,76.178002,Masked FIR summary for drug trafficking case 0683.
684,100070034202000005,202000005,2020-07-03,76,34,1,2,2,6,1,7,2020-06-29 10:18:00,2020-06-29 10:40:00,2020-06-29 11:31:00,17.261032,76.74943,Masked FIR summary for robbery case 0684.
685,100100046202300001,202300001,2023-07-09,105,46,1,2,4,13,2,10,2023-07-05 10:16:00,2023-07-05 11:33:00,2023-07-05 14:03:00,12.940296,76.211599,Masked FIR summary for drug trafficking case 0685.
686,100070034202100001,202100001,2021-05-31,78,34,1,1,1,2,3,7,2021-05-29 13:48:00,2021-05-29 16:39:00,2021-05-29 19:11:00,17.214612,76.805274,Masked FIR summary for assault case 0686.
687,100080038202500002,202500002,2025-01-05,85,38,1,1,3,11,3,8,2024-12-31 15:05:00,2024-12-31 15:55:00,2024-12-31 17:32:00,15.414123,74.943101,Masked FIR summary for cheque fraud case 0687.
688,100120052202400004,202400004,2024-01-04,117,52,1,1,2,5,4,12,2024-01-01 00:55:00,2024-01-01 01:34:00,2024-01-01 04:04:00,13.310392,74.671397,Masked FIR summary for theft case 0688.
689,800050025202100001,202100001,2021-12-28,55,25,8,1,1,2,5,5,2021-12-26 19:57:00,2021-12-26 21:59:00,2021-12-26 23:56:00,12.822757,74.930872,Masked FIR summary for assault case 0689.
690,100050023202000002,202000002,2020-02-20,50,23,1,1,1,2,2,5,2020-02-18 01:46:00,2020-02-18 05:18:00,2020-02-18 06:44:00,12.806124,75.002886,Masked FIR summary for assault case 0690.
691,800010003202200001,202200001,2022-07-21,1,3,8,2,2,6,3,1,2022-07-17 05:11:00,2022-07-17 08:07:00,2022-07-17 09:25:00,12.923338,77.548908,Masked FIR summary for robbery case 0691.
692,100100045202400003,202400003,2024-07-26,100,45,1,1,1,2,2,10,2024-07-25 10:54:00,2024-07-25 12:11:00,2024-07-25 13:28:00,13.062384,76.155184,Masked FIR summary for assault case 0692.
693,400030015202000002,202000002,2020-11-28,33,15,4,2,1,1,4,3,2020-11-24 14:26:00,2020-11-24 16:07:00,2020-11-24 17:35:00,12.368101,76.567421,Masked FIR summary for murder case 0693.
694,400040020202500001,202500001,2025-01-12,44,20,4,1,5,14,1,4,2025-01-12 02:11:00,2025-01-12 05:34:00,2025-01-12 05:56:00,13.302263,77.05836,Masked FIR summary for unlawful assembly case 0694.
695,100050024202000005,202000005,2020-08-21,52,24,1,2,1,1,2,5,2020-08-18 15:53:00,2020-08-18 19:07:00,2020-08-18 21:53:00,12.931168,75.021847,Masked FIR summary for murder case 0695.
696,100040021202500003,202500003,2025-07-27,48,21,1,2,1,3,2,4,2025-07-26 07:54:00,2025-07-26 08:33:00,2025-07-26 09:17:00,13.287862,77.056869,Masked FIR summary for kidnapping case 0696.
697,100060030202300004,202300004,2023-04-09,67,30,1,1,2,5,3,6,2023-04-08 23:48:00,2023-04-09 00:06:00,2023-04-09 01:30:00,15.829115,74.453028,Masked FIR summary for theft case 0697.
698,100020012202200002,202200002,2022-09-09,26,12,1,1,3,11,4,2,2022-09-07 13:29:00,2022-09-07 15:28:00,2022-09-07 17:40:00,13.167242,77.548739,Masked FIR summary for cheque fraud case 0698.
699,400120052202300002,202300002,2023-11-07,116,52,4,2,4,13,2,12,2023-11-05 17:52:00,2023-11-05 20:53:00,2023-11-05 23:50:00,13.349051,74.752173,Masked FIR summary for drug trafficking case 0699.
700,100060030202000003,202000003,2020-10-21,69,30,1,2,1,3,5,6,2020-10-19 11:23:00,2020-10-19 15:19:00,2020-10-19 17:26:00,15.834051,74.502174,Masked FIR summary for kidnapping case 0700.
701,100030017202100003,202100003,2021-01-30,39,17,1,1,2,5,4,3,2021-01-29 05:04:00,2021-01-29 08:36:00,2021-01-29 10:46:00,12.271751,76.705731,Masked FIR summary for theft case 0701.
702,100060030202000004,202000004,2020-11-07,67,30,1,1,2,5,3,6,2020-11-04 23:45:00,2020-11-05 02:01:00,2020-11-05 02:29:00,15.769188,74.503583,Masked FIR summary for theft case 0702.
703,100070034202100002,202100002,2021-03-24,76,34,1,2,1,4,4,7,2021-03-24 08:39:00,2021-03-24 10:00:00,2021-03-24 12:39:00,17.299967,76.840538,Masked FIR summary for sexual assault case 0703.
704,100010003202400004,202400004,2024-03-06,3,3,1,1,3,9,5,1,2024-03-06 06:33:00,2024-03-06 08:14:00,2024-03-06 10:23:00,12.918623,77.559797,Masked FIR summary for fraud case 0704.
705,100110049202100006,202100006,2021-08-12,109,49,1,1,2,5,2,11,2021-08-09 08:26:00,2021-08-09 10:34:00,2021-08-09 11:47:00,13.96137,75.592087,Masked FIR summary for theft case 0705.
706,100030014202100003,202100003,2021-09-07,29,14,1,1,2,8,5,3,2021-09-03 02:46:00,2021-09-03 05:44:00,2021-09-03 07:24:00,12.364322,76.656621,Masked FIR summary for vandalism case 0706.
707,100050024202500005,202500005,2025-06-09,54,24,1,1,3,10,3,5,2025-06-06 10:51:00,2025-06-06 14:37:00,2025-06-06 16:31:00,12.872622,74.927189,Masked FIR summary for cyber fraud case 0707.
708,100010005202500002,202500002,2025-10-02,9,5,1,1,3,9,2,1,2025-09-28 06:24:00,2025-09-28 08:43:00,2025-09-28 10:17:00,12.92423,77.4909,Masked FIR summary for fraud case 0708.
709,100100044202000004,202000004,2020-04-18,98,44,1,2,4,13,4,10,2020-04-16 07:59:00,2020-04-16 11:47:00,2020-04-16 12:56:00,12.948373,76.034468,Masked FIR summary for drug trafficking case 0709.
710,100060027202000002,202000002,2020-07-19,60,27,1,2,1,3,4,6,2020-07-15 01:16:00,2020-07-15 02:09:00,2020-07-15 03:00:00,15.825677,74.395637,Masked FIR summary for kidnapping case 0710.
711,100120052202400005,202400005,2024-04-11,116,52,1,1,2,7,2,12,2024-04-08 20:05:00,2024-04-08 22:20:00,2024-04-09 00:00:00,13.383874,74.735984,Masked FIR summary for burglary case 0711.
712,100020011202000002,202000002,2020-04-01,23,11,1,2,4,13,3,2,2020-03-30 19:38:00,2020-03-30 21:46:00,2020-03-30 22:56:00,13.167837,77.514903,Masked FIR summary for drug trafficking case 0712.
713,800070032202100001,202100001,2021-06-23,71,32,8,1,2,5,2,7,2021-06-20 09:16:00,2021-06-20 12:21:00,2021-06-20 15:06:00,17.424695,76.850802,Masked FIR summary for theft case 0713.
714,100100045202100003,202100003,2021-11-06,102,45,1,2,1,4,2,10,2021-11-04 22:51:00,2021-11-04 23:21:00,2021-11-05 01:55:00,13.000925,76.164343,Masked FIR summary for sexual assault case 0714.
715,800030016202000001,202000001,2020-10-26,36,16,8,2,4,13,3,3,2020-10-23 04:01:00,2020-10-23 06:38:00,2020-10-23 07:48:00,12.304555,76.668103,Masked FIR summary for drug trafficking case 0715.
716,100080037202000002,202000002,2020-08-24,82,37,1,1,4,12,2,8,2020-08-19 16:08:00,2020-08-19 16:28:00,2020-08-19 18:06:00,15.437293,75.020801,Masked FIR summary for drug possession case 0716.
717,100060030202200006,202200006,2022-11-27,68,30,1,1,1,2,3,6,2022-11-23 18:32:00,2022-11-23 20:32:00,2022-11-23 21:37:00,15.794325,74.459552,Masked FIR summary for assault case 0717.
718,100110048202200003,202200003,2022-07-14,107,48,1,1,5,14,5,11,2022-07-13 13:09:00,2022-07-13 15:50:00,2022-07-13 17:00:00,14.012558,75.583717,Masked FIR summary for unlawful assembly case 0718.
719,100030014202400004,202400004,2024-01-28,29,14,1,1,2,5,2,3,2024-01-26 08:22:00,2024-01-26 12:05:00,2024-01-26 14:44:00,12.380684,76.651089,Masked FIR summary for theft case 0719.
720,100030016202300003,202300003,2023-09-07,35,16,1,2,2,6,4,3,2023-09-05 05:31:00,2023-09-05 06:43:00,2023-09-05 08:46:00,12.280182,76.685622,Masked FIR summary for robbery case 0720.
721,100100046202300002,202300002,2023-11-09,104,46,1,1,2,5,3,10,2023-11-08 05:19:00,2023-11-08 06:15:00,2023-11-08 06:42:00,12.971261,76.156736,Masked FIR summary for theft case 0721.
722,300020011202500001,202500001,2025-03-05,24,11,3,2,4,13,1,2,2025-03-05 00:02:00,2025-03-05 02:31:00,2025-03-05 04:17:00,13.211064,77.459795,Masked FIR summary for drug trafficking case 0722.
723,100110050202000005,202000005,2020-03-13,112,50,1,1,2,7,2,11,2020-03-11 19:07:00,2020-03-11 20:09:00,2020-03-11 21:57:00,13.971765,75.556662,Masked FIR summary for burglary case 0723.
724,100040021202400004,202400004,2024-07-08,47,21,1,2,1,1,2,4,2024-07-03 14:46:00,2024-07-03 16:39:00,2024-07-03 17:35:00,13.346929,77.125295,Masked FIR summary for murder case 0724.
725,100090041202200002,202200002,2022-08-18,93,41,1,2,1,3,2,9,2022-08-16 01:12:00,2022-08-16 02:16:00,2022-08-16 03:21:00,15.137944,76.932156,Masked FIR summary for kidnapping case 0725.
726,800050025202200001,202200001,2022-04-22,56,25,8,2,1,3,4,5,2022-04-19 10:43:00,2022-04-19 13:37:00,2022-04-19 16:18:00,12.740205,74.9287,Masked FIR summary for kidnapping case 0726.
727,100020011202200003,202200003,2022-07-08,22,11,1,1,5,14,3,2,2022-07-06 05:22:00,2022-07-06 08:19:00,2022-07-06 08:49:00,13.219486,77.54613,Masked FIR summary for unlawful assembly case 0727.
728,100020011202200004,202200004,2022-02-28,22,11,1,1,3,9,3,2,2022-02-26 08:47:00,2022-02-26 11:57:00,2022-02-26 14:18:00,13.253717,77.531639,Masked FIR summary for fraud case 0728.
729,800020011202300001,202300001,2023-10-28,23,11,8,2,1,4,2,2,2023-10-27 14:05:00,2023-10-27 15:36:00,2023-10-27 16:52:00,13.251806,77.531864,Masked FIR summary for sexual assault case 0729.
730,100110050202500005,202500005,2025-01-22,112,50,1,1,4,12,4,11,2025-01-19 20:57:00,2025-01-19 21:42:00,2025-01-19 23:55:00,13.955615,75.577913,Masked FIR summary for drug possession case 0730.
731,100040021202000004,202000004,2020-07-08,48,21,1,1,2,8,4,4,2020-07-05 15:26:00,2020-07-05 17:30:00,2020-07-05 19:27:00,13.365281,77.05418,Masked FIR summary for vandalism case 0731.
732,100040021202000005,202000005,2020-03-13,46,21,1,1,3,11,2,4,2020-03-13 10:18:00,2020-03-13 10:54:00,2020-03-13 12:15:00,13.353952,77.050079,Masked FIR summary for cheque fraud case 0732.
733,100020010202000003,202000003,2020-09-06,19,10,1,1,4,12,1,2,2020-09-05 00:07:00,2020-09-05 00:35:00,2020-09-05 03:26:00,13.267666,77.469861,Masked FIR summary for drug possession case 0733.
734,100110048202100001,202100001,2021-08-19,107,48,1,1,1,2,3,11,2021-08-19 02:49:00,2021-08-19 03:36:00,2021-08-19 06:23:00,13.972923,75.583971,Masked FIR summary for assault case 0734.
735,100080037202400002,202400002,2024-02-04,84,37,1,1,3,10,2,8,2024-01-31 03:31:00,2024-01-31 03:52:00,2024-01-31 06:33:00,15.399922,75.026402,Masked FIR summary for cyber fraud case 0735.
736,100040021202400005,202400005,2024-03-28,47,21,1,1,4,12,3,4,2024-03-24 06:14:00,2024-03-24 07:34:00,2024-03-24 10:12:00,13.36779,77.069676,Masked FIR summary for drug possession case 0736.
737,400030017202100001,202100001,2021-10-07,37,17,4,1,3,11,3,3,2021-10-03 01:48:00,2021-10-03 04:25:00,2021-10-03 06:10:00,12.287405,76.619521,Masked FIR summary for cheque fraud case 0737.
738,400050023202100001,202100001,2021-12-23,50,23,4,1,2,5,3,5,2021-12-21 17:32:00,2021-12-21 20:55:00,2021-12-21 21:03:00,12.852809,75.022891,Masked FIR summary for theft case 0738.
739,100100046202300003,202300003,2023-06-04,105,46,1,1,2,8,2,10,2023-06-04 07:14:00,2023-06-04 10:48:00,2023-06-04 11:49:00,12.999267,76.153798,Masked FIR summary for vandalism case 0739.
740,400040020202200001,202200001,2022-02-16,44,20,4,2,1,4,2,4,2022-02-15 22:54:00,2022-02-16 02:47:00,2022-02-16 02:58:00,13.303127,77.133233,Masked FIR summary for sexual assault case 0740.
741,100020010202300003,202300003,2023-08-22,20,10,1,2,1,3,2,2,2023-08-17 20:56:00,2023-08-18 00:41:00,2023-08-18 02:18:00,13.215225,77.450737,Masked FIR summary for kidnapping case 0741.
742,100110048202300003,202300003,2023-06-21,107,48,1,2,4,13,4,11,2023-06-18 03:21:00,2023-06-18 03:51:00,2023-06-18 05:26:00,14.016604,75.514092,Masked FIR summary for drug trafficking case 0742.
743,300100045202100001,202100001,2021-12-16,100,45,3,1,4,12,2,10,2021-12-13 07:17:00,2021-12-13 09:47:00,2021-12-13 11:41:00,12.981381,76.14616,Masked FIR summary for drug possession case 0743.
744,100040019202200005,202200005,2022-12-06,42,19,1,1,2,8,2,4,2022-12-04 12:30:00,2022-12-04 15:43:00,2022-12-04 18:27:00,13.33874,77.094177,Masked FIR summary for vandalism case 0744.
745,100050024202300005,202300005,2023-11-14,53,24,1,1,2,8,3,5,2023-11-10 16:16:00,2023-11-10 19:37:00,2023-11-10 20:18:00,12.945667,74.986632,Masked FIR summary for vandalism case 0745.
746,100010008202400003,202400003,2024-12-25,17,8,1,2,1,4,2,1,2024-12-23 06:58:00,2024-12-23 07:27:00,2024-12-23 08:34:00,12.920953,77.659115,Masked FIR summary for sexual assault case 0746.
747,100020010202400002,202400002,2024-10-27,20,10,1,1,5,14,3,2,2024-10-22 07:48:00,2024-10-22 11:32:00,2024-10-22 12:27:00,13.305248,77.447652,Masked FIR summary for unlawful assembly case 0747.
748,100070032202400003,202400003,2024-04-29,71,32,1,1,2,7,2,7,2024-04-27 23:07:00,2024-04-28 03:03:00,2024-04-28 05:23:00,17.418651,76.875467,Masked FIR summary for burglary case 0748.
749,100070032202300003,202300003,2023-01-07,70,32,1,1,3,9,4,7,2023-01-04 18:40:00,2023-01-04 21:26:00,2023-01-04 22:04:00,17.434206,76.825975,Masked FIR summary for fraud case 0749.
750,100100044202000005,202000005,2020-11-28,99,44,1,1,2,7,3,10,2020-11-26 02:34:00,2020-11-26 05:28:00,2020-11-26 06:51:00,13.013424,76.063456,Masked FIR summary for burglary case 0750.
751,100030014202400005,202400005,2024-05-08,28,14,1,1,2,7,6,3,2024-05-07 08:46:00,2024-05-07 11:25:00,2024-05-07 13:34:00,12.40922,76.730409,Masked FIR summary for burglary case 0751.
752,100110049202200004,202200004,2022-10-24,111,49,1,1,3,11,1,11,2022-10-19 03:51:00,2022-10-19 06:53:00,2022-10-19 09:53:00,13.973806,75.541477,Masked FIR summary for cheque fraud case 0752.
753,100060030202400006,202400006,2024-12-29,69,30,1,1,2,7,4,6,2024-12-24 21:49:00,2024-12-25 01:21:00,2024-12-25 03:29:00,15.742518,74.505974,Masked FIR summary for burglary case 0753.
754,100080038202300004,202300004,2023-07-10,86,38,1,2,2,6,2,8,2023-07-08 21:57:00,2023-07-09 01:36:00,2023-07-09 02:36:00,15.355452,74.974641,Masked FIR summary for robbery case 0754.
755,100120053202300004,202300004,2023-05-15,118,53,1,1,3,9,3,12,2023-05-11 22:33:00,2023-05-11 23:26:00,2023-05-12 02:14:00,13.3382,74.80761,Masked FIR summary for fraud case 0755.
756,100010007202100003,202100003,2021-07-24,13,7,1,2,2,6,6,1,2021-07-21 15:35:00,2021-07-21 16:01:00,2021-07-21 18:51:00,13.022222,77.501171,Masked FIR summary for robbery case 0756.
757,100010007202500002,202500002,2025-10-14,15,7,1,1,1,2,3,1,2025-10-11 07:35:00,2025-10-11 10:50:00,2025-10-11 13:01:00,13.025949,77.560576,Masked FIR summary for assault case 0757.
758,100060028202400004,202400004,2024-12-20,63,28,1,1,2,7,3,6,2024-12-17 13:40:00,2024-12-17 16:36:00,2024-12-17 16:41:00,15.882762,74.45429,Masked FIR summary for burglary case 0758.
759,100010006202400003,202400003,2024-05-08,12,6,1,2,1,4,3,1,2024-05-05 16:55:00,2024-05-05 20:12:00,2024-05-05 21:01:00,13.002261,77.584824,Masked FIR summary for sexual assault case 0759.
760,100110049202000003,202000003,2020-04-17,109,49,1,1,5,15,2,11,2020-04-15 22:31:00,2020-04-16 01:34:00,2020-04-16 04:19:00,13.935783,75.574333,Masked FIR summary for rioting case 0760.
761,100060030202300005,202300005,2023-12-07,69,30,1,2,1,3,3,6,2023-12-02 11:42:00,2023-12-02 14:09:00,2023-12-02 15:28:00,15.819575,74.469535,Masked FIR summary for kidnapping case 0761.
762,100030016202000006,202000006,2020-10-14,34,16,1,1,3,10,5,3,2020-10-14 05:16:00,2020-10-14 07:13:00,2020-10-14 07:31:00,12.253927,76.737886,Masked FIR summary for cyber fraud case 0762.
763,100080037202500004,202500004,2025-01-24,82,37,1,1,3,9,3,8,2025-01-20 09:16:00,2025-01-20 10:03:00,2025-01-20 11:28:00,15.436456,75.000676,Masked FIR summary for fraud case 0763.
764,100040021202400006,202400006,2024-11-08,46,21,1,1,2,5,3,4,2024-11-07 06:18:00,2024-11-07 06:57:00,2024-11-07 07:23:00,13.359873,77.039916,Masked FIR summary for theft case 0764.
765,100010004202300003,202300003,2023-01-24,5,4,1,1,5,14,2,1,2023-01-20 06:03:00,2023-01-20 09:04:00,2023-01-20 10:23:00,12.972538,77.668017,Masked FIR summary for unlawful assembly case 0765.
766,100050023202500007,202500007,2025-09-04,50,23,1,1,1,2,4,5,2025-09-01 03:40:00,2025-09-01 05:38:00,2025-09-01 07:13:00,12.766787,74.950828,Masked FIR summary for assault case 0766.
767,100110048202400001,202400001,2024-11-07,107,48,1,1,4,12,4,11,2024-11-02 21:17:00,2024-11-02 21:52:00,2024-11-03 00:40:00,13.933978,75.544072,Masked FIR summary for drug possession case 0767.
768,100030016202300004,202300004,2023-08-15,36,16,1,1,3,10,3,3,2023-08-10 17:30:00,2023-08-10 18:08:00,2023-08-10 19:02:00,12.279543,76.661377,Masked FIR summary for cyber fraud case 0768.
769,100040021202300001,202300001,2023-04-26,47,21,1,1,3,11,4,4,2023-04-26 11:09:00,2023-04-26 12:28:00,2023-04-26 14:35:00,13.377722,77.062983,Masked FIR summary for cheque fraud case 0769.
770,100030016202100003,202100003,2021-09-08,36,16,1,1,2,8,1,3,2021-09-04 20:03:00,2021-09-04 23:14:00,2021-09-05 00:04:00,12.298648,76.717395,Masked FIR summary for vandalism case 0770.
771,100030015202000004,202000004,2020-11-27,31,15,1,1,3,10,4,3,2020-11-23 12:29:00,2020-11-23 15:48:00,2020-11-23 18:26:00,12.378932,76.629545,Masked FIR summary for cyber fraud case 0771.
772,100010004202000003,202000003,2020-08-26,5,4,1,1,3,11,2,1,2020-08-22 15:43:00,2020-08-22 19:35:00,2020-08-22 20:42:00,13.043193,77.628182,Masked FIR summary for cheque fraud case 0772.
773,100020011202200005,202200005,2022-12-02,23,11,1,1,2,5,4,2,2022-12-01 05:40:00,2022-12-01 07:03:00,2022-12-01 07:38:00,13.16724,77.494343,Masked FIR summary for theft case 0773.
774,100020010202300004,202300004,2023-07-31,21,10,1,2,1,4,2,2,2023-07-29 04:27:00,2023-07-29 06:45:00,2023-07-29 07:07:00,13.230223,77.483316,Masked FIR summary for sexual assault case 0774.
775,300020012202400002,202400002,2024-06-18,26,12,3,2,1,4,2,2,2024-06-18 01:33:00,2024-06-18 04:06:00,2024-06-18 06:21:00,13.19705,77.550954,Masked FIR summary for sexual assault case 0775.
776,300070032202300001,202300001,2023-08-01,71,32,3,1,3,11,2,7,2023-07-30 11:40:00,2023-07-30 15:37:00,2023-07-30 17:31:00,17.407784,76.871758,Masked FIR summary for cheque fraud case 0776.
777,100060028202300004,202300004,2023-07-10,63,28,1,1,1,2,5,6,2023-07-09 00:12:00,2023-07-09 00:36:00,2023-07-09 00:59:00,15.876157,74.413632,Masked FIR summary for assault case 0777.
778,400020011202100001,202100001,2021-03-02,23,11,4,1,2,5,1,2,2021-03-02 01:43:00,2021-03-02 02:33:00,2021-03-02 05:09:00,13.22865,77.506928,Masked FIR summary for theft case 0778.
779,800050025202000001,202000001,2020-06-08,55,25,8,1,1,2,1,5,2020-06-07 21:10:00,2020-06-07 22:51:00,2020-06-08 00:06:00,12.800484,74.899778,Masked FIR summary for assault case 0779.
780,100120053202100002,202100002,2021-02-10,120,53,1,1,3,9,3,12,2021-02-06 21:55:00,2021-02-06 22:24:00,2021-02-06 23:54:00,13.379457,74.868529,Masked FIR summary for fraud case 0780.
781,100010008202200003,202200003,2022-11-28,18,8,1,2,1,1,2,1,2022-11-26 07:30:00,2022-11-26 09:48:00,2022-11-26 10:13:00,12.954578,77.610816,Masked FIR summary for murder case 0781.
782,100090041202500002,202500002,2025-12-27,92,41,1,1,1,2,4,9,2025-12-22 15:11:00,2025-12-22 16:41:00,2025-12-22 19:12:00,15.101984,76.957943,Masked FIR summary for assault case 0782.
783,100060029202500008,202500008,2025-03-10,64,29,1,2,1,3,2,6,2025-03-08 04:49:00,2025-03-08 06:18:00,2025-03-08 07:10:00,15.938523,74.58235,Masked FIR summary for kidnapping case 0783.
784,100040021202300002,202300002,2023-06-11,48,21,1,2,4,13,2,4,2023-06-06 22:54:00,2023-06-06 23:43:00,2023-06-07 02:30:00,13.311955,77.077959,Masked FIR summary for drug trafficking case 0784.
785,100090041202000004,202000004,2020-01-17,91,41,1,2,2,6,6,9,2020-01-13 19:57:00,2020-01-13 20:35:00,2020-01-13 21:10:00,15.136158,76.932912,Masked FIR summary for robbery case 0785.
786,100040021202200002,202200002,2022-09-09,46,21,1,1,5,15,1,4,2022-09-07 19:22:00,2022-09-07 20:06:00,2022-09-07 22:11:00,13.339719,77.115754,Masked FIR summary for rioting case 0786.
787,100010004202100003,202100003,2021-03-06,5,4,1,1,3,11,3,1,2021-03-02 05:12:00,2021-03-02 07:42:00,2021-03-02 08:48:00,12.997858,77.704097,Masked FIR summary for cheque fraud case 0787.
788,100100046202100001,202100001,2021-12-01,103,46,1,2,1,3,2,10,2021-12-01 02:08:00,2021-12-01 06:03:00,2021-12-01 08:38:00,12.964919,76.187487,Masked FIR summary for kidnapping case 0788.
789,100040019202000006,202000006,2020-12-21,40,19,1,1,3,9,3,4,2020-12-18 23:48:00,2020-12-19 03:00:00,2020-12-19 05:43:00,13.291176,77.123662,Masked FIR summary for fraud case 0789.
790,100070032202200003,202200003,2022-10-16,71,32,1,2,1,1,3,7,2022-10-14 01:29:00,2022-10-14 03:10:00,2022-10-14 03:57:00,17.454013,76.885737,Masked FIR summary for murder case 0790.
791,100010008202500005,202500005,2025-04-16,18,8,1,1,5,15,3,1,2025-04-13 10:18:00,2025-04-13 13:15:00,2025-04-13 14:21:00,12.908532,77.598239,Masked FIR summary for rioting case 0791.
792,100010005202000004,202000004,2020-02-25,8,5,1,1,5,15,4,1,2020-02-21 19:27:00,2020-02-21 22:55:00,2020-02-22 01:36:00,12.948472,77.571748,Masked FIR summary for rioting case 0792.
793,100020012202500003,202500003,2025-04-01,25,12,1,1,3,9,3,2,2025-03-31 18:32:00,2025-03-31 21:59:00,2025-03-31 23:24:00,13.13305,77.540726,Masked FIR summary for fraud case 0793.
794,100070032202500002,202500002,2025-10-09,70,32,1,1,3,11,2,7,2025-10-07 12:21:00,2025-10-07 12:47:00,2025-10-07 13:01:00,17.359403,76.878213,Masked FIR summary for cheque fraud case 0794.
795,100090040202300001,202300001,2023-12-08,89,40,1,1,3,9,2,9,2023-12-04 00:39:00,2023-12-04 01:33:00,2023-12-04 04:29:00,15.237955,76.916245,Masked FIR summary for fraud case 0795.
796,100040021202200003,202200003,2022-03-04,47,21,1,1,5,14,4,4,2022-03-02 12:39:00,2022-03-02 14:51:00,2022-03-02 16:52:00,13.334519,77.051495,Masked FIR summary for unlawful assembly case 0796.
797,100010005202500003,202500003,2025-03-18,8,5,1,1,2,7,2,1,2025-03-15 07:19:00,2025-03-15 10:05:00,2025-03-15 12:43:00,12.875508,77.557429,Masked FIR summary for burglary case 0797.
798,100090042202400002,202400002,2024-01-22,94,42,1,2,1,3,2,9,2024-01-19 22:44:00,2024-01-20 01:27:00,2024-01-20 01:32:00,15.066492,76.889178,Masked FIR summary for kidnapping case 0798.
799,100010007202100004,202100004,2021-12-12,13,7,1,1,1,2,3,1,2021-12-11 21:22:00,2021-12-12 00:42:00,2021-12-12 03:34:00,13.007603,77.553478,Masked FIR summary for assault case 0799.
800,100050025202500002,202500002,2025-07-18,55,25,1,2,1,1,5,5,2025-07-14 06:47:00,2025-07-14 10:34:00,2025-07-14 13:34:00,12.787494,74.884516,Masked FIR summary for murder case 0800.
801,100060030202300006,202300006,2023-03-26,67,30,1,1,3,10,2,6,2023-03-23 21:54:00,2023-03-23 22:53:00,2023-03-23 23:28:00,15.792231,74.473622,Masked FIR summary for cyber fraud case 0801.
802,800040020202300001,202300001,2023-08-25,44,20,8,2,1,3,2,4,2023-08-23 11:57:00,2023-08-23 14:56:00,2023-08-23 15:20:00,13.380841,77.106592,Masked FIR summary for kidnapping case 0802.
803,100010005202100003,202100003,2021-08-03,8,5,1,2,1,4,3,1,2021-08-02 17:40:00,2021-08-02 19:27:00,2021-08-02 22:23:00,12.875947,77.564722,Masked FIR summary for sexual assault case 0803.
804,100030014202300003,202300003,2023-01-08,30,14,1,1,5,15,5,3,2023-01-06 13:44:00,2023-01-06 17:24:00,2023-01-06 18:53:00,12.347,76.688701,Masked FIR summary for rioting case 0804.
805,100110048202300004,202300004,2023-02-19,107,48,1,1,3,9,3,11,2023-02-16 09:54:00,2023-02-16 11:49:00,2023-02-16 12:32:00,13.973833,75.582142,Masked FIR summary for fraud case 0805.
806,400060027202300001,202300001,2023-10-12,59,27,4,1,5,15,2,6,2023-10-08 05:08:00,2023-10-08 08:46:00,2023-10-08 08:53:00,15.795289,74.379436,Masked FIR summary for rioting case 0806.
807,100050025202100005,202100005,2021-09-16,56,25,1,1,5,15,3,5,2021-09-15 07:50:00,2021-09-15 10:06:00,2021-09-15 10:23:00,12.752532,74.957522,Masked FIR summary for rioting case 0807.
808,400030015202500001,202500001,2025-09-07,32,15,4,1,3,11,2,3,2025-09-03 10:16:00,2025-09-03 10:55:00,2025-09-03 11:53:00,12.325237,76.573959,Masked FIR summary for cheque fraud case 0808.
809,100020011202200006,202200006,2022-06-25,22,11,1,1,3,9,4,2,2022-06-24 14:38:00,2022-06-24 17:08:00,2022-06-24 18:48:00,13.184933,77.448548,Masked FIR summary for fraud case 0809.
810,100010003202000003,202000003,2020-01-04,2,3,1,1,2,8,3,1,2019-12-31 20:32:00,2019-12-31 21:30:00,2019-12-31 22:33:00,12.919819,77.573828,Masked FIR summary for vandalism case 0810.
811,100100045202300002,202300002,2023-11-03,101,45,1,1,3,11,4,10,2023-11-02 09:55:00,2023-11-02 11:49:00,2023-11-02 12:45:00,13.006527,76.17597,Masked FIR summary for cheque fraud case 0811.
812,100020012202400003,202400003,2024-08-10,25,12,1,2,2,6,3,2,2024-08-08 15:37:00,2024-08-08 17:35:00,2024-08-08 18:32:00,13.120178,77.535134,Masked FIR summary for robbery case 0812.
813,100010004202500006,202500006,2025-03-30,4,4,1,2,4,13,4,1,2025-03-26 13:22:00,2025-03-26 15:42:00,2025-03-26 17:41:00,12.962268,77.617526,Masked FIR summary for drug trafficking case 0813.
814,100080037202300001,202300001,2023-11-10,82,37,1,1,4,12,2,8,2023-11-08 13:24:00,2023-11-08 14:25:00,2023-11-08 14:53:00,15.447202,75.008528,Masked FIR summary for drug possession case 0814.
815,100100045202200005,202200005,2022-07-17,102,45,1,2,1,4,3,10,2022-07-13 08:55:00,2022-07-13 11:46:00,2022-07-13 14:28:00,13.027373,76.189108,Masked FIR summary for sexual assault case 0815.
816,100010007202400002,202400002,2024-01-04,15,7,1,1,3,9,3,1,2023-12-31 05:04:00,2023-12-31 07:45:00,2023-12-31 09:32:00,13.052756,77.553864,Masked FIR summary for fraud case 0816.
817,100060028202300005,202300005,2023-08-06,63,28,1,2,1,3,5,6,2023-08-04 09:37:00,2023-08-04 09:59:00,2023-08-04 10:19:00,15.883402,74.403282,Masked FIR summary for kidnapping case 0817.
818,100120053202100003,202100003,2021-07-14,120,53,1,1,3,10,3,12,2021-07-11 18:08:00,2021-07-11 19:26:00,2021-07-11 21:10:00,13.378718,74.777437,Masked FIR summary for cyber fraud case 0818.
819,300080037202100001,202100001,2021-01-25,84,37,3,2,2,6,2,8,2021-01-24 18:17:00,2021-01-24 22:01:00,2021-01-25 01:00:00,15.437509,75.03749,Masked FIR summary for robbery case 0819.
820,100090042202500002,202500002,2025-12-14,96,42,1,2,1,3,2,9,2025-12-12 04:38:00,2025-12-12 08:07:00,2025-12-12 10:31:00,15.078273,76.821745,Masked FIR summary for kidnapping case 0820.
821,100010003202500006,202500006,2025-01-09,1,3,1,1,2,8,4,1,2025-01-06 13:42:00,2025-01-06 14:37:00,2025-01-06 14:58:00,12.921299,77.562716,Masked FIR summary for vandalism case 0821.
822,100010003202000004,202000004,2020-01-21,1,3,1,1,3,11,3,1,2020-01-16 19:35:00,2020-01-16 21:09:00,2020-01-16 21:55:00,12.91584,77.557402,Masked FIR summary for cheque fraud case 0822.
823,400030015202400001,202400001,2024-04-29,32,15,4,1,4,12,3,3,2024-04-27 12:36:00,2024-04-27 15:39:00,2024-04-27 17:47:00,12.367473,76.613473,Masked FIR summary for drug possession case 0823.
824,100030016202000007,202000007,2020-07-25,36,16,1,2,1,3,4,3,2020-07-24 10:43:00,2020-07-24 11:31:00,2020-07-24 14:29:00,12.269519,76.661247,Masked FIR summary for kidnapping case 0824.
825,800050025202000002,202000002,2020-11-14,55,25,8,2,1,3,6,5,2020-11-10 08:02:00,2020-11-10 11:55:00,2020-11-10 13:17:00,12.758984,74.964667,Masked FIR summary for kidnapping case 0825.
826,100030017202500004,202500004,2025-01-08,37,17,1,1,3,9,2,3,2025-01-03 19:16:00,2025-01-03 19:43:00,2025-01-03 20:04:00,12.280833,76.679178,Masked FIR summary for fraud case 0826.
827,100090041202300003,202300003,2023-06-06,93,41,1,2,4,13,3,9,2023-06-04 18:24:00,2023-06-04 21:25:00,2023-06-04 22:46:00,15.047839,76.937067,Masked FIR summary for drug trafficking case 0827.
828,100010006202300003,202300003,2023-06-21,12,6,1,2,1,1,5,1,2023-06-20 19:59:00,2023-06-20 23:16:00,2023-06-21 01:57:00,13.017508,77.586417,Masked FIR summary for murder case 0828.
829,800060027202300001,202300001,2023-04-04,58,27,8,1,3,10,3,6,2023-03-31 20:39:00,2023-03-31 23:10:00,2023-03-31 23:50:00,15.760948,74.384609,Masked FIR summary for cyber fraud case 0829.
830,100030015202000005,202000005,2020-04-28,32,15,1,1,2,5,1,3,2020-04-26 01:14:00,2020-04-26 02:56:00,2020-04-26 03:36:00,12.348851,76.570098,Masked FIR summary for theft case 0830.
831,400050025202400002,202400002,2024-04-14,55,25,4,1,5,15,2,5,2024-04-10 21:06:00,2024-04-10 21:56:00,2024-04-11 00:45:00,12.748221,74.960408,Masked FIR summary for rioting case 0831.
832,100020012202300006,202300006,2023-08-26,27,12,1,1,5,14,4,2,2023-08-23 05:37:00,2023-08-23 06:19:00,2023-08-23 07:39:00,13.149263,77.558257,Masked FIR summary for unlawful assembly case 0832.
833,100010006202200003,202200003,2022-10-31,11,6,1,2,2,6,3,1,2022-10-29 23:53:00,2022-10-30 03:35:00,2022-10-30 06:12:00,12.992057,77.490986,Masked FIR summary for robbery case 0833.
834,100070034202400003,202400003,2024-11-27,77,34,1,1,5,15,5,7,2024-11-25 23:15:00,2024-11-26 00:11:00,2024-11-26 00:28:00,17.252435,76.823843,Masked FIR summary for rioting case 0834.
835,800010004202000001,202000001,2020-08-17,6,4,8,2,1,3,2,1,2020-08-16 19:30:00,2020-08-16 20:01:00,2020-08-16 22:59:00,13.036536,77.674345,Masked FIR summary for kidnapping case 0835.
836,100100045202100004,202100004,2021-08-04,102,45,1,1,4,12,2,10,2021-07-31 07:04:00,2021-07-31 08:21:00,2021-07-31 09:48:00,13.008862,76.219318,Masked FIR summary for drug possession case 0836.
837,100070033202000002,202000002,2020-08-14,74,33,1,1,2,7,2,7,2020-08-11 04:21:00,2020-08-11 07:57:00,2020-08-11 10:35:00,17.296442,76.77016,Masked FIR summary for burglary case 0837.
838,100020011202000003,202000003,2020-02-28,23,11,1,1,2,7,2,2,2020-02-27 11:08:00,2020-02-27 13:41:00,2020-02-27 15:56:00,13.258632,77.482714,Masked FIR summary for burglary case 0838.
839,100120052202000002,202000002,2020-03-30,116,52,1,1,5,14,3,12,2020-03-27 16:15:00,2020-03-27 18:30:00,2020-03-27 20:49:00,13.353496,74.76322,Masked FIR summary for unlawful assembly case 0839.
840,100110048202300005,202300005,2023-02-17,106,48,1,1,4,12,2,11,2023-02-12 15:08:00,2023-02-12 15:59:00,2023-02-12 18:11:00,13.978467,75.555303,Masked FIR summary for drug possession case 0840.
841,100060029202300001,202300001,2023-06-21,65,29,1,1,4,12,1,6,2023-06-17 01:37:00,2023-06-17 03:09:00,2023-06-17 03:20:00,15.921113,74.601881,Masked FIR summary for drug possession case 0841.
842,100010005202300003,202300003,2023-09-10,7,5,1,2,1,1,3,1,2023-09-07 07:31:00,2023-09-07 10:04:00,2023-09-07 11:42:00,12.93573,77.515701,Masked FIR summary for murder case 0842.
843,400040019202200001,202200001,2022-03-24,40,19,4,1,5,15,3,4,2022-03-20 13:30:00,2022-03-20 17:01:00,2022-03-20 19:09:00,13.339041,77.134599,Masked FIR summary for rioting case 0843.
844,400110050202400001,202400001,2024-10-17,114,50,4,1,2,5,5,11,2024-10-14 02:19:00,2024-10-14 04:31:00,2024-10-14 05:36:00,13.994602,75.59106,Masked FIR summary for theft case 0844.
845,300010004202400001,202400001,2024-07-13,6,4,3,1,4,12,1,1,2024-07-10 21:39:00,2024-07-11 01:17:00,2024-07-11 03:16:00,12.993788,77.645625,Masked FIR summary for drug possession case 0845.
846,400110049202400001,202400001,2024-06-21,110,49,4,2,1,4,2,11,2024-06-19 17:33:00,2024-06-19 19:49:00,2024-06-19 21:41:00,13.980484,75.554028,Masked FIR summary for sexual assault case 0846.
847,100060029202300002,202300002,2023-01-20,64,29,1,1,2,8,3,6,2023-01-18 02:37:00,2023-01-18 05:41:00,2023-01-18 06:52:00,15.855249,74.569962,Masked FIR summary for vandalism case 0847.
848,100010008202500006,202500006,2025-07-13,17,8,1,2,4,13,2,1,2025-07-11 15:44:00,2025-07-11 16:44:00,2025-07-11 17:45:00,12.928824,77.587434,Masked FIR summary for drug trafficking case 0848.
849,100050024202000006,202000006,2020-01-24,52,24,1,1,1,2,5,5,2020-01-24 06:52:00,2020-01-24 09:22:00,2020-01-24 10:14:00,12.891111,74.998087,Masked FIR summary for assault case 0849.
850,400080036202300001,202300001,2023-12-28,81,36,4,1,3,10,3,8,2023-12-27 20:13:00,2023-12-27 21:21:00,2023-12-27 23:31:00,15.488643,75.098172,Masked FIR summary for cyber fraud case 0850.
851,100050025202100006,202100006,2021-01-16,55,25,1,1,3,11,4,5,2021-01-11 09:45:00,2021-01-11 13:39:00,2021-01-11 15:08:00,12.77352,74.951396,Masked FIR summary for cheque fraud case 0851.
852,100120053202300005,202300005,2023-01-01,118,53,1,1,1,2,2,12,2022-12-31 17:36:00,2022-12-31 19:08:00,2022-12-31 20:35:00,13.345801,74.865161,Masked FIR summary for assault case 0852.
853,400010004202300001,202300001,2023-04-23,5,4,4,1,5,15,2,1,2023-04-19 01:16:00,2023-04-19 02:33:00,2023-04-19 03:14:00,12.997551,77.668748,Masked FIR summary for rioting case 0853.
854,100090040202200002,202200002,2022-06-04,88,40,1,1,5,15,3,9,2022-06-03 14:44:00,2022-06-03 15:19:00,2022-06-03 17:48:00,15.17729,76.918125,Masked FIR summary for rioting case 0854.
855,100010003202400005,202400005,2024-04-16,3,3,1,1,2,8,4,1,2024-04-11 19:34:00,2024-04-11 20:19:00,2024-04-11 21:36:00,12.884943,77.572405,Masked FIR summary for vandalism case 0855.
856,100030014202200001,202200001,2022-08-07,28,14,1,1,3,11,2,3,2022-08-06 11:40:00,2022-08-06 13:20:00,2022-08-06 14:05:00,12.363766,76.664337,Masked FIR summary for cheque fraud case 0856.
857,100040019202100003,202100003,2021-04-25,41,19,1,1,2,7,3,4,2021-04-21 20:36:00,2021-04-21 22:32:00,2021-04-22 00:46:00,13.327505,77.144932,Masked FIR summary for burglary case 0857.
858,400050025202300001,202300001,2023-03-06,55,25,4,2,1,3,2,5,2023-03-05 15:22:00,2023-03-05 17:57:00,2023-03-05 19:57:00,12.813968,74.922392,Masked FIR summary for kidnapping case 0858.
859,100050023202200005,202200005,2022-04-15,51,23,1,2,1,4,4,5,2022-04-14 15:28:00,2022-04-14 17:07:00,2022-04-14 18:01:00,12.831959,74.999606,Masked FIR summary for sexual assault case 0859.
860,400100046202300002,202300002,2023-02-13,105,46,4,1,4,12,2,10,2023-02-12 14:57:00,2023-02-12 15:27:00,2023-02-12 18:04:00,12.993439,76.212603,Masked FIR summary for drug possession case 0860.
861,100040021202400007,202400007,2024-06-07,47,21,1,1,3,10,2,4,2024-06-03 08:25:00,2024-06-03 09:19:00,2024-06-03 11:57:00,13.317382,77.10246,Masked FIR summary for cyber fraud case 0861.
862,100080036202100001,202100001,2021-07-13,80,36,1,1,2,7,4,8,2021-07-09 17:39:00,2021-07-09 21:27:00,2021-07-09 21:50:00,15.520644,75.072441,Masked FIR summary for burglary case 0862.
863,100060029202300003,202300003,2023-01-07,66,29,1,1,2,7,4,6,2023-01-04 00:48:00,2023-01-04 01:53:00,2023-01-04 02:21:00,15.929982,74.579672,Masked FIR summary for burglary case 0863.
864,100100045202000002,202000002,2020-04-07,101,45,1,2,2,6,3,10,2020-04-03 10:51:00,2020-04-03 12:53:00,2020-04-03 15:28:00,12.995527,76.193481,Masked FIR summary for robbery case 0864.
865,300080036202200001,202200001,2022-11-23,81,36,3,1,5,15,2,8,2022-11-18 03:19:00,2022-11-18 05:22:00,2022-11-18 06:21:00,15.559449,75.036261,Masked FIR summary for rioting case 0865.
866,100090042202500003,202500003,2025-03-24,94,42,1,1,5,15,1,9,2025-03-23 15:52:00,2025-03-23 17:57:00,2025-03-23 20:30:00,15.108947,76.822574,Masked FIR summary for rioting case 0866.
867,100010008202000004,202000004,2020-03-11,16,8,1,1,2,8,2,1,2020-03-10 13:31:00,2020-03-10 14:34:00,2020-03-10 15:31:00,12.961488,77.642178,Masked FIR summary for vandalism case 0867.
868,400050023202300001,202300001,2023-08-05,50,23,4,1,2,7,4,5,2023-08-03 21:04:00,2023-08-04 00:38:00,2023-08-04 03:32:00,12.777573,74.946204,Masked FIR summary for burglary case 0868.
869,300090040202100001,202100001,2021-06-24,90,40,3,1,1,2,2,9,2021-06-24 09:28:00,2021-06-24 11:37:00,2021-06-24 14:03:00,15.182866,76.990468,Masked FIR summary for assault case 0869.
870,100010004202200004,202200004,2022-08-16,4,4,1,2,4,13,3,1,2022-08-13 12:00:00,2022-08-13 12:19:00,2022-08-13 13:40:00,13.019093,77.681446,Masked FIR summary for drug trafficking case 0870.
871,100010004202200005,202200005,2022-07-18,4,4,1,1,5,14,2,1,2022-07-13 23:04:00,2022-07-14 00:49:00,2022-07-14 03:46:00,12.986685,77.703848,Masked FIR summary for unlawful assembly case 0871.
872,100100044202200003,202200003,2022-06-19,97,44,1,1,5,14,5,10,2022-06-18 23:00:00,2022-06-19 01:03:00,2022-06-19 02:56:00,13.024772,76.059993,Masked FIR summary for unlawful assembly case 0872.
873,300090041202500001,202500001,2025-01-09,93,41,3,1,2,7,3,9,2025-01-06 04:46:00,2025-01-06 05:04:00,2025-01-06 06:37:00,15.058147,76.988189,Masked FIR summary for burglary case 0873.
874,100030014202200002,202200002,2022-07-19,30,14,1,1,4,12,4,3,2022-07-15 00:29:00,2022-07-15 03:26:00,2022-07-15 05:50:00,12.39817,76.701924,Masked FIR summary for drug possession case 0874.
875,100010003202100003,202100003,2021-07-15,1,3,1,2,1,1,3,1,2021-07-14 11:44:00,2021-07-14 15:21:00,2021-07-14 18:10:00,12.879546,77.576367,Masked FIR summary for murder case 0875.
876,100090042202000003,202000003,2020-12-23,95,42,1,1,5,15,2,9,2020-12-19 03:42:00,2020-12-19 04:46:00,2020-12-19 07:33:00,15.014425,76.87035,Masked FIR summary for rioting case 0876.
877,100070034202100003,202100003,2021-02-05,76,34,1,2,1,4,3,7,2021-02-04 10:46:00,2021-02-04 13:33:00,2021-02-04 14:24:00,17.233815,76.779533,Masked FIR summary for sexual assault case 0877.
878,100040019202400003,202400003,2024-06-06,42,19,1,2,1,1,2,4,2024-06-02 21:53:00,2024-06-03 00:54:00,2024-06-03 01:10:00,13.346574,77.100568,Masked FIR summary for murder case 0878.
879,100090041202400002,202400002,2024-08-10,92,41,1,2,2,6,3,9,2024-08-07 15:34:00,2024-08-07 16:49:00,2024-08-07 19:25:00,15.085529,76.974025,Masked FIR summary for robbery case 0879.
880,100010004202200006,202200006,2022-02-11,4,4,1,1,2,5,4,1,2022-02-08 05:53:00,2022-02-08 09:00:00,2022-02-08 11:37:00,13.018541,77.605754,Masked FIR summary for theft case 0880.
881,300100045202100002,202100002,2021-01-18,100,45,3,1,2,5,2,10,2021-01-15 07:26:00,2021-01-15 09:17:00,2021-01-15 12:17:00,13.023241,76.134197,Masked FIR summary for theft case 0881.
882,100030017202300007,202300007,2023-09-05,39,17,1,2,1,4,3,3,2023-08-31 21:03:00,2023-08-31 23:29:00,2023-09-01 01:56:00,12.332191,76.620551,Masked FIR summary for sexual assault case 0882.
883,100120052202100006,202100006,2021-07-24,117,52,1,2,4,13,2,12,2021-07-23 15:34:00,2021-07-23 16:42:00,2021-07-23 19:32:00,13.349337,74.729161,Masked FIR summary for drug trafficking case 0883.
884,400010008202000001,202000001,2020-06-25,17,8,4,2,1,3,6,1,2020-06-24 05:57:00,2020-06-24 09:49:00,2020-06-24 12:02:00,12.900128,77.613276,Masked FIR summary for kidnapping case 0884.
885,100090042202100002,202100002,2021-04-20,95,42,1,2,4,13,4,9,2021-04-15 19:06:00,2021-04-15 22:13:00,2021-04-15 23:09:00,15.030453,76.879432,Masked FIR summary for drug trafficking case 0885.
886,100040020202000007,202000007,2020-05-05,45,20,1,1,4,12,4,4,2020-05-04 20:19:00,2020-05-04 20:39:00,2020-05-04 23:28:00,13.327405,77.109703,Masked FIR summary for drug possession case 0886.
887,100070034202500001,202500001,2025-09-09,78,34,1,2,4,13,3,7,2025-09-05 14:59:00,2025-09-05 17:20:00,2025-09-05 19:05:00,17.246117,76.790546,Masked FIR summary for drug trafficking case 0887.
888,100050024202300006,202300006,2023-01-15,54,24,1,1,3,10,2,5,2023-01-11 22:08:00,2023-01-12 00:35:00,2023-01-12 02:12:00,12.850732,74.939563,Masked FIR summary for cyber fraud case 0888.
889,100110049202300006,202300006,2023-11-23,110,49,1,2,1,1,1,11,2023-11-19 22:24:00,2023-11-19 23:47:00,2023-11-20 01:32:00,13.961336,75.501625,Masked FIR summary for murder case 0889.
890,800080037202500001,202500001,2025-09-04,82,37,8,2,4,13,2,8,2025-09-04 17:04:00,2025-09-04 18:45:00,2025-09-04 19:56:00,15.386275,74.964984,Masked FIR summary for drug trafficking case 0890.
891,100060030202200007,202200007,2022-10-21,69,30,1,1,2,5,3,6,2022-10-19 18:46:00,2022-10-19 21:37:00,2022-10-20 00:32:00,15.784529,74.428913,Masked FIR summary for theft case 0891.
892,100010008202400004,202400004,2024-05-25,18,8,1,1,3,10,5,1,2024-05-24 18:38:00,2024-05-24 19:12:00,2024-05-24 19:53:00,12.93692,77.579359,Masked FIR summary for cyber fraud case 0892.
893,100020010202000004,202000004,2020-03-27,20,10,1,1,2,8,6,2,2020-03-23 06:55:00,2020-03-23 07:29:00,2020-03-23 07:41:00,13.283457,77.449041,Masked FIR summary for vandalism case 0893.
894,100060028202100002,202100002,2021-03-23,62,28,1,2,4,13,2,6,2021-03-22 21:25:00,2021-03-23 00:45:00,2021-03-23 03:30:00,15.905765,74.419856,Masked FIR summary for drug trafficking case 0894.
895,100030016202000008,202000008,2020-11-30,34,16,1,2,4,13,6,3,2020-11-25 05:58:00,2020-11-25 06:21:00,2020-11-25 09:01:00,12.348691,76.67866,Masked FIR summary for drug trafficking case 0895.
896,100070032202100002,202100002,2021-04-27,70,32,1,1,3,10,1,7,2021-04-27 08:23:00,2021-04-27 11:15:00,2021-04-27 13:48:00,17.426882,76.88271,Masked FIR summary for cyber fraud case 0896.
897,100120053202300006,202300006,2023-08-14,119,53,1,1,5,14,2,12,2023-08-10 01:00:00,2023-08-10 03:32:00,2023-08-10 06:03:00,13.328117,74.796559,Masked FIR summary for unlawful assembly case 0897.
898,100080037202500005,202500005,2025-06-18,83,37,1,1,1,2,2,8,2025-06-17 11:00:00,2025-06-17 14:53:00,2025-06-17 15:08:00,15.401799,75.017725,Masked FIR summary for assault case 0898.
899,100010006202400004,202400004,2024-05-04,11,6,1,1,3,10,1,1,2024-04-30 20:02:00,2024-04-30 20:18:00,2024-04-30 22:32:00,13.032295,77.55343,Masked FIR summary for cyber fraud case 0899.
900,100080036202000006,202000006,2020-06-28,80,36,1,1,5,14,5,8,2020-06-25 09:36:00,2020-06-25 11:34:00,2020-06-25 12:53:00,15.545487,75.065499,Masked FIR summary for unlawful assembly case 0900.
