crime_officer_id,crime_id,officer_id,role,assigned_date,assignment_status
1,1,19,Investigating Officer,2020-01-22,Active
2,2,26,Investigating Officer,2024-10-17,Active
3,3,67,Investigating Officer,2023-03-25,Active
4,4,50,Investigating Officer,2021-07-24,Closed
5,5,115,Investigating Officer,2025-05-15,Active
6,6,5,Investigating Officer,2024-05-04,Active
7,7,43,Investigating Officer,2020-07-06,Active
8,8,24,Investigating Officer,2022-10-21,Closed
9,9,97,Investigating Officer,2024-08-09,Active
10,10,88,Investigating Officer,2025-08-05,Active
11,11,103,Investigating Officer,2020-05-08,Closed
12,12,10,Investigating Officer,2023-03-23,Closed
13,13,55,Investigating Officer,2020-06-07,Active
14,14,7,Investigating Officer,2022-06-11,Active
15,15,12,Investigating Officer,2022-01-24,Closed
16,16,67,Investigating Officer,2021-04-08,Active
17,17,71,Investigating Officer,2020-05-07,Closed
18,18,73,Investigating Officer,2021-09-06,Closed
19,19,101,Investigating Officer,2022-03-09,Active
20,20,13,Investigating Officer,2025-06-06,Closed
21,21,17,Investigating Officer,2021-08-30,Active
22,22,4,Investigating Officer,2021-06-26,Active
23,23,8,Investigating Officer,2025-01-12,Active
24,24,74,Investigating Officer,2025-09-14,Active
25,25,28,Investigating Officer,2024-10-29,Active
26,26,45,Investigating Officer,2021-01-28,Active
27,27,88,Investigating Officer,2021-05-06,Active
28,28,98,Investigating Officer,2023-07-13,Active
29,29,37,Investigating Officer,2025-06-07,Active
30,30,51,Investigating Officer,2023-11-29,Closed
31,31,80,Investigating Officer,2022-10-10,Closed
32,32,4,Investigating Officer,2024-08-02,Active
33,33,79,Investigating Officer,2022-04-24,Closed
34,34,71,Investigating Officer,2024-06-08,Closed
35,35,8,Investigating Officer,2020-04-09,Active
36,36,79,Investigating Officer,2021-01-26,Active
37,37,73,Investigating Officer,2022-06-29,Active
38,38,109,Investigating Officer,2022-08-08,Active
39,39,92,Investigating Officer,2020-08-29,Closed
40,40,61,Investigating Officer,2023-08-11,Active
41,41,9,Investigating Officer,2021-11-30,Active
42,42,71,Investigating Officer,2021-08-02,Active
43,43,91,Investigating Officer,2022-01-04,Active
44,44,44,Investigating Officer,2022-02-28,Closed
45,45,52,Investigating Officer,2021-06-02,Closed
46,46,28,Investigating Officer,2023-08-17,Closed
47,47,62,Investigating Officer,2021-11-11,Closed
48,48,68,Investigating Officer,2022-02-21,Active
49,49,9,Investigating Officer,2024-06-19,Active
50,50,7,Investigating Officer,2021-09-19,Active
51,51,66,Investigating Officer,2021-11-24,Closed
52,52,98,Investigating Officer,2020-01-14,Active
53,53,2,Investigating Officer,2025-02-28,Active
54,54,79,Investigating Officer,2023-01-22,Active
55,55,73,Investigating Officer,2024-11-12,Active
56,56,100,Investigating Officer,2025-04-30,Closed
57,57,19,Investigating Officer,2023-06-08,Active
58,58,76,Investigating Officer,2025-09-07,Active
59,59,17,Investigating Officer,2023-11-18,Closed
60,60,1,Investigating Officer,2021-02-13,Active
61,61,83,Investigating Officer,2023-11-21,Closed
62,62,25,Investigating Officer,2022-05-15,Active
63,63,20,Investigating Officer,2023-11-19,Active
64,64,59,Investigating Officer,2025-01-18,Active
65,65,118,Investigating Officer,2024-11-16,Closed
66,66,79,Investigating Officer,2023-05-04,Active
67,67,119,Investigating Officer,2020-06-15,Closed
68,68,16,Investigating Officer,2021-04-21,Closed
69,69,53,Investigating Officer,2024-06-20,Active
70,70,119,Investigating Officer,2024-09-19,Closed
71,71,49,Investigating Officer,2020-11-17,Active
72,72,80,Investigating Officer,2023-03-08,Active
73,73,76,Investigating Officer,2022-06-10,Active
74,74,85,Investigating Officer,2024-06-26,Active
75,75,99,Investigating Officer,2024-08-01,Active
76,76,46,Investigating Officer,2023-08-14,Active
77,77,31,Investigating Officer,2020-01-29,Closed
78,78,5,Investigating Officer,2023-04-14,Active
79,79,72,Investigating Officer,2021-08-04,Closed
80,80,115,Investigating Officer,2021-08-29,Active
81,81,30,Investigating Officer,2022-11-19,Active
82,82,112,Investigating Officer,2025-11-13,Active
83,83,24,Investigating Officer,2025-08-05,Active
84,84,104,Investigating Officer,2025-01-03,Active
85,85,14,Investigating Officer,2025-11-10,Active
86,86,20,Investigating Officer,2025-06-18,Closed
87,87,92,Investigating Officer,2022-12-18,Active
88,88,21,Investigating Officer,2023-11-03,Active
89,89,61,Investigating Officer,2021-12-04,Active
90,90,62,Investigating Officer,2024-05-30,Active
91,91,82,Investigating Officer,2022-03-27,Closed
92,92,114,Investigating Officer,2020-08-17,Active
93,93,85,Investigating Officer,2025-12-15,Active
94,94,64,Investigating Officer,2022-11-11,Active
95,95,97,Investigating Officer,2025-07-08,Closed
96,96,39,Investigating Officer,2024-10-31,Closed
97,97,3,Investigating Officer,2020-03-18,Active
98,98,110,Investigating Officer,2022-04-24,Active
99,99,52,Investigating Officer,2023-12-26,Active
100,100,22,Investigating Officer,2025-09-06,Active
101,101,88,Investigating Officer,2024-09-16,Closed
102,102,61,Investigating Officer,2021-12-27,Closed
103,103,29,Investigating Officer,2022-01-13,Active
104,104,29,Investigating Officer,2024-03-24,Closed
105,105,122,Investigating Officer,2025-04-07,Active
106,106,77,Investigating Officer,2022-10-20,Active
107,107,7,Investigating Officer,2020-07-15,Closed
108,108,76,Investigating Officer,2025-01-30,Closed
109,109,84,Investigating Officer,2021-01-22,Active
110,110,97,Investigating Officer,2020-03-09,Active
111,111,121,Investigating Officer,2021-09-14,Active
112,112,58,Investigating Officer,2020-08-30,Active
113,113,52,Investigating Officer,2021-05-20,Active
114,114,45,Investigating Officer,2021-05-26,Closed
115,115,94,Investigating Officer,2025-11-11,Closed
116,116,51,Investigating Officer,2024-09-14,Closed
117,117,75,Investigating Officer,2020-06-21,Closed
118,118,8,Investigating Officer,2025-03-02,Active
119,119,89,Investigating Officer,2024-01-08,Closed
120,120,34,Investigating Officer,2023-09-29,Closed
121,121,96,Investigating Officer,2024-01-20,Closed
122,122,78,Investigating Officer,2023-10-25,Active
123,123,43,Investigating Officer,2024-12-08,Closed
124,124,114,Investigating Officer,2024-05-04,Active
125,125,47,Investigating Officer,2021-01-30,Closed
126,126,82,Investigating Officer,2020-03-31,Closed
127,127,27,Investigating Officer,2025-01-25,Closed
128,128,112,Investigating Officer,2020-09-17,Active
129,129,74,Investigating Officer,2025-04-27,Active
130,130,20,Investigating Officer,2020-09-06,Active
131,131,35,Investigating Officer,2021-02-01,Closed
132,132,21,Investigating Officer,2025-10-24,Closed
133,133,38,Investigating Officer,2024-01-07,Active
134,134,77,Investigating Officer,2022-04-03,Active
135,135,10,Investigating Officer,2022-02-09,Active
136,136,83,Investigating Officer,2021-12-31,Active
137,137,40,Investigating Officer,2023-04-04,Closed
138,138,111,Investigating Officer,2023-06-22,Closed
139,139,25,Investigating Officer,2020-10-15,Active
140,140,50,Investigating Officer,2024-06-05,Active
141,141,86,Investigating Officer,2020-06-17,Active
142,142,78,Investigating Officer,2025-09-01,Closed
143,143,15,Investigating Officer,2020-03-12,Active
144,144,7,Investigating Officer,2020-03-22,Closed
145,145,29,Investigating Officer,2022-07-05,Active
146,146,26,Investigating Officer,2022-05-02,Active
147,147,120,Investigating Officer,2024-07-30,Active
148,148,82,Investigating Officer,2020-04-07,Closed
149,149,96,Investigating Officer,2025-12-13,Active
150,150,70,Investigating Officer,2025-01-03,Active
151,151,54,Investigating Officer,2021-04-09,Active
152,152,95,Investigating Officer,2023-11-09,Active
153,153,94,Investigating Officer,2021-11-23,Active
154,154,89,Investigating Officer,2020-05-08,Active
155,155,84,Investigating Officer,2021-06-26,Closed
156,156,29,Investigating Officer,2020-12-23,Closed
157,157,37,Investigating Officer,2022-01-30,Active
158,158,35,Investigating Officer,2024-12-17,Closed
159,159,32,Investigating Officer,2023-04-30,Active
160,160,18,Investigating Officer,2020-02-19,Closed
161,161,71,Investigating Officer,2023-07-07,Active
162,162,63,Investigating Officer,2021-09-03,Active
163,163,106,Investigating Officer,2025-06-15,Active
164,164,42,Investigating Officer,2023-06-15,Closed
165,165,5,Investigating Officer,2022-10-05,Active
166,166,44,Investigating Officer,2022-08-28,Active
167,167,53,Investigating Officer,2020-08-29,Closed
168,168,116,Investigating Officer,2020-09-05,Active
169,169,17,Investigating Officer,2025-01-03,Active
170,170,62,Investigating Officer,2021-08-03,Active
171,171,27,Investigating Officer,2021-07-27,Active
172,172,29,Investigating Officer,2022-04-28,Closed
173,173,30,Investigating Officer,2025-08-12,Active
174,174,1,Investigating Officer,2024-02-16,Active
175,175,63,Investigating Officer,2021-05-03,Closed
176,176,60,Investigating Officer,2023-05-27,Active
177,177,62,Investigating Officer,2021-11-07,Active
178,178,109,Investigating Officer,2020-08-07,Closed
179,179,23,Investigating Officer,2020-05-04,Closed
180,180,4,Investigating Officer,2025-03-22,Active
181,181,87,Investigating Officer,2024-11-18,Active
182,182,63,Investigating Officer,2024-07-25,Active
183,183,65,Investigating Officer,2025-03-26,Closed
184,184,41,Investigating Officer,2020-11-30,Active
185,185,107,Investigating Officer,2024-05-27,Closed
186,186,13,Investigating Officer,2022-09-17,Closed
187,187,23,Investigating Officer,2024-07-08,Closed
188,188,67,Investigating Officer,2024-04-20,Active
189,189,16,Investigating Officer,2025-02-05,Active
190,190,6,Investigating Officer,2020-10-10,Active
191,191,116,Investigating Officer,2021-09-26,Active
192,192,22,Investigating Officer,2021-06-24,Active
193,193,82,Investigating Officer,2022-12-12,Active
194,194,35,Investigating Officer,2020-06-11,Closed
195,195,27,Investigating Officer,2025-05-21,Active
196,196,14,Investigating Officer,2024-08-20,Closed
197,197,43,Investigating Officer,2025-05-17,Closed
198,198,28,Investigating Officer,2024-02-22,Active
199,199,117,Investigating Officer,2025-04-06,Active
200,200,69,Investigating Officer,2023-10-04,Closed
201,201,113,Investigating Officer,2023-04-08,Closed
202,202,13,Investigating Officer,2024-05-29,Active
203,203,95,Investigating Officer,2024-11-25,Active
204,204,40,Investigating Officer,2020-02-10,Closed
205,205,61,Investigating Officer,2024-04-18,Active
206,206,52,Investigating Officer,2023-06-17,Closed
207,207,41,Investigating Officer,2024-11-23,Closed
208,208,52,Investigating Officer,2022-08-03,Active
209,209,86,Investigating Officer,2024-11-26,Closed
210,210,70,Investigating Officer,2021-01-03,Closed
211,211,13,Investigating Officer,2020-08-01,Active
212,212,54,Investigating Officer,2025-12-27,Active
213,213,77,Investigating Officer,2025-04-05,Active
214,214,15,Investigating Officer,2020-01-03,Active
215,215,78,Investigating Officer,2024-07-27,Active
216,216,41,Investigating Officer,2025-01-16,Active
217,217,81,Investigating Officer,2021-08-19,Active
218,218,97,Investigating Officer,2021-08-20,Active
219,219,112,Investigating Officer,2025-06-19,Closed
220,220,18,Investigating Officer,2024-06-03,Closed
221,221,49,Investigating Officer,2022-06-16,Closed
222,222,113,Investigating Officer,2022-10-01,Closed
223,223,44,Investigating Officer,2025-03-16,Closed
224,224,10,Investigating Officer,2021-09-22,Active
225,225,32,Investigating Officer,2023-09-01,Active
226,226,68,Investigating Officer,2020-06-14,Closed
227,227,15,Investigating Officer,2021-07-21,Active
228,228,58,Investigating Officer,2024-09-08,Closed
229,229,13,Investigating Officer,2023-08-03,Active
230,230,13,Investigating Officer,2024-05-14,Active
231,231,49,Investigating Officer,2023-10-02,Active
232,232,37,Investigating Officer,2025-08-30,Active
233,233,113,Investigating Officer,2025-04-27,Active
234,234,8,Investigating Officer,2022-09-05,Closed
235,235,94,Investigating Officer,2025-12-27,Closed
236,236,4,Investigating Officer,2021-11-23,Closed
237,237,2,Investigating Officer,2023-01-11,Active
238,238,38,Investigating Officer,2020-03-15,Active
239,239,82,Investigating Officer,2022-05-19,Active
240,240,1,Investigating Officer,2024-03-05,Active
241,241,64,Investigating Officer,2023-07-22,Closed
242,242,102,Investigating Officer,2023-06-17,Active
243,243,41,Investigating Officer,2022-08-06,Active
244,244,18,Investigating Officer,2020-08-01,Active
245,245,110,Investigating Officer,2020-03-09,Active
246,246,38,Investigating Officer,2020-08-31,Active
247,247,94,Investigating Officer,2024-07-19,Active
248,248,25,Investigating Officer,2021-04-06,Active
249,249,75,Investigating Officer,2024-12-21,Active
250,250,90,Investigating Officer,2024-08-20,Closed
251,251,73,Investigating Officer,2022-06-22,Closed
252,252,102,Investigating Officer,2020-03-24,Active
253,253,30,Investigating Officer,2024-09-15,Closed
254,254,93,Investigating Officer,2023-08-23,Active
255,255,41,Investigating Officer,2021-02-24,Active
256,256,17,Investigating Officer,2021-05-01,Closed
257,257,64,Investigating Officer,2023-02-11,Active
258,258,34,Investigating Officer,2022-03-20,Closed
259,259,15,Investigating Officer,2025-04-24,Active
260,260,108,Investigating Officer,2025-01-29,Closed
261,261,90,Investigating Officer,2021-04-17,Closed
262,262,25,Investigating Officer,2025-09-13,Active
263,263,40,Investigating Officer,2021-01-01,Active
264,264,6,Investigating Officer,2020-04-09,Closed
265,265,115,Investigating Officer,2023-12-18,Active
266,266,13,Investigating Officer,2025-08-15,Active
267,267,100,Investigating Officer,2024-07-17,Closed
268,268,121,Investigating Officer,2022-05-01,Active
269,269,50,Investigating Officer,2025-12-07,Closed
270,270,30,Investigating Officer,2024-06-26,Closed
271,271,101,Investigating Officer,2023-06-22,Active
272,272,34,Investigating Officer,2020-12-12,Active
273,273,54,Investigating Officer,2025-03-22,Active
274,274,114,Investigating Officer,2021-05-15,Active
275,275,38,Investigating Officer,2024-07-16,Active
276,276,100,Investigating Officer,2022-01-27,Active
277,277,94,Investigating Officer,2021-05-05,Active
278,278,123,Investigating Officer,2021-03-21,Closed
279,279,13,Investigating Officer,2023-10-04,Closed
280,280,64,Investigating Officer,2024-10-21,Active
281,281,6,Investigating Officer,2025-02-09,Active
282,282,106,Investigating Officer,2022-05-13,Active
283,283,100,Investigating Officer,2022-05-18,Active
284,284,5,Investigating Officer,2022-11-11,Active
285,285,88,Investigating Officer,2021-08-17,Active
286,286,39,Investigating Officer,2021-03-19,Closed
287,287,89,Investigating Officer,2024-12-15,Active
288,288,6,Investigating Officer,2020-01-13,Closed
289,289,16,Investigating Officer,2024-03-29,Closed
290,290,76,Investigating Officer,2023-06-26,Active
291,291,97,Investigating Officer,2022-03-02,Closed
292,292,121,Investigating Officer,2024-08-11,Active
293,293,81,Investigating Officer,2023-11-12,Active
294,294,103,Investigating Officer,2022-03-23,Active
295,295,33,Investigating Officer,2021-10-31,Closed
296,296,103,Investigating Officer,2020-07-20,Active
297,297,21,Investigating Officer,2021-03-19,Active
298,298,37,Investigating Officer,2021-12-03,Closed
299,299,63,Investigating Officer,2022-07-26,Active
300,300,76,Investigating Officer,2020-03-04,Active
301,301,105,Investigating Officer,2022-12-21,Closed
302,302,52,Investigating Officer,2020-03-07,Active
303,303,25,Investigating Officer,2025-09-28,Active
304,304,104,Investigating Officer,2022-02-03,Active
305,305,83,Investigating Officer,2021-06-14,Active
306,306,4,Investigating Officer,2024-05-17,Active
307,307,76,Investigating Officer,2022-03-14,Closed
308,308,111,Investigating Officer,2024-07-16,Active
309,309,45,Investigating Officer,2024-02-24,Active
310,310,56,Investigating Officer,2020-02-01,Active
311,311,53,Investigating Officer,2024-01-31,Closed
312,312,100,Investigating Officer,2025-01-06,Active
313,313,24,Investigating Officer,2020-09-03,Active
314,314,84,Investigating Officer,2025-09-05,Closed
315,315,72,Investigating Officer,2023-03-25,Closed
316,316,43,Investigating Officer,2021-06-21,Active
317,317,19,Investigating Officer,2025-10-30,Closed
318,318,27,Investigating Officer,2021-11-17,Closed
319,319,3,Investigating Officer,2020-08-29,Active
320,320,88,Investigating Officer,2023-12-04,Active
321,321,90,Investigating Officer,2022-09-14,Active
322,322,36,Investigating Officer,2023-08-27,Closed
323,323,28,Investigating Officer,2023-08-24,Active
324,324,94,Investigating Officer,2023-04-02,Active
325,325,85,Investigating Officer,2023-09-18,Active
326,326,19,Investigating Officer,2024-06-14,Closed
327,327,111,Investigating Officer,2024-03-04,Active
328,328,109,Investigating Officer,2020-09-29,Closed
329,329,17,Investigating Officer,2023-02-09,Closed
330,330,122,Investigating Officer,2021-04-18,Closed
331,331,19,Investigating Officer,2020-06-20,Closed
332,332,84,Investigating Officer,2020-02-24,Active
333,333,26,Investigating Officer,2023-08-30,Closed
334,334,67,Investigating Officer,2020-03-10,Active
335,335,28,Investigating Officer,2020-08-08,Closed
336,336,79,Investigating Officer,2023-02-26,Closed
337,337,77,Investigating Officer,2025-01-23,Active
338,338,26,Investigating Officer,2025-03-06,Active
339,339,94,Investigating Officer,2020-02-23,Active
340,340,46,Investigating Officer,2023-09-22,Active
341,341,101,Investigating Officer,2024-10-10,Active
342,342,76,Investigating Officer,2020-11-19,Active
343,343,22,Investigating Officer,2025-03-29,Closed
344,344,61,Investigating Officer,2023-07-21,Active
345,345,86,Investigating Officer,2024-04-14,Closed
346,346,82,Investigating Officer,2021-04-11,Active
347,347,11,Investigating Officer,2022-11-28,Active
348,348,16,Investigating Officer,2025-08-24,Active
349,349,68,Investigating Officer,2024-12-08,Closed
350,350,59,Investigating Officer,2020-12-10,Closed
351,351,91,Investigating Officer,2022-12-30,Active
352,352,107,Investigating Officer,2024-03-25,Active
353,353,74,Investigating Officer,2024-10-24,Active
354,354,79,Investigating Officer,2020-01-02,Active
355,355,101,Investigating Officer,2024-10-06,Closed
356,356,93,Investigating Officer,2023-10-31,Active
357,357,20,Investigating Officer,2022-03-02,Closed
358,358,7,Investigating Officer,2024-06-29,Active
359,359,120,Investigating Officer,2024-06-09,Active
360,360,117,Investigating Officer,2025-05-10,Active
361,361,77,Investigating Officer,2022-10-15,Active
362,362,59,Investigating Officer,2022-01-02,Active
363,363,62,Investigating Officer,2025-06-30,Active
364,364,26,Investigating Officer,2024-09-11,Active
365,365,83,Investigating Officer,2025-04-25,Active
366,366,123,Investigating Officer,2020-01-26,Closed
367,367,53,Investigating Officer,2022-12-13,Active
368,368,103,Investigating Officer,2021-11-22,Closed
369,369,49,Investigating Officer,2023-03-14,Closed
370,370,18,Investigating Officer,2022-04-24,Closed
371,371,103,Investigating Officer,2024-05-04,Active
372,372,58,Investigating Officer,2025-10-09,Active
373,373,42,Investigating Officer,2020-09-27,Active
374,374,51,Investigating Officer,2024-10-09,Active
375,375,49,Investigating Officer,2021-01-01,Active
376,376,108,Investigating Officer,2021-10-05,Active
377,377,4,Investigating Officer,2025-03-04,Active
378,378,56,Investigating Officer,2023-03-31,Active
379,379,19,Investigating Officer,2020-03-10,Active
380,380,74,Investigating Officer,2020-10-29,Closed
381,381,112,Investigating Officer,2020-06-20,Active
382,382,89,Investigating Officer,2024-11-10,Active
383,383,111,Investigating Officer,2020-04-05,Active
384,384,108,Investigating Officer,2021-07-24,Active
385,385,106,Investigating Officer,2024-07-07,Closed
386,386,21,Investigating Officer,2023-04-17,Active
387,387,77,Investigating Officer,2024-08-06,Active
388,388,100,Investigating Officer,2025-01-27,Closed
389,389,3,Investigating Officer,2021-03-23,Active
390,390,114,Investigating Officer,2020-01-19,Closed
391,391,110,Investigating Officer,2023-11-12,Active
392,392,13,Investigating Officer,2020-07-04,Active
393,393,81,Investigating Officer,2023-01-23,Active
394,394,60,Investigating Officer,2020-07-13,Active
395,395,1,Investigating Officer,2023-08-22,Closed
396,396,30,Investigating Officer,2024-12-28,Active
397,397,25,Investigating Officer,2024-01-03,Closed
398,398,118,Investigating Officer,2023-03-03,Closed
399,399,13,Investigating Officer,2023-03-25,Active
400,400,56,Investigating Officer,2021-01-19,Active
401,401,95,Investigating Officer,2020-03-19,Active
402,402,27,Investigating Officer,2022-03-04,Active
403,403,123,Investigating Officer,2020-10-25,Active
404,404,28,Investigating Officer,2023-06-14,Active
405,405,46,Investigating Officer,2020-12-28,Closed
406,406,63,Investigating Officer,2020-12-25,Active
407,407,13,Investigating Officer,2020-04-11,Active
408,408,31,Investigating Officer,2025-11-09,Active
409,409,62,Investigating Officer,2025-04-10,Closed
410,410,116,Investigating Officer,2025-05-18,Active
411,411,103,Investigating Officer,2021-07-08,Active
412,412,26,Investigating Officer,2020-02-23,Closed
413,413,9,Investigating Officer,2025-08-23,Active
414,414,20,Investigating Officer,2021-06-24,Closed
415,415,40,Investigating Officer,2022-12-15,Active
416,416,70,Investigating Officer,2024-05-29,Active
417,417,49,Investigating Officer,2024-12-11,Closed
418,418,73,Investigating Officer,2020-12-28,Active
419,419,7,Investigating Officer,2021-02-05,Active
420,420,57,Investigating Officer,2024-02-06,Active
421,421,75,Investigating Officer,2023-01-05,Active
422,422,54,Investigating Officer,2025-08-21,Active
423,423,64,Investigating Officer,2021-08-07,Active
424,424,22,Investigating Officer,2021-05-16,Active
425,425,87,Investigating Officer,2025-02-18,Active
426,426,85,Investigating Officer,2023-07-27,Closed
427,427,33,Investigating Officer,2025-12-06,Active
428,428,9,Investigating Officer,2024-01-02,Active
429,429,36,Investigating Officer,2022-03-09,Active
430,430,69,Investigating Officer,2025-10-23,Active
431,431,28,Investigating Officer,2022-07-18,Active
432,432,91,Investigating Officer,2025-02-23,Active
433,433,106,Investigating Officer,2021-01-02,Active
434,434,42,Investigating Officer,2021-08-03,Closed
435,435,77,Investigating Officer,2023-10-14,Active
436,436,21,Investigating Officer,2025-06-11,Closed
437,437,55,Investigating Officer,2025-04-23,Active
438,438,13,Investigating Officer,2023-09-13,Active
439,439,4,Investigating Officer,2021-10-10,Active
440,440,90,Investigating Officer,2024-07-20,Closed
441,441,101,Investigating Officer,2024-09-17,Closed
442,442,113,Investigating Officer,2022-08-13,Closed
443,443,2,Investigating Officer,2024-06-08,Closed
444,444,50,Investigating Officer,2020-04-04,Active
445,445,109,Investigating Officer,2024-04-06,Active
446,446,61,Investigating Officer,2024-05-30,Closed
447,447,112,Investigating Officer,2022-11-24,Active
448,448,42,Investigating Officer,2025-12-23,Active
449,449,7,Investigating Officer,2025-10-25,Active
450,450,75,Investigating Officer,2022-07-04,Active
451,451,39,Investigating Officer,2025-04-14,Active
452,452,104,Investigating Officer,2022-04-18,Active
453,453,87,Investigating Officer,2025-08-28,Active
454,454,12,Investigating Officer,2025-06-18,Closed
455,455,118,Investigating Officer,2024-05-19,Active
456,456,19,Investigating Officer,2022-07-29,Closed
457,457,48,Investigating Officer,2021-12-11,Active
458,458,25,Investigating Officer,2025-02-20,Active
459,459,80,Investigating Officer,2025-03-09,Active
460,460,44,Investigating Officer,2021-09-23,Active
461,461,29,Investigating Officer,2022-10-17,Active
462,462,107,Investigating Officer,2020-07-23,Active
463,463,67,Investigating Officer,2021-03-24,Active
464,464,75,Investigating Officer,2024-04-15,Active
465,465,64,Investigating Officer,2020-03-26,Closed
466,466,76,Investigating Officer,2021-10-17,Active
467,467,25,Investigating Officer,2021-10-07,Closed
468,468,30,Investigating Officer,2023-04-30,Closed
469,469,105,Investigating Officer,2020-06-27,Closed
470,470,23,Investigating Officer,2021-09-21,Closed
471,471,2,Investigating Officer,2021-12-28,Closed
472,472,23,Investigating Officer,2022-06-10,Active
473,473,103,Investigating Officer,2023-02-26,Closed
474,474,110,Investigating Officer,2021-10-20,Closed
475,475,33,Investigating Officer,2024-06-10,Active
476,476,119,Investigating Officer,2020-09-01,Closed
477,477,40,Investigating Officer,2024-07-27,Active
478,478,99,Investigating Officer,2022-07-13,Closed
479,479,96,Investigating Officer,2020-06-26,Active
480,480,24,Investigating Officer,2024-09-12,Closed
481,481,105,Investigating Officer,2023-12-20,Active
482,482,60,Investigating Officer,2024-12-27,Active
483,483,89,Investigating Officer,2025-08-01,Active
484,484,42,Investigating Officer,2025-12-24,Closed
485,485,32,Investigating Officer,2020-06-09,Closed
486,486,39,Investigating Officer,2023-09-13,Active
487,487,86,Investigating Officer,2020-07-12,Active
488,488,105,Investigating Officer,2024-11-04,Active
489,489,22,Investigating Officer,2023-04-25,Active
490,490,73,Investigating Officer,2021-04-23,Closed
491,491,57,Investigating Officer,2022-11-25,Active
492,492,16,Investigating Officer,2023-09-26,Closed
493,493,47,Investigating Officer,2021-08-09,Closed
494,494,58,Investigating Officer,2021-07-27,Active
495,495,115,Investigating Officer,2025-02-03,Closed
496,496,23,Investigating Officer,2025-02-24,Active
497,497,48,Investigating Officer,2024-10-15,Closed
498,498,23,Investigating Officer,2024-07-31,Active
499,499,94,Investigating Officer,2024-12-18,Active
500,500,11,Investigating Officer,2020-05-31,Active
501,501,31,Investigating Officer,2023-02-08,Closed
502,502,65,Investigating Officer,2025-10-30,Closed
503,503,25,Investigating Officer,2025-01-24,Active
504,504,19,Investigating Officer,2020-05-01,Active
505,505,120,Investigating Officer,2021-03-07,Closed
506,506,3,Investigating Officer,2023-07-28,Active
507,507,58,Investigating Officer,2023-12-02,Active
508,508,42,Investigating Officer,2025-12-14,Active
509,509,104,Investigating Officer,2021-01-05,Active
510,510,119,Investigating Officer,2025-09-12,Active
511,511,50,Investigating Officer,2020-11-09,Active
512,512,103,Investigating Officer,2022-05-26,Active
513,513,5,Investigating Officer,2024-09-09,Active
514,514,53,Investigating Officer,2021-04-03,Closed
515,515,20,Investigating Officer,2020-05-23,Active
516,516,92,Investigating Officer,2021-01-21,Active
517,517,50,Investigating Officer,2022-08-10,Closed
518,518,40,Investigating Officer,2022-09-10,Active
519,519,51,Investigating Officer,2022-04-18,Active
520,520,101,Investigating Officer,2022-05-31,Closed
521,521,14,Investigating Officer,2024-08-03,Active
522,522,118,Investigating Officer,2020-05-21,Active
523,523,49,Investigating Officer,2023-02-18,Active
524,524,55,Investigating Officer,2022-01-22,Active
525,525,93,Investigating Officer,2020-04-02,Closed
526,526,25,Investigating Officer,2024-01-10,Closed
527,527,57,Investigating Officer,2024-08-21,Active
528,528,5,Investigating Officer,2024-11-30,Active
529,529,102,Investigating Officer,2024-05-28,Active
530,530,61,Investigating Officer,2021-08-29,Active
531,531,5,Investigating Officer,2022-10-15,Active
532,532,5,Investigating Officer,2024-04-23,Active
533,533,73,Investigating Officer,2023-05-14,Active
534,534,47,Investigating Officer,2022-09-27,Active
535,535,37,Investigating Officer,2020-10-07,Active
536,536,12,Investigating Officer,2022-12-29,Active
537,537,28,Investigating Officer,2025-08-13,Active
538,538,16,Investigating Officer,2021-07-25,Closed
539,539,115,Investigating Officer,2022-12-19,Closed
540,540,82,Investigating Officer,2021-05-27,Closed
541,541,59,Investigating Officer,2024-12-06,Active
542,542,59,Investigating Officer,2022-11-28,Closed
543,543,1,Investigating Officer,2024-05-05,Active
544,544,18,Investigating Officer,2022-04-30,Active
545,545,80,Investigating Officer,2021-09-16,Closed
546,546,54,Investigating Officer,2021-05-21,Active
547,547,98,Investigating Officer,2020-09-22,Active
548,548,52,Investigating Officer,2022-10-09,Closed
549,549,11,Investigating Officer,2021-03-06,Active
550,550,95,Investigating Officer,2025-03-26,Closed
551,551,55,Investigating Officer,2025-11-15,Active
552,552,87,Investigating Officer,2025-04-15,Active
553,553,27,Investigating Officer,2024-04-22,Active
554,554,107,Investigating Officer,2025-03-21,Active
555,555,74,Investigating Officer,2022-11-29,Closed
556,556,81,Investigating Officer,2024-05-09,Closed
557,557,110,Investigating Officer,2025-08-23,Active
558,558,75,Investigating Officer,2022-09-30,Active
559,559,29,Investigating Officer,2021-05-15,Closed
560,560,95,Investigating Officer,2024-01-23,Active
561,561,72,Investigating Officer,2025-03-09,Closed
562,562,44,Investigating Officer,2022-06-05,Active
563,563,64,Investigating Officer,2025-12-03,Active
564,564,41,Investigating Officer,2024-06-30,Active
565,565,102,Investigating Officer,2022-08-15,Closed
566,566,62,Investigating Officer,2024-10-23,Active
567,567,113,Investigating Officer,2022-09-15,Closed
568,568,90,Investigating Officer,2024-10-10,Closed
569,569,83,Investigating Officer,2022-04-29,Active
570,570,14,Investigating Officer,2022-06-03,Active
571,571,74,Investigating Officer,2024-12-09,Active
572,572,107,Investigating Officer,2022-06-15,Active
573,573,82,Investigating Officer,2024-09-15,Active
574,574,99,Investigating Officer,2023-05-19,Active
575,575,70,Investigating Officer,2022-09-02,Active
576,576,66,Investigating Officer,2021-04-09,Closed
577,577,46,Investigating Officer,2023-04-21,Active
578,578,10,Investigating Officer,2024-05-27,Active
579,579,2,Investigating Officer,2023-01-03,Active
580,580,53,Investigating Officer,2025-09-14,Active
581,581,104,Investigating Officer,2021-07-16,Closed
582,582,10,Investigating Officer,2025-06-10,Active
583,583,105,Investigating Officer,2020-01-31,Active
584,584,32,Investigating Officer,2023-04-02,Active
585,585,78,Investigating Officer,2025-09-11,Active
586,586,103,Investigating Officer,2021-11-19,Active
587,587,115,Investigating Officer,2024-09-06,Active
588,588,6,Investigating Officer,2020-11-02,Active
589,589,80,Investigating Officer,2021-08-11,Active
590,590,67,Investigating Officer,2022-07-23,Active
591,591,56,Investigating Officer,2023-05-12,Closed
592,592,7,Investigating Officer,2022-10-25,Closed
593,593,120,Investigating Officer,2023-05-12,Active
594,594,99,Investigating Officer,2025-01-11,Active
595,595,52,Investigating Officer,2020-01-14,Active
596,596,7,Investigating Officer,2025-05-07,Active
597,597,78,Investigating Officer,2025-01-22,Active
598,598,117,Investigating Officer,2021-09-02,Closed
599,599,72,Investigating Officer,2020-05-16,Closed
600,600,23,Investigating Officer,2022-01-19,Active
601,601,65,Investigating Officer,2024-05-05,Active
602,602,6,Investigating Officer,2021-07-19,Closed
603,603,14,Investigating Officer,2020-03-01,Active
604,604,40,Investigating Officer,2025-03-14,Active
605,605,48,Investigating Officer,2022-08-30,Active
606,606,104,Investigating Officer,2024-02-15,Closed
607,607,14,Investigating Officer,2024-08-23,Closed
608,608,51,Investigating Officer,2025-09-24,Active
609,609,103,Investigating Officer,2025-02-03,Closed
610,610,101,Investigating Officer,2022-01-23,Closed
611,611,100,Investigating Officer,2022-09-10,Active
612,612,66,Investigating Officer,2025-06-07,Active
613,613,44,Investigating Officer,2020-02-06,Active
614,614,58,Investigating Officer,2022-06-29,Active
615,615,103,Investigating Officer,2025-01-24,Active
616,616,79,Investigating Officer,2021-06-13,Closed
617,617,25,Investigating Officer,2024-06-18,Closed
618,618,91,Investigating Officer,2025-10-09,Active
619,619,21,Investigating Officer,2025-12-02,Closed
620,620,15,Investigating Officer,2022-07-18,Active
621,621,104,Investigating Officer,2024-04-20,Active
622,622,83,Investigating Officer,2022-12-05,Active
623,623,1,Investigating Officer,2024-08-02,Active
624,624,61,Investigating Officer,2022-03-06,Active
625,625,36,Investigating Officer,2023-09-28,Active
626,626,58,Investigating Officer,2023-03-19,Active
627,627,61,Investigating Officer,2025-04-14,Active
628,628,9,Investigating Officer,2023-12-21,Closed
629,629,24,Investigating Officer,2025-07-07,Active
630,630,103,Investigating Officer,2020-04-08,Closed
631,631,87,Investigating Officer,2021-09-12,Active
632,632,116,Investigating Officer,2022-12-15,Active
633,633,23,Investigating Officer,2023-03-01,Active
634,634,22,Investigating Officer,2020-05-12,Active
635,635,11,Investigating Officer,2022-03-16,Closed
636,636,34,Investigating Officer,2020-01-12,Active
637,637,77,Investigating Officer,2024-06-09,Active
638,638,112,Investigating Officer,2021-11-06,Closed
639,639,70,Investigating Officer,2022-02-03,Active
640,640,25,Investigating Officer,2023-02-27,Active
641,641,57,Investigating Officer,2024-07-21,Active
642,642,59,Investigating Officer,2025-01-07,Active
643,643,14,Investigating Officer,2024-09-29,Active
644,644,11,Investigating Officer,2024-02-05,Active
645,645,84,Investigating Officer,2024-07-15,Closed
646,646,71,Investigating Officer,2022-01-30,Closed
647,647,40,Investigating Officer,2025-05-16,Active
648,648,88,Investigating Officer,2022-02-04,Active
649,649,2,Investigating Officer,2022-07-22,Closed
650,650,17,Investigating Officer,2023-11-02,Active
651,651,41,Investigating Officer,2024-11-06,Active
652,652,6,Investigating Officer,2020-01-15,Closed
653,653,60,Investigating Officer,2025-07-24,Closed
654,654,47,Investigating Officer,2025-09-13,Active
655,655,42,Investigating Officer,2025-06-07,Active
656,656,3,Investigating Officer,2021-08-08,Active
657,657,65,Investigating Officer,2022-07-22,Active
658,658,32,Investigating Officer,2025-03-03,Active
659,659,56,Investigating Officer,2024-04-23,Closed
660,660,62,Investigating Officer,2023-01-08,Closed
661,661,79,Investigating Officer,2021-06-26,Closed
662,662,69,Investigating Officer,2021-02-13,Active
663,663,61,Investigating Officer,2022-11-17,Active
664,664,8,Investigating Officer,2020-03-22,Closed
665,665,43,Investigating Officer,2020-10-10,Closed
666,666,75,Investigating Officer,2023-05-08,Active
667,667,4,Investigating Officer,2021-07-28,Active
668,668,5,Investigating Officer,2021-09-21,Active
669,669,84,Investigating Officer,2025-11-10,Active
670,670,43,Investigating Officer,2020-05-07,Active
671,671,35,Investigating Officer,2020-12-20,Active
672,672,114,Investigating Officer,2021-09-17,Active
673,673,84,Investigating Officer,2025-01-09,Active
674,674,105,Investigating Officer,2025-01-27,Active
675,675,41,Investigating Officer,2024-08-10,Active
676,676,66,Investigating Officer,2021-02-12,Closed
677,677,74,Investigating Officer,2020-05-30,Active
678,678,60,Investigating Officer,2020-07-08,Closed
679,679,31,Investigating Officer,2021-02-14,Active
680,680,52,Investigating Officer,2024-02-14,Closed
681,681,85,Investigating Officer,2025-12-26,Active
682,682,49,Investigating Officer,2023-04-16,Active
683,683,68,Investigating Officer,2024-02-08,Closed
684,684,65,Investigating Officer,2021-11-01,Closed
685,685,40,Investigating Officer,2025-04-12,Active
686,686,3,Investigating Officer,2020-11-11,Active
687,687,42,Investigating Officer,2023-03-24,Closed
688,688,5,Investigating Officer,2022-02-05,Active
689,689,46,Investigating Officer,2021-07-04,Active
690,690,118,Investigating Officer,2025-04-26,Closed
691,691,71,Investigating Officer,2021-07-27,Active
692,692,122,Investigating Officer,2024-03-18,Closed
693,693,51,Investigating Officer,2025-05-24,Active
694,694,72,Investigating Officer,2022-03-21,Active
695,695,56,Investigating Officer,2024-11-18,Active
696,696,50,Investigating Officer,2025-12-30,Active
697,697,12,Investigating Officer,2020-01-10,Active
698,698,66,Investigating Officer,2023-10-04,Active
699,699,113,Investigating Officer,2021-01-25,Active
700,700,73,Investigating Officer,2021-01-26,Active
701,701,24,Investigating Officer,2022-09-23,Closed
702,702,34,Investigating Officer,2024-10-24,Closed
703,703,123,Investigating Officer,2025-04-16,Active
704,704,121,Investigating Officer,2024-09-01,Closed
705,705,64,Investigating Officer,2021-06-05,Closed
706,706,89,Investigating Officer,2022-03-15,Active
707,707,57,Investigating Officer,2020-11-12,Active
708,708,73,Investigating Officer,2020-01-17,Active
709,709,78,Investigating Officer,2024-12-15,Active
710,710,113,Investigating Officer,2020-02-16,Closed
711,711,6,Investigating Officer,2022-07-07,Closed
712,712,8,Investigating Officer,2022-03-08,Active
713,713,15,Investigating Officer,2022-06-05,Active
714,714,108,Investigating Officer,2024-09-04,Active
715,715,65,Investigating Officer,2021-09-30,Active
716,716,18,Investigating Officer,2022-04-12,Active
717,717,22,Investigating Officer,2023-05-10,Closed
718,718,16,Investigating Officer,2023-05-20,Active
719,719,12,Investigating Officer,2024-11-09,Active
720,720,15,Investigating Officer,2023-02-04,Active
721,721,77,Investigating Officer,2025-08-29,Active
722,722,8,Investigating Officer,2021-03-31,Closed
723,723,81,Investigating Officer,2020-08-29,Closed
724,724,25,Investigating Officer,2022-01-11,Closed
725,725,53,Investigating Officer,2022-07-23,Active
726,726,82,Investigating Officer,2025-06-27,Active
727,727,64,Investigating Officer,2023-09-25,Active
728,728,106,Investigating Officer,2020-04-02,Closed
729,729,85,Investigating Officer,2024-07-06,Active
730,730,83,Investigating Officer,2023-05-05,Active
731,731,17,Investigating Officer,2024-12-24,Active
732,732,33,Investigating Officer,2023-04-26,Active
733,733,8,Investigating Officer,2021-05-31,Active
734,734,109,Investigating Officer,2021-10-26,Active
735,735,26,Investigating Officer,2020-07-07,Active
736,736,6,Investigating Officer,2025-03-15,Active
737,737,24,Investigating Officer,2025-08-10,Active
738,738,94,Investigating Officer,2020-01-09,Closed
739,739,69,Investigating Officer,2020-01-11,Closed
740,740,121,Investigating Officer,2023-03-12,Closed
741,741,95,Investigating Officer,2024-10-19,Active
742,742,80,Investigating Officer,2021-09-30,Active
743,743,23,Investigating Officer,2020-10-20,Active
744,744,47,Investigating Officer,2022-10-03,Active
745,745,40,Investigating Officer,2022-11-22,Active
746,746,74,Investigating Officer,2024-10-18,Active
747,747,96,Investigating Officer,2024-05-25,Active
748,748,6,Investigating Officer,2021-07-19,Closed
749,749,81,Investigating Officer,2022-08-05,Active
750,750,37,Investigating Officer,2025-03-05,Active
751,751,40,Investigating Officer,2021-01-18,Active
752,752,76,Investigating Officer,2020-02-18,Active
753,753,10,Investigating Officer,2025-10-22,Closed
754,754,105,Investigating Officer,2020-12-17,Active
755,755,28,Investigating Officer,2021-01-18,Active
756,756,10,Investigating Officer,2022-06-06,Active
757,757,64,Investigating Officer,2023-09-14,Active
758,758,102,Investigating Officer,2023-02-28,Active
759,759,41,Investigating Officer,2024-11-20,Active
760,760,14,Investigating Officer,2023-08-07,Active
761,761,47,Investigating Officer,2023-03-02,Active
762,762,40,Investigating Officer,2020-01-27,Closed
763,763,12,Investigating Officer,2025-10-22,Active
764,764,44,Investigating Officer,2025-06-04,Closed
765,765,115,Investigating Officer,2020-12-05,Closed
766,766,86,Investigating Officer,2024-10-15,Closed
767,767,74,Investigating Officer,2022-03-08,Closed
768,768,50,Investigating Officer,2025-02-21,Active
769,769,79,Investigating Officer,2021-07-05,Active
770,770,115,Investigating Officer,2024-07-08,Active
771,771,26,Investigating Officer,2024-09-29,Closed
772,772,12,Investigating Officer,2020-03-12,Active
773,773,63,Investigating Officer,2022-06-08,Active
774,774,100,Investigating Officer,2023-06-22,Active
775,775,45,Investigating Officer,2024-10-05,Active
776,776,109,Investigating Officer,2022-11-16,Active
777,777,96,Investigating Officer,2025-01-08,Closed
778,778,78,Investigating Officer,2025-05-15,Active
779,779,78,Investigating Officer,2025-02-26,Active
780,780,31,Investigating Officer,2025-03-14,Active
781,781,108,Investigating Officer,2025-12-19,Closed
782,782,78,Investigating Officer,2025-12-28,Closed
783,783,102,Investigating Officer,2025-07-05,Closed
784,784,78,Investigating Officer,2025-07-13,Active
785,785,1,Investigating Officer,2022-03-12,Active
786,786,96,Investigating Officer,2023-02-08,Active
787,787,43,Investigating Officer,2023-02-23,Closed
788,788,106,Investigating Officer,2021-10-17,Active
789,789,115,Investigating Officer,2024-07-31,Active
790,790,115,Investigating Officer,2024-06-30,Closed
791,791,30,Investigating Officer,2023-01-09,Active
792,792,122,Investigating Officer,2020-04-04,Closed
793,793,95,Investigating Officer,2022-02-09,Active
794,794,75,Investigating Officer,2023-11-09,Active
795,795,117,Investigating Officer,2022-08-08,Active
796,796,81,Investigating Officer,2024-12-16,Active
797,797,98,Investigating Officer,2024-12-15,Active
798,798,14,Investigating Officer,2020-08-30,Closed
799,799,102,Investigating Officer,2020-06-06,Active
800,800,19,Investigating Officer,2025-04-14,Closed
801,801,58,Investigating Officer,2022-07-10,Active
802,802,115,Investigating Officer,2020-09-20,Active
803,803,48,Investigating Officer,2023-08-12,Closed
804,804,17,Investigating Officer,2020-08-19,Closed
805,805,12,Investigating Officer,2025-08-22,Closed
806,806,104,Investigating Officer,2022-09-10,Active
807,807,31,Investigating Officer,2022-08-20,Active
808,808,47,Investigating Officer,2025-05-15,Active
809,809,11,Investigating Officer,2025-02-13,Active
810,810,114,Investigating Officer,2022-12-20,Closed
811,811,24,Investigating Officer,2021-08-02,Active
812,812,93,Investigating Officer,2021-11-10,Active
813,813,22,Investigating Officer,2024-08-31,Active
814,814,75,Investigating Officer,2024-05-06,Active
815,815,18,Investigating Officer,2022-01-11,Closed
816,816,29,Investigating Officer,2025-01-24,Closed
817,817,66,Investigating Officer,2025-05-08,Active
818,818,107,Investigating Officer,2020-02-08,Active
819,819,79,Investigating Officer,2024-08-08,Active
820,820,94,Investigating Officer,2023-11-26,Active
821,821,9,Investigating Officer,2020-08-18,Active
822,822,108,Investigating Officer,2021-09-19,Closed
823,823,15,Investigating Officer,2025-07-14,Closed
824,824,106,Investigating Officer,2021-01-19,Closed
825,825,112,Investigating Officer,2023-02-10,Active
826,826,42,Investigating Officer,2022-02-25,Closed
827,827,20,Investigating Officer,2020-09-08,Closed
828,828,107,Investigating Officer,2021-09-28,Active
829,829,83,Investigating Officer,2024-09-02,Active
830,830,18,Investigating Officer,2025-09-14,Active
831,831,34,Investigating Officer,2024-04-12,Closed
832,832,38,Investigating Officer,2022-08-02,Active
833,833,105,Investigating Officer,2022-11-20,Closed
834,834,36,Investigating Officer,2021-07-01,Closed
835,835,92,Investigating Officer,2022-10-15,Active
836,836,2,Investigating Officer,2023-01-27,Active
837,837,80,Investigating Officer,2020-04-01,Active
838,838,69,Investigating Officer,2023-08-27,Closed
839,839,119,Investigating Officer,2025-10-19,Closed
840,840,51,Investigating Officer,2024-11-15,Active
841,841,95,Investigating Officer,2024-03-21,Closed
842,842,67,Investigating Officer,2020-03-30,Active
843,843,95,Investigating Officer,2025-04-28,Closed
844,844,43,Investigating Officer,2021-09-08,Active
845,845,35,Investigating Officer,2024-05-08,Active
846,846,48,Investigating Officer,2023-10-01,Active
847,847,4,Investigating Officer,2024-09-21,Closed
848,848,7,Investigating Officer,2020-05-17,Closed
849,849,27,Investigating Officer,2020-05-10,Closed
850,850,70,Investigating Officer,2020-11-18,Active
851,851,15,Investigating Officer,2025-04-10,Closed
852,852,74,Investigating Officer,2020-03-05,Active
853,853,35,Investigating Officer,2020-03-12,Active
854,854,59,Investigating Officer,2022-05-23,Active
855,855,33,Investigating Officer,2025-08-28,Active
856,856,14,Investigating Officer,2020-02-05,Closed
857,857,116,Investigating Officer,2020-08-25,Active
858,858,34,Investigating Officer,2021-02-01,Active
859,859,36,Investigating Officer,2021-02-25,Active
860,860,55,Investigating Officer,2022-03-16,Active
861,861,21,Investigating Officer,2024-07-26,Active
862,862,35,Investigating Officer,2021-08-02,Active
863,863,16,Investigating Officer,2021-10-17,Active
864,864,120,Investigating Officer,2021-08-21,Closed
865,865,68,Investigating Officer,2025-02-10,Active
866,866,67,Investigating Officer,2022-02-01,Active
867,867,34,Investigating Officer,2024-01-08,Closed
868,868,65,Investigating Officer,2022-04-16,Active
869,869,120,Investigating Officer,2020-10-30,Closed
870,870,54,Investigating Officer,2020-11-22,Closed
871,871,58,Investigating Officer,2022-11-29,Active
872,872,43,Investigating Officer,2025-07-14,Closed
873,873,105,Investigating Officer,2025-11-22,Active
874,874,83,Investigating Officer,2025-07-21,Active
875,875,16,Investigating Officer,2023-11-12,Active
876,876,101,Investigating Officer,2024-10-21,Active
877,877,84,Investigating Officer,2024-07-09,Active
878,878,111,Investigating Officer,2021-12-07,Active
879,879,84,Investigating Officer,2020-12-05,Active
880,880,76,Investigating Officer,2021-03-03,Closed
881,881,11,Investigating Officer,2024-06-06,Closed
882,882,32,Investigating Officer,2023-08-07,Closed
883,883,79,Investigating Officer,2024-06-16,Active
884,884,117,Investigating Officer,2025-06-02,Closed
885,885,47,Investigating Officer,2025-05-03,Closed
886,886,45,Investigating Officer,2025-04-12,Closed
887,887,46,Investigating Officer,2023-11-17,Active
888,888,51,Investigating Officer,2021-06-30,Closed
889,889,71,Investigating Officer,2021-09-13,Closed
890,890,80,Investigating Officer,2025-12-14,Active
891,891,86,Investigating Officer,2022-11-08,Closed
892,892,55,Investigating Officer,2020-05-31,Active
893,893,53,Investigating Officer,2024-11-06,Closed
894,894,68,Investigating Officer,2025-06-16,Active
895,895,45,Investigating Officer,2022-03-05,Closed
896,896,109,Investigating Officer,2023-01-02,Active
897,897,64,Investigating Officer,2022-08-29,Closed
898,898,31,Investigating Officer,2023-08-13,Active
899,899,54,Investigating Officer,2022-05-29,Active
900,900,64,Investigating Officer,2021-02-14,Active
901,901,51,Investigating Officer,2022-03-23,Active
902,902,91,Investigating Officer,2024-09-23,Active
903,903,94,Investigating Officer,2025-11-14,Active
904,904,83,Investigating Officer,2020-12-07,Active
905,905,66,Investigating Officer,2025-01-19,Active
906,906,46,Investigating Officer,2024-06-18,Closed
907,907,97,Investigating Officer,2022-03-26,Active
908,908,65,Investigating Officer,2022-06-10,Active
909,909,114,Investigating Officer,2020-02-18,Active
910,910,109,Investigating Officer,2022-11-04,Active
911,911,90,Investigating Officer,2025-02-16,Closed
912,912,46,Investigating Officer,2021-12-26,Active
913,913,114,Investigating Officer,2022-06-08,Closed
914,914,60,Investigating Officer,2021-04-25,Active
915,915,40,Investigating Officer,2023-01-04,Active
916,916,36,Investigating Officer,2024-07-28,Active
917,917,111,Investigating Officer,2021-08-14,Closed
918,918,34,Investigating Officer,2024-07-24,Closed
919,919,4,Investigating Officer,2022-11-25,Active
920,920,12,Investigating Officer,2022-12-21,Closed
921,921,69,Investigating Officer,2025-12-08,Closed
922,922,104,Investigating Officer,2022-01-09,Active
923,923,110,Investigating Officer,2025-11-18,Active
924,924,77,Investigating Officer,2024-10-15,Active
925,925,30,Investigating Officer,2020-12-02,Active
926,926,63,Investigating Officer,2021-02-04,Active
927,927,37,Investigating Officer,2025-09-10,Active
928,928,13,Investigating Officer,2025-08-10,Active
929,929,110,Investigating Officer,2021-09-25,Closed
930,930,112,Investigating Officer,2024-03-03,Active
931,931,34,Investigating Officer,2022-09-02,Closed
932,932,82,Investigating Officer,2025-05-20,Closed
933,933,58,Investigating Officer,2021-10-03,Closed
934,934,3,Investigating Officer,2023-12-22,Active
935,935,43,Investigating Officer,2023-01-04,Active
936,936,65,Investigating Officer,2020-02-17,Active
937,937,63,Investigating Officer,2025-05-25,Active
938,938,30,Investigating Officer,2020-06-04,Active
939,939,11,Investigating Officer,2021-12-22,Active
940,940,109,Investigating Officer,2023-02-09,Active
941,941,97,Investigating Officer,2022-10-05,Active
942,942,50,Investigating Officer,2022-02-20,Active
943,943,62,Investigating Officer,2020-08-09,Active
944,944,16,Investigating Officer,2025-09-22,Closed
945,945,118,Investigating Officer,2021-03-26,Active
946,946,82,Investigating Officer,2021-07-03,Active
947,947,108,Investigating Officer,2024-09-16,Closed
948,948,81,Investigating Officer,2022-06-05,Active
949,949,93,Investigating Officer,2023-12-14,Closed
950,950,1,Investigating Officer,2025-06-22,Active
951,951,4,Investigating Officer,2020-07-22,Closed
952,952,91,Investigating Officer,2024-11-15,Active
953,953,72,Investigating Officer,2023-05-28,Closed
954,954,48,Investigating Officer,2025-05-07,Active
955,955,28,Investigating Officer,2021-07-21,Closed
956,956,121,Investigating Officer,2021-07-07,Closed
957,957,119,Investigating Officer,2025-07-07,Closed
958,958,73,Investigating Officer,2021-09-27,Active
959,959,19,Investigating Officer,2024-02-20,Active
960,960,22,Investigating Officer,2021-06-04,Active
961,961,55,Investigating Officer,2020-03-01,Active
962,962,24,Investigating Officer,2021-09-16,Active
963,963,17,Investigating Officer,2021-02-21,Active
964,964,43,Investigating Officer,2021-01-16,Closed
965,965,2,Investigating Officer,2020-06-06,Active
966,966,73,Investigating Officer,2021-05-27,Active
967,967,118,Investigating Officer,2025-01-16,Active
968,968,33,Investigating Officer,2023-12-07,Active
969,969,32,Investigating Officer,2020-06-02,Closed
970,970,88,Investigating Officer,2024-07-18,Active
971,971,7,Investigating Officer,2021-03-29,Active
972,972,66,Investigating Officer,2025-01-07,Active
973,973,70,Investigating Officer,2020-08-14,Active
974,974,41,Investigating Officer,2024-10-17,Closed
975,975,29,Investigating Officer,2025-01-30,Active
976,976,20,Investigating Officer,2023-08-01,Active
977,977,105,Investigating Officer,2020-03-04,Active
978,978,76,Investigating Officer,2021-09-10,Closed
979,979,18,Investigating Officer,2020-10-29,Active
980,980,97,Investigating Officer,2025-12-14,Closed
981,981,100,Investigating Officer,2022-09-30,Active
982,982,102,Investigating Officer,2023-03-23,Closed
983,983,119,Investigating Officer,2025-03-09,Active
984,984,78,Investigating Officer,2021-12-17,Closed
985,985,54,Investigating Officer,2024-10-24,Active
986,986,95,Investigating Officer,2023-07-23,Active
987,987,75,Investigating Officer,2021-11-20,Active
988,988,113,Investigating Officer,2025-04-02,Active
989,989,16,Investigating Officer,2022-06-06,Active
990,990,40,Investigating Officer,2020-06-24,Active
991,991,101,Investigating Officer,2021-12-04,Active
992,992,49,Investigating Officer,2024-11-24,Active
993,993,16,Investigating Officer,2023-05-28,Active
994,994,100,Investigating Officer,2023-01-17,Closed
995,995,77,Investigating Officer,2024-10-12,Active
996,996,88,Investigating Officer,2023-04-03,Closed
997,997,67,Investigating Officer,2024-07-28,Active
998,998,10,Investigating Officer,2022-03-01,Active
999,999,16,Investigating Officer,2021-10-13,Active
1000,1000,4,Investigating Officer,2025-12-25,Closed
1001,1001,57,Investigating Officer,2022-01-11,Active
1002,1002,60,Investigating Officer,2024-08-13,Closed
1003,1003,31,Investigating Officer,2022-04-05,Active
1004,1004,3,Investigating Officer,2023-02-24,Active
1005,1005,43,Investigating Officer,2025-10-27,Active
1006,1006,89,Investigating Officer,2020-07-28,Closed
1007,1007,49,Investigating Officer,2023-02-09,Active
1008,1008,5,Investigating Officer,2022-11-27,Active
1009,1009,87,Investigating Officer,2025-07-28,Active
1010,1010,21,Investigating Officer,2025-03-22,Active
1011,1011,98,Investigating Officer,2022-08-25,Active
1012,1012,88,Investigating Officer,2021-05-01,Active
1013,1013,69,Investigating Officer,2025-01-23,Active
1014,1014,110,Investigating Officer,2021-08-27,Closed
1015,1015,6,Investigating Officer,2023-03-06,Active
1016,1016,95,Investigating Officer,2022-06-05,Active
1017,1017,29,Investigating Officer,2020-03-12,Active
1018,1018,19,Investigating Officer,2022-04-28,Active
1019,1019,44,Investigating Officer,2021-10-07,Active
1020,1020,27,Investigating Officer,2025-03-12,Closed
1021,1021,28,Investigating Officer,2020-11-20,Active
1022,1022,80,Investigating Officer,2024-10-13,Active
1023,1023,115,Investigating Officer,2025-05-14,Active
1024,1024,99,Investigating Officer,2024-06-30,Active
1025,1025,76,Investigating Officer,2022-04-04,Active
1026,1026,26,Investigating Officer,2022-09-02,Closed
1027,1027,91,Investigating Officer,2025-06-13,Active
1028,1028,86,Investigating Officer,2024-08-15,Closed
1029,1029,30,Investigating Officer,2025-04-23,Active
1030,1030,66,Investigating Officer,2023-08-09,Active
1031,1031,85,Investigating Officer,2021-01-15,Closed
1032,1032,74,Investigating Officer,2025-12-11,Closed
1033,1033,119,Investigating Officer,2022-05-16,Closed
1034,1034,61,Investigating Officer,2021-03-23,Active
1035,1035,62,Investigating Officer,2020-11-08,Closed
1036,1036,28,Investigating Officer,2022-12-20,Closed
1037,1037,20,Investigating Officer,2020-09-20,Active
1038,1038,51,Investigating Officer,2020-11-26,Active
1039,1039,120,Investigating Officer,2025-04-11,Closed
1040,1040,3,Investigating Officer,2022-01-15,Active
1041,1041,57,Investigating Officer,2024-09-24,Active
1042,1042,5,Investigating Officer,2022-10-30,Active
1043,1043,94,Investigating Officer,2021-10-25,Active
1044,1044,10,Investigating Officer,2020-11-13,Closed
1045,1045,106,Investigating Officer,2023-10-18,Active
1046,1046,98,Investigating Officer,2025-12-21,Active
1047,1047,42,Investigating Officer,2025-11-12,Active
1048,1048,6,Investigating Officer,2020-01-26,Active
1049,1049,122,Investigating Officer,2022-09-21,Active
1050,1050,40,Investigating Officer,2025-03-08,Closed
1051,1051,102,Investigating Officer,2025-01-16,Active
1052,1052,75,Investigating Officer,2023-02-14,Active
1053,1053,90,Investigating Officer,2020-04-28,Active
1054,1054,40,Investigating Officer,2020-07-12,Active
1055,1055,63,Investigating Officer,2020-11-06,Active
1056,1056,99,Investigating Officer,2023-07-29,Active
1057,1057,63,Investigating Officer,2024-05-03,Active
1058,1058,70,Investigating Officer,2025-01-30,Closed
1059,1059,55,Investigating Officer,2022-04-17,Active
1060,1060,36,Investigating Officer,2021-11-21,Closed
1061,1061,107,Investigating Officer,2021-11-05,Closed
1062,1062,2,Investigating Officer,2021-04-11,Active
1063,1063,90,Investigating Officer,2020-12-23,Active
1064,1064,106,Investigating Officer,2025-12-03,Closed
1065,1065,39,Investigating Officer,2022-04-27,Active
1066,1066,110,Investigating Officer,2025-09-04,Active
1067,1067,13,Investigating Officer,2024-05-19,Closed
1068,1068,96,Investigating Officer,2020-11-10,Closed
1069,1069,4,Investigating Officer,2024-07-07,Active
1070,1070,102,Investigating Officer,2025-07-22,Active
1071,1071,101,Investigating Officer,2022-09-23,Closed
1072,1072,41,Investigating Officer,2024-09-19,Active
1073,1073,103,Investigating Officer,2022-08-22,Active
1074,1074,43,Investigating Officer,2023-11-14,Closed
1075,1075,59,Investigating Officer,2024-04-02,Closed
1076,1076,122,Investigating Officer,2022-11-23,Active
1077,1077,53,Investigating Officer,2023-12-21,Active
1078,1078,100,Investigating Officer,2025-04-15,Closed
1079,1079,121,Investigating Officer,2022-11-25,Closed
1080,1080,122,Investigating Officer,2022-02-12,Closed
1081,1081,118,Investigating Officer,2023-09-10,Active
1082,1082,15,Investigating Officer,2022-04-18,Active
1083,1083,98,Investigating Officer,2020-07-08,Active
1084,1084,109,Investigating Officer,2021-01-03,Active
1085,1085,68,Investigating Officer,2021-05-25,Active
1086,1086,89,Investigating Officer,2025-11-07,Active
1087,1087,97,Investigating Officer,2024-01-27,Active
1088,1088,92,Investigating Officer,2025-07-22,Active
1089,1089,33,Investigating Officer,2025-06-01,Closed
1090,1090,100,Investigating Officer,2020-01-05,Closed
1091,1091,84,Investigating Officer,2022-07-09,Active
1092,1092,81,Investigating Officer,2024-08-05,Active
1093,1093,97,Investigating Officer,2025-01-03,Active
1094,1094,12,Investigating Officer,2022-11-13,Closed
1095,1095,64,Investigating Officer,2023-01-18,Active
1096,1096,77,Investigating Officer,2022-05-05,Active
1097,1097,112,Investigating Officer,2022-08-12,Active
1098,1098,37,Investigating Officer,2021-05-22,Closed
1099,1099,44,Investigating Officer,2021-04-10,Closed
1100,1100,104,Investigating Officer,2021-10-06,Active
1101,1101,123,Investigating Officer,2022-06-24,Active
1102,1102,80,Investigating Officer,2020-11-26,Closed
1103,1103,96,Investigating Officer,2023-05-04,Active
1104,1104,68,Investigating Officer,2022-09-18,Active
1105,1105,55,Investigating Officer,2024-02-16,Active
1106,1106,32,Investigating Officer,2025-03-04,Active
1107,1107,9,Investigating Officer,2025-10-28,Closed
1108,1108,98,Investigating Officer,2023-02-18,Active
1109,1109,106,Investigating Officer,2023-12-04,Active
1110,1110,11,Investigating Officer,2023-08-26,Closed
1111,1111,104,Investigating Officer,2023-01-25,Closed
1112,1112,111,Investigating Officer,2023-02-22,Closed
1113,1113,73,Investigating Officer,2025-08-28,Active
1114,1114,53,Investigating Officer,2020-12-01,Closed
1115,1115,121,Investigating Officer,2020-06-22,Closed
1116,1116,33,Investigating Officer,2022-03-01,Active
1117,1117,17,Investigating Officer,2022-02-15,Active
1118,1118,14,Investigating Officer,2023-06-28,Active
1119,1119,42,Investigating Officer,2022-03-08,Closed
1120,1120,73,Investigating Officer,2022-11-10,Closed
1121,1121,14,Investigating Officer,2021-01-17,Closed
1122,1122,99,Investigating Officer,2021-07-09,Active
1123,1123,75,Investigating Officer,2020-07-17,Closed
1124,1124,9,Investigating Officer,2025-08-08,Active
1125,1125,66,Investigating Officer,2024-08-22,Active
1126,1126,30,Investigating Officer,2023-04-04,Active
1127,1127,67,Investigating Officer,2024-05-19,Closed
1128,1128,73,Investigating Officer,2024-05-08,Active
1129,1129,123,Investigating Officer,2024-08-18,Active
1130,1130,61,Investigating Officer,2022-04-11,Closed
1131,1131,65,Investigating Officer,2024-01-14,Closed
1132,1132,46,Investigating Officer,2020-01-28,Closed
1133,1133,95,Investigating Officer,2022-03-17,Active
1134,1134,111,Investigating Officer,2025-08-19,Closed
1135,1135,71,Investigating Officer,2023-03-02,Active
1136,1136,22,Investigating Officer,2025-11-26,Active
1137,1137,84,Investigating Officer,2020-06-30,Active
1138,1138,107,Investigating Officer,2021-02-24,Closed
1139,1139,67,Investigating Officer,2023-06-06,Active
1140,1140,85,Investigating Officer,2025-03-29,Closed
1141,1141,122,Investigating Officer,2025-05-04,Active
1142,1142,96,Investigating Officer,2020-07-03,Active
1143,1143,100,Investigating Officer,2025-03-12,Active
1144,1144,31,Investigating Officer,2021-05-07,Closed
1145,1145,115,Investigating Officer,2023-05-11,Active
1146,1146,19,Investigating Officer,2022-12-19,Active
1147,1147,47,Investigating Officer,2025-04-24,Closed
1148,1148,108,Investigating Officer,2022-11-22,Active
1149,1149,96,Investigating Officer,2024-01-18,Active
1150,1150,25,Investigating Officer,2025-06-30,Active
1151,1151,32,Investigating Officer,2020-02-22,Active
1152,1152,111,Investigating Officer,2025-05-25,Closed
1153,1153,88,Investigating Officer,2022-07-05,Closed
1154,1154,119,Investigating Officer,2025-03-27,Active
1155,1155,83,Investigating Officer,2025-09-13,Active
1156,1156,38,Investigating Officer,2023-01-26,Active
1157,1157,74,Investigating Officer,2022-12-21,Active
1158,1158,116,Investigating Officer,2025-11-17,Closed
1159,1159,40,Investigating Officer,2024-07-08,Active
1160,1160,17,Investigating Officer,2024-05-01,Closed
1161,1161,76,Investigating Officer,2022-12-27,Closed
1162,1162,110,Investigating Officer,2020-08-06,Active
1163,1163,121,Investigating Officer,2022-08-24,Active
1164,1164,36,Investigating Officer,2025-03-29,Active
1165,1165,41,Investigating Officer,2022-02-07,Active
1166,1166,99,Investigating Officer,2025-06-27,Active
1167,1167,59,Investigating Officer,2025-09-29,Closed
1168,1168,91,Investigating Officer,2020-02-10,Active
1169,1169,99,Investigating Officer,2022-12-30,Closed
1170,1170,64,Investigating Officer,2021-05-23,Active
1171,1171,67,Investigating Officer,2022-09-29,Active
1172,1172,61,Investigating Officer,2021-06-08,Closed
1173,1173,10,Investigating Officer,2023-05-02,Active
1174,1174,61,Investigating Officer,2024-03-14,Active
1175,1175,81,Investigating Officer,2020-11-20,Closed
1176,1176,1,Investigating Officer,2025-09-30,Active
1177,1177,81,Investigating Officer,2023-11-20,Active
1178,1178,86,Investigating Officer,2023-01-17,Closed
1179,1179,8,Investigating Officer,2023-03-13,Closed
1180,1180,109,Investigating Officer,2025-06-24,Closed
1181,1181,29,Investigating Officer,2024-06-15,Active
1182,1182,69,Investigating Officer,2024-01-29,Active
1183,1183,16,Investigating Officer,2020-07-27,Closed
1184,1184,9,Investigating Officer,2022-09-20,Active
1185,1185,72,Investigating Officer,2020-06-28,Closed
1186,1186,104,Investigating Officer,2025-10-25,Closed
1187,1187,27,Investigating Officer,2022-08-10,Active
1188,1188,39,Investigating Officer,2025-07-20,Closed
1189,1189,101,Investigating Officer,2023-06-07,Active
1190,1190,123,Investigating Officer,2020-02-15,Active
1191,1191,48,Investigating Officer,2022-12-26,Active
1192,1192,102,Investigating Officer,2025-08-15,Active
1193,1193,90,Investigating Officer,2020-08-09,Active
1194,1194,19,Investigating Officer,2023-12-25,Active
1195,1195,121,Investigating Officer,2020-03-29,Active
1196,1196,92,Investigating Officer,2022-04-18,Active
1197,1197,8,Investigating Officer,2021-06-03,Active
1198,1198,68,Investigating Officer,2021-01-26,Active
1199,1199,1,Investigating Officer,2021-07-27,Active
1200,1200,36,Investigating Officer,2023-12-10,Active
1201,1201,48,Investigating Officer,2020-08-23,Active
1202,1202,18,Investigating Officer,2022-04-09,Closed
1203,1203,80,Investigating Officer,2024-12-16,Closed
1204,1204,23,Investigating Officer,2020-05-21,Closed
1205,1205,45,Investigating Officer,2022-09-02,Active
1206,1206,85,Investigating Officer,2021-01-27,Closed
1207,1207,123,Investigating Officer,2021-01-14,Active
1208,1208,46,Investigating Officer,2020-08-22,Active
1209,1209,94,Investigating Officer,2023-05-13,Active
1210,1210,77,Investigating Officer,2025-04-04,Closed
1211,1211,13,Investigating Officer,2025-09-30,Closed
1212,1212,11,Investigating Officer,2025-08-08,Closed
1213,1213,88,Investigating Officer,2025-09-05,Active
1214,1214,72,Investigating Officer,2021-04-04,Closed
1215,1215,67,Investigating Officer,2024-01-01,Closed
1216,1216,98,Investigating Officer,2025-08-06,Active
1217,1217,22,Investigating Officer,2020-05-27,Closed
1218,1218,42,Investigating Officer,2020-06-02,Closed
1219,1219,35,Investigating Officer,2020-08-06,Active
1220,1220,23,Investigating Officer,2021-06-06,Closed
1221,1221,10,Investigating Officer,2025-07-20,Active
1222,1222,65,Investigating Officer,2021-07-30,Active
1223,1223,110,Investigating Officer,2025-03-01,Active
1224,1224,4,Investigating Officer,2025-04-25,Active
1225,1225,120,Investigating Officer,2021-09-29,Active
1226,1226,77,Investigating Officer,2024-08-14,Active
1227,1227,118,Investigating Officer,2021-08-13,Active
1228,1228,50,Investigating Officer,2020-07-26,Active
1229,1229,18,Investigating Officer,2021-11-29,Closed
1230,1230,38,Investigating Officer,2020-02-20,Active
1231,1231,106,Investigating Officer,2023-09-10,Closed
1232,1232,2,Investigating Officer,2025-10-03,Active
1233,1233,60,Investigating Officer,2020-07-30,Active
1234,1234,22,Investigating Officer,2025-02-15,Active
1235,1235,5,Investigating Officer,2022-02-20,Active
1236,1236,77,Investigating Officer,2025-05-06,Active
1237,1237,6,Investigating Officer,2022-03-21,Active
1238,1238,86,Investigating Officer,2023-04-11,Closed
1239,1239,56,Investigating Officer,2025-12-18,Closed
1240,1240,33,Investigating Officer,2024-04-10,Active
1241,1241,43,Investigating Officer,2022-08-21,Closed
1242,1242,1,Investigating Officer,2020-01-26,Active
1243,1243,47,Investigating Officer,2023-08-25,Closed
1244,1244,39,Investigating Officer,2023-09-03,Active
1245,1245,82,Investigating Officer,2020-02-10,Closed
1246,1246,38,Investigating Officer,2022-06-05,Closed
1247,1247,22,Investigating Officer,2024-12-12,Active
1248,1248,98,Investigating Officer,2020-08-08,Active
1249,1249,18,Investigating Officer,2021-06-12,Active
1250,1250,37,Investigating Officer,2023-02-27,Closed
1251,1251,19,Investigating Officer,2020-09-28,Active
1252,1252,30,Investigating Officer,2022-08-08,Closed
1253,1253,108,Investigating Officer,2025-07-04,Closed
1254,1254,122,Investigating Officer,2023-02-11,Closed
1255,1255,5,Investigating Officer,2023-06-30,Active
1256,1256,25,Investigating Officer,2023-06-06,Active
1257,1257,89,Investigating Officer,2023-12-25,Closed
1258,1258,87,Investigating Officer,2024-08-19,Closed
1259,1259,6,Investigating Officer,2023-06-25,Active
1260,1260,59,Investigating Officer,2025-06-03,Active
1261,1261,23,Investigating Officer,2020-02-26,Active
1262,1262,111,Investigating Officer,2022-11-16,Active
1263,1263,49,Investigating Officer,2021-10-20,Active
1264,1264,70,Investigating Officer,2021-11-11,Closed
1265,1265,91,Investigating Officer,2022-05-10,Active
1266,1266,94,Investigating Officer,2022-04-15,Active
1267,1267,27,Investigating Officer,2021-05-06,Closed
1268,1268,61,Investigating Officer,2021-09-23,Closed
1269,1269,68,Investigating Officer,2023-09-27,Active
1270,1270,27,Investigating Officer,2025-04-22,Active
1271,1271,99,Investigating Officer,2023-05-04,Active
1272,1272,19,Investigating Officer,2022-11-07,Active
1273,1273,29,Investigating Officer,2025-04-03,Closed
1274,1274,45,Investigating Officer,2023-05-02,Active
1275,1275,49,Investigating Officer,2023-12-22,Active
1276,1276,100,Investigating Officer,2023-02-20,Closed
1277,1277,54,Investigating Officer,2023-10-09,Closed
1278,1278,56,Investigating Officer,2023-12-31,Active
1279,1279,123,Investigating Officer,2022-03-03,Active
1280,1280,31,Investigating Officer,2022-10-26,Active
1281,1281,1,Investigating Officer,2020-09-25,Closed
1282,1282,39,Investigating Officer,2020-12-16,Closed
1283,1283,3,Investigating Officer,2021-09-09,Active
1284,1284,8,Investigating Officer,2020-11-04,Active
1285,1285,103,Investigating Officer,2020-01-13,Closed
1286,1286,96,Investigating Officer,2023-10-16,Closed
1287,1287,64,Investigating Officer,2023-03-25,Active
1288,1288,51,Investigating Officer,2022-04-04,Active
1289,1289,71,Investigating Officer,2023-01-13,Active
1290,1290,120,Investigating Officer,2025-02-04,Closed
1291,1291,87,Investigating Officer,2024-12-08,Active
1292,1292,33,Investigating Officer,2023-11-03,Closed
1293,1293,69,Investigating Officer,2024-02-13,Active
1294,1294,40,Investigating Officer,2020-10-26,Active
1295,1295,4,Investigating Officer,2024-10-11,Closed
1296,1296,96,Investigating Officer,2022-03-17,Active
1297,1297,60,Investigating Officer,2022-11-10,Active
1298,1298,97,Investigating Officer,2024-09-09,Active
1299,1299,4,Investigating Officer,2022-05-16,Active
1300,1300,89,Investigating Officer,2024-05-18,Closed
1301,1301,78,Investigating Officer,2024-11-08,Closed
1302,1302,14,Investigating Officer,2023-03-23,Active
1303,1303,107,Investigating Officer,2024-08-23,Closed
1304,1304,38,Investigating Officer,2021-10-26,Active
1305,1305,50,Investigating Officer,2023-11-06,Active
1306,1306,100,Investigating Officer,2025-01-29,Closed
1307,1307,109,Investigating Officer,2024-11-26,Closed
1308,1308,82,Investigating Officer,2023-06-09,Closed
1309,1309,38,Investigating Officer,2021-01-05,Closed
1310,1310,88,Investigating Officer,2021-05-23,Active
1311,1311,79,Investigating Officer,2022-05-18,Active
1312,1312,102,Investigating Officer,2023-01-25,Active
1313,1313,113,Investigating Officer,2020-04-10,Closed
1314,1314,26,Investigating Officer,2025-04-28,Active
1315,1315,57,Investigating Officer,2022-01-06,Active
1316,1316,67,Investigating Officer,2022-04-30,Active
1317,1317,91,Investigating Officer,2021-06-23,Active
1318,1318,17,Investigating Officer,2020-12-11,Active
1319,1319,42,Investigating Officer,2022-10-25,Closed
1320,1320,87,Investigating Officer,2022-09-05,Active
1321,1321,9,Investigating Officer,2024-09-28,Closed
1322,1322,89,Investigating Officer,2023-03-30,Active
1323,1323,39,Investigating Officer,2023-07-04,Active
1324,1324,62,Investigating Officer,2020-06-20,Active
1325,1325,35,Investigating Officer,2023-08-28,Active
1326,1326,58,Investigating Officer,2025-04-16,Closed
1327,1327,123,Investigating Officer,2023-06-05,Active
1328,1328,56,Investigating Officer,2025-02-18,Active
1329,1329,3,Investigating Officer,2022-05-11,Active
1330,1330,28,Investigating Officer,2023-09-03,Closed
1331,1331,46,Investigating Officer,2024-10-29,Active
1332,1332,107,Investigating Officer,2025-10-30,Active
1333,1333,17,Investigating Officer,2023-08-20,Active
1334,1334,53,Investigating Officer,2021-07-07,Closed
1335,1335,70,Investigating Officer,2021-09-19,Active
1336,1336,8,Investigating Officer,2024-10-12,Active
1337,1337,3,Investigating Officer,2025-03-11,Active
1338,1338,96,Investigating Officer,2021-04-17,Active
1339,1339,2,Investigating Officer,2023-03-05,Closed
1340,1340,103,Investigating Officer,2022-02-04,Active
1341,1341,40,Investigating Officer,2025-07-16,Active
1342,1342,98,Investigating Officer,2021-11-24,Active
1343,1343,100,Investigating Officer,2020-09-05,Active
1344,1344,50,Investigating Officer,2020-07-21,Active
1345,1345,85,Investigating Officer,2022-09-19,Active
1346,1346,74,Investigating Officer,2020-06-10,Closed
1347,1347,87,Investigating Officer,2022-03-10,Active
1348,1348,100,Investigating Officer,2021-05-24,Active
1349,1349,4,Investigating Officer,2021-09-19,Active
1350,1350,69,Investigating Officer,2025-01-25,Closed
1351,1351,93,Investigating Officer,2025-08-18,Closed
1352,1352,47,Investigating Officer,2024-10-01,Closed
1353,1353,48,Investigating Officer,2025-02-02,Active
1354,1354,25,Investigating Officer,2022-03-14,Active
1355,1355,54,Investigating Officer,2021-04-25,Closed
1356,1356,32,Investigating Officer,2025-12-16,Active
1357,1357,35,Investigating Officer,2024-05-05,Active
1358,1358,111,Investigating Officer,2022-09-09,Active
1359,1359,106,Investigating Officer,2022-03-16,Active
1360,1360,1,Investigating Officer,2021-04-12,Active
1361,1361,15,Investigating Officer,2024-11-28,Active
1362,1362,33,Investigating Officer,2025-09-25,Active
1363,1363,120,Investigating Officer,2025-08-31,Active
1364,1364,105,Investigating Officer,2023-12-20,Closed
1365,1365,33,Investigating Officer,2023-10-24,Closed
1366,1366,103,Investigating Officer,2023-02-23,Active
1367,1367,79,Investigating Officer,2025-03-31,Active
1368,1368,20,Investigating Officer,2023-02-10,Closed
1369,1369,114,Investigating Officer,2024-09-05,Active
1370,1370,108,Investigating Officer,2025-02-18,Closed
1371,1371,76,Investigating Officer,2021-08-05,Closed
1372,1372,62,Investigating Officer,2022-06-25,Active
1373,1373,4,Investigating Officer,2021-07-30,Active
1374,1374,117,Investigating Officer,2022-06-14,Active
1375,1375,70,Investigating Officer,2025-12-07,Active
1376,1376,7,Investigating Officer,2025-06-11,Active
1377,1377,97,Investigating Officer,2022-10-21,Active
1378,1378,25,Investigating Officer,2022-02-11,Active
1379,1379,82,Investigating Officer,2023-02-26,Active
1380,1380,26,Investigating Officer,2022-10-17,Closed
1381,1381,22,Investigating Officer,2022-12-19,Closed
1382,1382,112,Investigating Officer,2023-04-15,Closed
1383,1383,64,Investigating Officer,2020-10-10,Active
1384,1384,66,Investigating Officer,2021-06-09,Closed
1385,1385,45,Investigating Officer,2025-06-19,Active
1386,1386,37,Investigating Officer,2025-06-29,Closed
1387,1387,18,Investigating Officer,2023-05-20,Closed
1388,1388,80,Investigating Officer,2021-06-23,Active
1389,1389,59,Investigating Officer,2025-06-14,Active
1390,1390,74,Investigating Officer,2022-01-09,Active
1391,1391,115,Investigating Officer,2022-09-25,Active
1392,1392,95,Investigating Officer,2023-03-31,Active
1393,1393,86,Investigating Officer,2024-04-09,Active
1394,1394,114,Investigating Officer,2024-08-18,Active
1395,1395,84,Investigating Officer,2024-05-25,Active
1396,1396,11,Investigating Officer,2023-02-13,Active
1397,1397,65,Investigating Officer,2023-11-03,Closed
1398,1398,57,Investigating Officer,2025-08-12,Active
1399,1399,17,Investigating Officer,2024-12-09,Active
1400,1400,26,Investigating Officer,2023-04-29,Active
1401,1401,5,Investigating Officer,2021-01-05,Active
1402,1402,121,Investigating Officer,2024-04-17,Closed
1403,1403,108,Investigating Officer,2020-09-30,Active
1404,1404,75,Investigating Officer,2020-01-04,Active
1405,1405,39,Investigating Officer,2024-05-26,Closed
1406,1406,103,Investigating Officer,2023-09-15,Active
1407,1407,18,Investigating Officer,2021-05-15,Active
1408,1408,45,Investigating Officer,2023-03-05,Closed
1409,1409,28,Investigating Officer,2023-12-05,Closed
1410,1410,1,Investigating Officer,2023-03-03,Closed
1411,1411,75,Investigating Officer,2024-05-05,Closed
1412,1412,55,Investigating Officer,2020-03-28,Active
1413,1413,91,Investigating Officer,2020-11-23,Closed
1414,1414,107,Investigating Officer,2020-05-16,Closed
1415,1415,2,Investigating Officer,2025-12-10,Active
1416,1416,70,Investigating Officer,2023-07-19,Active
1417,1417,117,Investigating Officer,2021-04-05,Closed
1418,1418,95,Investigating Officer,2024-02-17,Active
1419,1419,12,Investigating Officer,2023-08-03,Active
1420,1420,70,Investigating Officer,2025-01-25,Active
1421,1421,29,Investigating Officer,2021-03-26,Active
1422,1422,121,Investigating Officer,2023-11-12,Active
1423,1423,36,Investigating Officer,2022-07-02,Active
1424,1424,105,Investigating Officer,2025-12-10,Active
1425,1425,2,Investigating Officer,2024-04-06,Active
1426,1426,73,Investigating Officer,2023-05-05,Active
1427,1427,42,Investigating Officer,2024-06-12,Active
1428,1428,94,Investigating Officer,2021-01-04,Active
1429,1429,82,Investigating Officer,2025-11-16,Active
1430,1430,98,Investigating Officer,2020-11-22,Closed
1431,1431,122,Investigating Officer,2021-07-03,Active
1432,1432,52,Investigating Officer,2025-11-19,Active
1433,1433,68,Investigating Officer,2024-10-09,Active
1434,1434,13,Investigating Officer,2023-04-13,Closed
1435,1435,76,Investigating Officer,2021-10-08,Active
1436,1436,46,Investigating Officer,2024-02-05,Closed
1437,1437,41,Investigating Officer,2021-09-24,Closed
1438,1438,7,Investigating Officer,2023-09-24,Closed
1439,1439,10,Investigating Officer,2022-11-19,Active
1440,1440,52,Investigating Officer,2024-06-10,Active
1441,1441,91,Investigating Officer,2020-01-28,Active
1442,1442,70,Investigating Officer,2021-07-14,Closed
1443,1443,76,Investigating Officer,2025-02-26,Closed
1444,1444,118,Investigating Officer,2022-09-11,Closed
1445,1445,16,Investigating Officer,2023-06-01,Active
1446,1446,74,Investigating Officer,2025-05-17,Active
1447,1447,112,Investigating Officer,2025-10-26,Closed
1448,1448,99,Investigating Officer,2020-10-06,Active
1449,1449,65,Investigating Officer,2025-01-14,Active
1450,1450,98,Investigating Officer,2021-11-05,Closed
1451,1451,11,Investigating Officer,2022-05-28,Closed
1452,1452,54,Investigating Officer,2020-01-20,Active
1453,1453,94,Investigating Officer,2025-11-16,Active
1454,1454,30,Investigating Officer,2021-04-15,Closed
1455,1455,92,Investigating Officer,2023-08-14,Closed
1456,1456,91,Investigating Officer,2020-03-23,Active
1457,1457,1,Investigating Officer,2025-01-08,Active
1458,1458,41,Investigating Officer,2025-06-18,Active
1459,1459,62,Investigating Officer,2023-01-22,Active
1460,1460,67,Investigating Officer,2024-05-28,Active
1461,1461,61,Investigating Officer,2023-02-11,Active
1462,1462,13,Investigating Officer,2023-09-25,Active
1463,1463,5,Investigating Officer,2024-02-05,Active
1464,1464,113,Investigating Officer,2021-12-10,Active
1465,1465,86,Investigating Officer,2020-11-05,Closed
1466,1466,119,Investigating Officer,2021-10-15,Closed
1467,1467,26,Investigating Officer,2025-01-15,Active
1468,1468,108,Investigating Officer,2022-10-05,Active
1469,1469,62,Investigating Officer,2023-09-12,Closed
1470,1470,66,Investigating Officer,2022-06-25,Active
1471,1471,122,Investigating Officer,2024-10-27,Closed
1472,1472,52,Investigating Officer,2023-08-07,Active
1473,1473,24,Investigating Officer,2023-12-22,Active
1474,1474,77,Investigating Officer,2025-12-04,Active
1475,1475,36,Investigating Officer,2024-01-31,Active
1476,1476,53,Investigating Officer,2025-10-10,Active
1477,1477,83,Investigating Officer,2022-09-10,Closed
1478,1478,93,Investigating Officer,2021-10-21,Active
1479,1479,53,Investigating Officer,2022-05-24,Closed
1480,1480,83,Investigating Officer,2020-07-23,Active
1481,1481,44,Investigating Officer,2025-04-02,Active
1482,1482,44,Investigating Officer,2021-07-02,Active
1483,1483,21,Investigating Officer,2025-11-25,Closed
1484,1484,57,Investigating Officer,2024-02-18,Active
1485,1485,29,Investigating Officer,2023-06-25,Active
1486,1486,102,Investigating Officer,2024-08-23,Active
1487,1487,66,Investigating Officer,2020-12-23,Active
1488,1488,118,Investigating Officer,2020-12-17,Active
1489,1489,115,Investigating Officer,2023-08-02,Active
1490,1490,2,Investigating Officer,2023-12-17,Closed
1491,1491,9,Investigating Officer,2021-04-15,Active
1492,1492,95,Investigating Officer,2021-06-16,Closed
1493,1493,15,Investigating Officer,2025-09-19,Closed
1494,1494,88,Investigating Officer,2023-04-02,Active
1495,1495,62,Investigating Officer,2025-06-28,Active
1496,1496,54,Investigating Officer,2020-10-21,Active
1497,1497,50,Investigating Officer,2023-07-28,Active
1498,1498,10,Investigating Officer,2020-08-15,Active
1499,1499,92,Investigating Officer,2023-07-22,Active
1500,1500,21,Investigating Officer,2022-01-19,Closed
1501,1501,103,Investigating Officer,2025-08-08,Closed
1502,1502,72,Investigating Officer,2021-10-03,Closed
1503,1503,34,Investigating Officer,2022-08-22,Active
1504,1504,94,Investigating Officer,2024-01-14,Closed
1505,1505,63,Investigating Officer,2023-12-07,Closed
1506,1506,50,Investigating Officer,2020-11-21,Active
1507,1507,109,Investigating Officer,2022-03-24,Active
1508,1508,46,Investigating Officer,2020-07-24,Active
1509,1509,54,Investigating Officer,2025-06-16,Active
1510,1510,70,Investigating Officer,2025-12-05,Active
1511,1511,51,Investigating Officer,2024-05-17,Active
1512,1512,99,Investigating Officer,2024-04-19,Active
1513,1513,9,Investigating Officer,2020-09-01,Active
1514,1514,55,Investigating Officer,2025-04-06,Closed
1515,1515,113,Investigating Officer,2024-06-09,Active
1516,1516,93,Investigating Officer,2024-10-06,Active
1517,1517,99,Investigating Officer,2020-02-15,Active
1518,1518,119,Investigating Officer,2021-08-27,Closed
1519,1519,61,Investigating Officer,2021-11-05,Active
1520,1520,108,Investigating Officer,2022-03-12,Active
1521,1521,85,Investigating Officer,2025-12-30,Active
1522,1522,32,Investigating Officer,2025-04-21,Active
1523,1523,101,Investigating Officer,2024-12-19,Active
1524,1524,61,Investigating Officer,2023-07-28,Closed
1525,1525,106,Investigating Officer,2023-08-25,Active
1526,1526,90,Investigating Officer,2022-09-29,Active
1527,1527,86,Investigating Officer,2020-07-03,Active
1528,1528,75,Investigating Officer,2022-09-18,Active
1529,1529,97,Investigating Officer,2025-06-07,Closed
1530,1530,78,Investigating Officer,2020-05-24,Active
1531,1531,109,Investigating Officer,2024-11-27,Active
1532,1532,103,Investigating Officer,2022-01-09,Active
1533,1533,76,Investigating Officer,2024-06-04,Active
1534,1534,97,Investigating Officer,2021-05-05,Active
1535,1535,49,Investigating Officer,2023-09-25,Closed
1536,1536,110,Investigating Officer,2022-06-16,Active
1537,1537,92,Investigating Officer,2025-06-13,Active
1538,1538,17,Investigating Officer,2024-10-28,Closed
1539,1539,30,Investigating Officer,2020-01-28,Active
1540,1540,35,Investigating Officer,2025-06-24,Active
1541,1541,65,Investigating Officer,2021-05-21,Active
1542,1542,13,Investigating Officer,2023-11-20,Active
1543,1543,41,Investigating Officer,2022-02-22,Active
1544,1544,20,Investigating Officer,2025-09-28,Active
1545,1545,13,Investigating Officer,2022-09-14,Active
1546,1546,48,Investigating Officer,2020-09-01,Active
1547,1547,28,Investigating Officer,2021-02-10,Active
1548,1548,100,Investigating Officer,2023-12-20,Active
1549,1549,87,Investigating Officer,2022-03-13,Active
1550,1550,77,Investigating Officer,2025-05-29,Closed
1551,1551,103,Investigating Officer,2021-12-14,Active
1552,1552,57,Investigating Officer,2023-04-09,Closed
1553,1553,82,Investigating Officer,2025-11-13,Active
1554,1554,90,Investigating Officer,2020-08-10,Active
1555,1555,81,Investigating Officer,2020-03-16,Active
1556,1556,15,Investigating Officer,2023-02-05,Active
1557,1557,24,Investigating Officer,2023-07-20,Active
1558,1558,66,Investigating Officer,2022-08-11,Active
1559,1559,102,Investigating Officer,2025-05-15,Active
1560,1560,18,Investigating Officer,2021-09-11,Active
1561,1561,118,Investigating Officer,2021-04-17,Active
1562,1562,81,Investigating Officer,2022-04-15,Active
1563,1563,93,Investigating Officer,2022-02-25,Closed
1564,1564,103,Investigating Officer,2025-11-09,Active
1565,1565,61,Investigating Officer,2024-06-21,Closed
1566,1566,15,Investigating Officer,2025-04-21,Active
1567,1567,84,Investigating Officer,2024-06-27,Active
1568,1568,57,Investigating Officer,2022-02-10,Active
1569,1569,21,Investigating Officer,2023-04-05,Active
1570,1570,73,Investigating Officer,2020-02-26,Active
1571,1571,117,Investigating Officer,2025-05-11,Active
1572,1572,101,Investigating Officer,2025-01-07,Active
1573,1573,85,Investigating Officer,2024-06-19,Active
1574,1574,123,Investigating Officer,2021-12-28,Closed
1575,1575,114,Investigating Officer,2021-08-31,Closed
1576,1576,24,Investigating Officer,2021-01-11,Active
1577,1577,28,Investigating Officer,2022-01-28,Active
1578,1578,64,Investigating Officer,2024-01-31,Active
1579,1579,44,Investigating Officer,2024-09-25,Active
1580,1580,8,Investigating Officer,2024-07-16,Closed
1581,1581,91,Investigating Officer,2022-04-28,Active
1582,1582,83,Investigating Officer,2021-07-29,Active
1583,1583,104,Investigating Officer,2020-01-13,Active
1584,1584,63,Investigating Officer,2025-06-22,Active
1585,1585,35,Investigating Officer,2025-10-20,Active
1586,1586,84,Investigating Officer,2023-08-08,Active
1587,1587,20,Investigating Officer,2023-09-23,Active
1588,1588,95,Investigating Officer,2020-04-22,Closed
1589,1589,58,Investigating Officer,2023-01-10,Active
1590,1590,86,Investigating Officer,2021-06-13,Closed
1591,1591,20,Investigating Officer,2022-12-13,Active
1592,1592,123,Investigating Officer,2024-02-24,Active
1593,1593,13,Investigating Officer,2020-11-17,Closed
1594,1594,2,Investigating Officer,2020-06-02,Closed
1595,1595,113,Investigating Officer,2024-06-11,Active
1596,1596,74,Investigating Officer,2024-03-07,Active
1597,1597,75,Investigating Officer,2020-06-12,Active
1598,1598,54,Investigating Officer,2023-03-04,Active
1599,1599,86,Investigating Officer,2023-02-16,Closed
1600,1600,111,Investigating Officer,2020-01-21,Closed
1601,1601,95,Investigating Officer,2022-09-26,Active
1602,1602,104,Investigating Officer,2021-06-03,Closed
1603,1603,27,Investigating Officer,2022-05-12,Active
1604,1604,113,Investigating Officer,2025-06-09,Active
1605,1605,51,Investigating Officer,2023-08-06,Active
1606,1606,79,Investigating Officer,2023-01-17,Active
1607,1607,29,Investigating Officer,2025-09-09,Active
1608,1608,34,Investigating Officer,2023-06-08,Closed
1609,1609,89,Investigating Officer,2021-07-25,Active
1610,1610,36,Investigating Officer,2024-05-09,Active
1611,1611,60,Investigating Officer,2021-08-02,Closed
1612,1612,120,Investigating Officer,2021-12-15,Active
1613,1613,21,Investigating Officer,2021-08-17,Closed
1614,1614,38,Investigating Officer,2025-05-26,Active
1615,1615,11,Investigating Officer,2022-01-04,Active
1616,1616,115,Investigating Officer,2025-09-24,Closed
1617,1617,16,Investigating Officer,2024-12-17,Closed
1618,1618,73,Investigating Officer,2023-02-27,Active
1619,1619,48,Investigating Officer,2025-02-12,Closed
1620,1620,6,Investigating Officer,2025-09-24,Closed
1621,1621,72,Investigating Officer,2025-08-08,Active
1622,1622,57,Investigating Officer,2021-10-02,Active
1623,1623,83,Investigating Officer,2021-12-01,Active
1624,1624,64,Investigating Officer,2022-09-19,Closed
1625,1625,96,Investigating Officer,2024-11-25,Closed
1626,1626,12,Investigating Officer,2025-08-10,Active
1627,1627,71,Investigating Officer,2020-11-05,Active
1628,1628,17,Investigating Officer,2021-07-16,Active
1629,1629,80,Investigating Officer,2024-08-09,Active
1630,1630,87,Investigating Officer,2020-11-17,Closed
1631,1631,78,Investigating Officer,2020-07-13,Closed
1632,1632,92,Investigating Officer,2025-09-07,Active
1633,1633,107,Investigating Officer,2021-04-25,Closed
1634,1634,90,Investigating Officer,2020-08-10,Closed
1635,1635,16,Investigating Officer,2023-11-02,Closed
1636,1636,31,Investigating Officer,2024-06-19,Active
1637,1637,78,Investigating Officer,2024-06-12,Closed
1638,1638,6,Investigating Officer,2020-03-16,Active
1639,1639,122,Investigating Officer,2023-08-14,Closed
1640,1640,63,Investigating Officer,2020-01-06,Closed
1641,1641,12,Investigating Officer,2022-09-20,Active
1642,1642,10,Investigating Officer,2023-09-04,Active
1643,1643,69,Investigating Officer,2020-02-23,Active
1644,1644,67,Investigating Officer,2021-05-15,Active
1645,1645,9,Investigating Officer,2024-03-10,Closed
1646,1646,112,Investigating Officer,2025-09-23,Active
1647,1647,41,Investigating Officer,2020-12-20,Active
1648,1648,60,Investigating Officer,2023-02-20,Closed
1649,1649,93,Investigating Officer,2022-09-09,Active
1650,1650,118,Investigating Officer,2021-09-20,Active
1651,1651,89,Investigating Officer,2025-09-04,Active
1652,1652,114,Investigating Officer,2025-03-16,Closed
1653,1653,76,Investigating Officer,2025-09-01,Active
1654,1654,70,Investigating Officer,2024-03-25,Closed
1655,1655,22,Investigating Officer,2025-12-15,Closed
1656,1656,37,Investigating Officer,2024-03-24,Active
1657,1657,116,Investigating Officer,2023-05-28,Active
1658,1658,101,Investigating Officer,2020-11-24,Active
1659,1659,74,Investigating Officer,2025-05-22,Closed
1660,1660,82,Investigating Officer,2020-02-27,Active
1661,1661,98,Investigating Officer,2023-11-05,Active
1662,1662,31,Investigating Officer,2025-04-18,Active
1663,1663,48,Investigating Officer,2025-11-19,Active
1664,1664,10,Investigating Officer,2022-04-02,Active
1665,1665,80,Investigating Officer,2020-05-28,Closed
1666,1666,46,Investigating Officer,2025-04-27,Active
1667,1667,111,Investigating Officer,2022-03-19,Active
1668,1668,23,Investigating Officer,2022-05-24,Active
1669,1669,64,Investigating Officer,2023-12-29,Active
1670,1670,105,Investigating Officer,2024-01-11,Active
1671,1671,78,Investigating Officer,2022-08-04,Active
1672,1672,90,Investigating Officer,2023-03-02,Active
1673,1673,97,Investigating Officer,2021-02-24,Active
1674,1674,46,Investigating Officer,2021-06-21,Active
1675,1675,110,Investigating Officer,2022-07-25,Active
1676,1676,6,Investigating Officer,2022-06-05,Closed
1677,1677,21,Investigating Officer,2024-05-30,Closed
1678,1678,85,Investigating Officer,2020-03-22,Active
1679,1679,7,Investigating Officer,2024-12-11,Closed
1680,1680,112,Investigating Officer,2025-09-07,Closed
1681,1681,61,Investigating Officer,2025-01-02,Active
1682,1682,60,Investigating Officer,2024-04-17,Active
1683,1683,109,Investigating Officer,2025-03-15,Closed
1684,1684,75,Investigating Officer,2021-11-29,Active
1685,1685,14,Investigating Officer,2021-10-31,Active
1686,1686,23,Investigating Officer,2023-01-11,Active
1687,1687,15,Investigating Officer,2022-07-25,Closed
1688,1688,83,Investigating Officer,2025-05-07,Closed
1689,1689,11,Investigating Officer,2023-01-19,Active
1690,1690,39,Investigating Officer,2025-05-06,Active
1691,1691,34,Investigating Officer,2020-04-05,Closed
1692,1692,96,Investigating Officer,2024-09-07,Active
1693,1693,12,Investigating Officer,2023-01-07,Active
1694,1694,75,Investigating Officer,2023-01-15,Active
1695,1695,97,Investigating Officer,2025-02-07,Active
1696,1696,49,Investigating Officer,2023-12-24,Active
1697,1697,32,Investigating Officer,2023-04-18,Active
1698,1698,42,Investigating Officer,2024-07-30,Closed
1699,1699,4,Investigating Officer,2020-07-16,Active
1700,1700,18,Investigating Officer,2020-10-24,Active
1701,1701,55,Investigating Officer,2024-10-22,Closed
1702,1702,68,Investigating Officer,2020-02-17,Active
1703,1703,79,Investigating Officer,2024-11-17,Active
1704,1704,26,Investigating Officer,2022-08-09,Closed
1705,1705,48,Investigating Officer,2024-02-27,Closed
1706,1706,71,Investigating Officer,2022-05-13,Active
1707,1707,30,Investigating Officer,2021-08-25,Active
1708,1708,70,Investigating Officer,2022-11-26,Closed
1709,1709,101,Investigating Officer,2022-02-14,Active
1710,1710,27,Investigating Officer,2020-12-04,Active
1711,1711,87,Investigating Officer,2024-04-04,Active
1712,1712,106,Investigating Officer,2021-12-21,Active
1713,1713,31,Investigating Officer,2021-09-25,Closed
1714,1714,107,Investigating Officer,2020-06-30,Active
1715,1715,114,Investigating Officer,2020-03-01,Closed
1716,1716,81,Investigating Officer,2020-05-21,Closed
1717,1717,73,Investigating Officer,2020-10-07,Active
1718,1718,56,Investigating Officer,2022-05-07,Closed
1719,1719,14,Investigating Officer,2023-05-31,Active
1720,1720,108,Investigating Officer,2020-09-26,Active
1721,1721,27,Investigating Officer,2021-06-28,Active
1722,1722,119,Investigating Officer,2024-08-24,Active
1723,1723,14,Investigating Officer,2023-08-19,Active
1724,1724,17,Investigating Officer,2020-01-21,Active
1725,1725,70,Investigating Officer,2024-11-12,Closed
1726,1726,110,Investigating Officer,2025-06-10,Active
1727,1727,28,Investigating Officer,2025-05-10,Closed
1728,1728,71,Investigating Officer,2022-06-25,Active
1729,1729,48,Investigating Officer,2024-05-21,Closed
1730,1730,31,Investigating Officer,2020-03-28,Active
1731,1731,7,Investigating Officer,2021-05-06,Closed
1732,1732,121,Investigating Officer,2024-11-01,Active
1733,1733,45,Investigating Officer,2023-10-22,Closed
1734,1734,71,Investigating Officer,2020-03-03,Active
1735,1735,112,Investigating Officer,2021-01-15,Active
1736,1736,79,Investigating Officer,2021-04-05,Closed
1737,1737,109,Investigating Officer,2025-07-07,Active
1738,1738,118,Investigating Officer,2021-02-27,Active
1739,1739,92,Investigating Officer,2023-12-27,Closed
1740,1740,113,Investigating Officer,2021-05-05,Active
1741,1741,105,Investigating Officer,2021-04-27,Closed
1742,1742,83,Investigating Officer,2022-07-10,Closed
1743,1743,6,Investigating Officer,2021-02-19,Active
1744,1744,83,Investigating Officer,2022-10-03,Closed
1745,1745,91,Investigating Officer,2022-07-24,Active
1746,1746,45,Investigating Officer,2025-01-10,Active
1747,1747,32,Investigating Officer,2022-08-31,Active
1748,1748,93,Investigating Officer,2021-08-08,Active
1749,1749,63,Investigating Officer,2023-06-04,Active
1750,1750,102,Investigating Officer,2022-07-04,Active
1751,1751,51,Investigating Officer,2020-06-03,Active
1752,1752,104,Investigating Officer,2022-04-05,Active
1753,1753,102,Investigating Officer,2023-02-09,Closed
1754,1754,92,Investigating Officer,2025-06-19,Active
1755,1755,79,Investigating Officer,2022-09-27,Active
1756,1756,49,Investigating Officer,2020-01-16,Closed
1757,1757,110,Investigating Officer,2021-09-27,Closed
1758,1758,7,Investigating Officer,2025-09-26,Active
1759,1759,8,Investigating Officer,2020-11-13,Closed
1760,1760,77,Investigating Officer,2024-10-09,Closed
1761,1761,81,Investigating Officer,2024-10-13,Active
1762,1762,80,Investigating Officer,2023-12-19,Active
1763,1763,38,Investigating Officer,2021-11-11,Active
1764,1764,100,Investigating Officer,2020-10-20,Closed
1765,1765,18,Investigating Officer,2020-02-09,Closed
1766,1766,46,Investigating Officer,2020-05-12,Active
1767,1767,29,Investigating Officer,2025-07-22,Closed
1768,1768,3,Investigating Officer,2024-11-02,Active
1769,1769,75,Investigating Officer,2025-09-21,Active
1770,1770,79,Investigating Officer,2022-08-22,Active
1771,1771,62,Investigating Officer,2023-03-27,Active
1772,1772,31,Investigating Officer,2020-03-31,Closed
1773,1773,7,Investigating Officer,2024-06-30,Closed
1774,1774,70,Investigating Officer,2023-03-12,Closed
1775,1775,88,Investigating Officer,2025-04-15,Active
1776,1776,41,Investigating Officer,2024-03-24,Closed
1777,1777,101,Investigating Officer,2024-10-02,Active
1778,1778,50,Investigating Officer,2025-02-19,Active
1779,1779,10,Investigating Officer,2022-10-03,Active
1780,1780,5,Investigating Officer,2025-12-31,Active
1781,1781,120,Investigating Officer,2023-06-01,Active
1782,1782,44,Investigating Officer,2022-04-30,Active
1783,1783,53,Investigating Officer,2020-05-04,Active
1784,1784,9,Investigating Officer,2025-12-15,Closed
1785,1785,84,Investigating Officer,2020-06-06,Active
1786,1786,101,Investigating Officer,2021-12-15,Active
1787,1787,85,Investigating Officer,2020-12-09,Active
1788,1788,96,Investigating Officer,2024-07-28,Closed
1789,1789,89,Investigating Officer,2022-12-02,Active
1790,1790,65,Investigating Officer,2022-01-07,Active
1791,1791,56,Investigating Officer,2023-09-26,Active
1792,1792,11,Investigating Officer,2023-07-15,Active
1793,1793,121,Investigating Officer,2022-09-03,Active
1794,1794,33,Investigating Officer,2022-05-13,Closed
1795,1795,42,Investigating Officer,2021-10-13,Closed
1796,1796,87,Investigating Officer,2022-07-28,Active
1797,1797,102,Investigating Officer,2023-10-25,Closed
1798,1798,100,Investigating Officer,2025-01-20,Active
1799,1799,64,Investigating Officer,2021-06-25,Active
1800,1800,51,Investigating Officer,2025-05-20,Active
1801,1801,2,Investigating Officer,2020-08-25,Active
1802,1802,15,Investigating Officer,2022-06-19,Closed
1803,1803,43,Investigating Officer,2021-10-10,Active
1804,1804,29,Investigating Officer,2021-01-29,Active
1805,1805,47,Investigating Officer,2025-12-04,Active
1806,1806,20,Investigating Officer,2024-05-19,Active
1807,1807,63,Investigating Officer,2025-06-26,Active
1808,1808,103,Investigating Officer,2022-05-26,Active
1809,1809,37,Investigating Officer,2023-04-05,Closed
1810,1810,35,Investigating Officer,2022-10-13,Active
1811,1811,97,Investigating Officer,2022-08-06,Active
1812,1812,90,Investigating Officer,2022-08-12,Active
1813,1813,82,Investigating Officer,2021-02-17,Active
1814,1814,74,Investigating Officer,2025-05-29,Closed
1815,1815,119,Investigating Officer,2020-09-10,Active
1816,1816,14,Investigating Officer,2023-11-12,Closed
1817,1817,97,Investigating Officer,2024-06-16,Active
1818,1818,100,Investigating Officer,2024-12-19,Active
1819,1819,56,Investigating Officer,2023-03-17,Closed
1820,1820,33,Investigating Officer,2023-07-02,Active
1821,1821,43,Investigating Officer,2021-03-03,Closed
1822,1822,24,Investigating Officer,2020-09-29,Closed
1823,1823,51,Investigating Officer,2025-06-08,Active
1824,1824,103,Investigating Officer,2022-11-15,Active
1825,1825,19,Investigating Officer,2020-05-13,Closed
1826,1826,100,Investigating Officer,2021-02-09,Closed
1827,1827,56,Investigating Officer,2020-02-27,Active
1828,1828,73,Investigating Officer,2023-04-25,Active
1829,1829,36,Investigating Officer,2020-02-24,Active
1830,1830,90,Investigating Officer,2025-11-15,Active
1831,1831,31,Investigating Officer,2024-03-30,Closed
1832,1832,32,Investigating Officer,2021-09-25,Closed
1833,1833,120,Investigating Officer,2020-12-28,Active
1834,1834,115,Investigating Officer,2020-11-30,Active
1835,1835,119,Investigating Officer,2025-03-31,Active
1836,1836,120,Investigating Officer,2021-10-24,Active
1837,1837,5,Investigating Officer,2022-01-29,Closed
1838,1838,30,Investigating Officer,2023-09-14,Closed
1839,1839,106,Investigating Officer,2024-04-06,Closed
1840,1840,59,Investigating Officer,2020-07-26,Active
1841,1841,65,Investigating Officer,2021-01-22,Closed
1842,1842,3,Investigating Officer,2025-05-06,Active
1843,1843,107,Investigating Officer,2024-01-14,Active
1844,1844,49,Investigating Officer,2022-09-04,Closed
1845,1845,42,Investigating Officer,2020-06-14,Closed
1846,1846,52,Investigating Officer,2022-02-21,Closed
1847,1847,55,Investigating Officer,2024-04-01,Active
1848,1848,115,Investigating Officer,2025-05-19,Active
1849,1849,62,Investigating Officer,2023-04-14,Closed
1850,1850,58,Investigating Officer,2023-10-08,Active
1851,1851,85,Investigating Officer,2025-10-31,Active
1852,1852,55,Investigating Officer,2020-11-13,Closed
1853,1853,20,Investigating Officer,2021-06-15,Active
1854,1854,74,Investigating Officer,2022-10-03,Closed
1855,1855,16,Investigating Officer,2023-12-08,Active
1856,1856,64,Investigating Officer,2021-09-21,Active
1857,1857,115,Investigating Officer,2021-11-07,Active
1858,1858,101,Investigating Officer,2022-12-03,Active
1859,1859,27,Investigating Officer,2020-01-04,Active
1860,1860,122,Investigating Officer,2024-06-17,Active
1861,1861,14,Investigating Officer,2024-10-25,Closed
1862,1862,29,Investigating Officer,2021-07-01,Active
1863,1863,28,Investigating Officer,2020-04-01,Active
1864,1864,114,Investigating Officer,2022-08-13,Active
1865,1865,116,Investigating Officer,2024-01-26,Active
1866,1866,24,Investigating Officer,2024-09-28,Closed
1867,1867,88,Investigating Officer,2023-05-16,Closed
1868,1868,34,Investigating Officer,2023-10-15,Active
1869,1869,35,Investigating Officer,2022-10-27,Active
1870,1870,52,Investigating Officer,2023-11-01,Closed
1871,1871,113,Investigating Officer,2023-10-25,Active
1872,1872,116,Investigating Officer,2024-06-01,Active
1873,1873,74,Investigating Officer,2025-02-19,Closed
1874,1874,59,Investigating Officer,2024-09-27,Active
1875,1875,32,Investigating Officer,2022-03-24,Active
1876,1876,52,Investigating Officer,2020-06-25,Active
1877,1877,53,Investigating Officer,2024-11-29,Active
1878,1878,15,Investigating Officer,2021-07-07,Closed
1879,1879,4,Investigating Officer,2020-08-11,Closed
1880,1880,16,Investigating Officer,2025-02-20,Active
1881,1881,79,Investigating Officer,2024-12-27,Active
1882,1882,28,Investigating Officer,2024-05-09,Closed
1883,1883,80,Investigating Officer,2022-11-09,Active
1884,1884,105,Investigating Officer,2023-08-07,Active
1885,1885,3,Investigating Officer,2022-08-31,Closed
1886,1886,112,Investigating Officer,2025-10-15,Active
1887,1887,51,Investigating Officer,2022-09-21,Active
1888,1888,88,Investigating Officer,2022-02-13,Active
1889,1889,45,Investigating Officer,2022-06-15,Active
1890,1890,29,Investigating Officer,2021-04-24,Closed
1891,1891,36,Investigating Officer,2024-05-20,Active
1892,1892,82,Investigating Officer,2023-12-21,Closed
1893,1893,99,Investigating Officer,2024-02-27,Active
1894,1894,113,Investigating Officer,2024-12-08,Active
1895,1895,87,Investigating Officer,2021-05-02,Active
1896,1896,26,Investigating Officer,2023-08-12,Active
1897,1897,63,Investigating Officer,2022-10-14,Active
1898,1898,41,Investigating Officer,2020-01-09,Closed
1899,1899,101,Investigating Officer,2021-04-11,Active
1900,1900,28,Investigating Officer,2025-03-24,Active
1901,1901,69,Investigating Officer,2021-08-05,Closed
1902,1902,14,Investigating Officer,2022-08-13,Closed
1903,1903,9,Investigating Officer,2025-09-28,Active
1904,1904,56,Investigating Officer,2025-06-18,Closed
1905,1905,116,Investigating Officer,2020-03-21,Closed
1906,1906,108,Investigating Officer,2020-06-19,Active
1907,1907,50,Investigating Officer,2020-06-27,Closed
1908,1908,117,Investigating Officer,2020-06-22,Active
1909,1909,49,Investigating Officer,2025-09-11,Active
1910,1910,116,Investigating Officer,2020-08-31,Active
1911,1911,12,Investigating Officer,2025-01-26,Closed
1912,1912,53,Investigating Officer,2022-12-19,Active
1913,1913,77,Investigating Officer,2022-11-10,Active
1914,1914,84,Investigating Officer,2025-11-01,Active
1915,1915,1,Investigating Officer,2021-10-31,Active
1916,1916,2,Investigating Officer,2025-09-20,Active
1917,1917,96,Investigating Officer,2025-08-27,Closed
1918,1918,66,Investigating Officer,2025-10-28,Closed
1919,1919,107,Investigating Officer,2021-12-24,Closed
1920,1920,123,Investigating Officer,2024-06-28,Active
1921,1921,103,Investigating Officer,2021-05-17,Active
1922,1922,14,Investigating Officer,2024-06-17,Closed
1923,1923,34,Investigating Officer,2025-08-19,Active
1924,1924,18,Investigating Officer,2025-02-28,Active
1925,1925,64,Investigating Officer,2025-05-13,Active
1926,1926,5,Investigating Officer,2024-10-16,Active
1927,1927,44,Investigating Officer,2022-09-22,Active
1928,1928,116,Investigating Officer,2025-01-13,Active
1929,1929,72,Investigating Officer,2024-06-10,Active
1930,1930,78,Investigating Officer,2021-06-25,Active
1931,1931,18,Investigating Officer,2022-12-26,Active
1932,1932,19,Investigating Officer,2022-06-01,Closed
1933,1933,17,Investigating Officer,2024-05-09,Active
1934,1934,52,Investigating Officer,2024-09-01,Closed
1935,1935,92,Investigating Officer,2024-04-01,Closed
1936,1936,42,Investigating Officer,2020-04-21,Active
1937,1937,39,Investigating Officer,2022-04-30,Active
1938,1938,60,Investigating Officer,2023-05-15,Active
1939,1939,86,Investigating Officer,2023-03-30,Active
1940,1940,118,Investigating Officer,2021-09-27,Closed
1941,1941,30,Investigating Officer,2023-08-21,Closed
1942,1942,107,Investigating Officer,2023-06-06,Closed
1943,1943,11,Investigating Officer,2021-02-17,Closed
1944,1944,98,Investigating Officer,2023-03-10,Active
1945,1945,111,Investigating Officer,2020-09-13,Active
1946,1946,7,Investigating Officer,2021-07-09,Active
1947,1947,4,Investigating Officer,2024-04-11,Active
1948,1948,35,Investigating Officer,2025-06-16,Active
1949,1949,83,Investigating Officer,2021-09-16,Closed
1950,1950,17,Investigating Officer,2021-01-08,Active
1951,1951,93,Investigating Officer,2021-12-03,Closed
1952,1952,95,Investigating Officer,2022-09-27,Active
1953,1953,60,Investigating Officer,2020-12-08,Active
1954,1954,59,Investigating Officer,2025-04-21,Active
1955,1955,57,Investigating Officer,2025-01-24,Closed
1956,1956,68,Investigating Officer,2020-07-05,Active
1957,1957,25,Investigating Officer,2023-06-01,Active
1958,1958,24,Investigating Officer,2020-10-05,Active
1959,1959,42,Investigating Officer,2023-05-23,Closed
1960,1960,89,Investigating Officer,2025-07-31,Active
1961,1961,84,Investigating Officer,2023-06-21,Closed
1962,1962,88,Investigating Officer,2024-11-29,Closed
1963,1963,56,Investigating Officer,2023-10-04,Closed
1964,1964,58,Investigating Officer,2023-10-13,Active
1965,1965,74,Investigating Officer,2022-11-24,Active
1966,1966,52,Investigating Officer,2021-09-24,Active
1967,1967,21,Investigating Officer,2025-03-04,Closed
1968,1968,37,Investigating Officer,2024-03-13,Active
1969,1969,13,Investigating Officer,2020-05-16,Active
1970,1970,89,Investigating Officer,2024-03-21,Active
1971,1971,8,Investigating Officer,2020-11-18,Active
1972,1972,8,Investigating Officer,2025-04-13,Closed
1973,1973,100,Investigating Officer,2021-08-28,Active
1974,1974,79,Investigating Officer,2021-11-24,Closed
1975,1975,73,Investigating Officer,2020-05-22,Active
1976,1976,90,Investigating Officer,2024-08-24,Closed
1977,1977,2,Investigating Officer,2020-12-19,Active
1978,1978,64,Investigating Officer,2021-12-02,Active
1979,1979,66,Investigating Officer,2024-05-17,Active
1980,1980,10,Investigating Officer,2025-04-16,Active
1981,1981,46,Investigating Officer,2022-02-02,Closed
1982,1982,22,Investigating Officer,2023-03-28,Closed
1983,1983,26,Investigating Officer,2024-06-06,Closed
1984,1984,81,Investigating Officer,2025-08-14,Active
1985,1985,58,Investigating Officer,2022-01-30,Active
1986,1986,11,Investigating Officer,2022-02-07,Active
1987,1987,19,Investigating Officer,2024-10-11,Active
1988,1988,41,Investigating Officer,2020-01-16,Active
1989,1989,65,Investigating Officer,2024-03-29,Active
1990,1990,25,Investigating Officer,2023-06-08,Closed
1991,1991,29,Investigating Officer,2025-07-30,Closed
1992,1992,18,Investigating Officer,2022-08-10,Active
1993,1993,61,Investigating Officer,2020-12-24,Active
1994,1994,67,Investigating Officer,2024-01-08,Active
1995,1995,103,Investigating Officer,2023-10-28,Active
1996,1996,16,Investigating Officer,2024-02-21,Active
1997,1997,73,Investigating Officer,2024-10-24,Active
1998,1998,47,Investigating Officer,2021-03-18,Active
1999,1999,33,Investigating Officer,2021-03-09,Active
2000,2000,117,Investigating Officer,2023-11-12,Active
