crime_id,station_id,district,crime_type,modus_operandi,incident_date,incident_time,incident_year,incident_month,incident_day_of_week,incident_hour,latitude,longitude,location_type,severity,weapons_used,property_loss_inr,status,fir_number,io_officer,offender_ids,victim_ids,solved,days_to_solve,district_id,crime_type_id,modus_operandi_id,location_type_id,weapon_id,case_status_id,io_officer_id
1,7,Bengaluru Rural,Theft,Vehicle theft,2020-01-22,14:49:00,2020,1,Wednesday,14,13.209779,77.464972,Residence,3,None,436418,Under Investigation,FIR/2020/007/0001,S,[374],"[541, 509]",0,287,2,9,32,5,4,6,19
2,9,Bengaluru Rural,Fraud,Impersonation,2024-10-17,21:24:00,2024,10,Thursday,21,13.215197,77.478226,Road,4,Blunt Object,283397,Under Investigation,FIR/2024/009/0002,Z,[52],[237],0,361,2,4,13,6,1,6,26
3,23,Belagavi,Theft,Vehicle theft,2023-03-25,17:34:00,2023,3,Saturday,17,15.934467,74.601334,Market,3,None,467564,Open,FIR/2023/023/0003,BO,[205],[560],0,216,6,9,32,2,4,4,67
4,17,Dakshina Kannada,Theft,Pickpocket,2021-07-24,20:35:00,2021,7,Saturday,20,12.802906,75.051763,Park,2,None,368622,Closed - Acquitted,FIR/2021/017/0004,AX,"[32, 121, 253]",[578],1,214,5,9,31,3,4,1,50
5,39,Udupi,Drug Offence,Possession,2025-05-15,19:17:00,2025,5,Thursday,19,13.245875,74.741283,Residence,4,None,0,Pending Trial,FIR/2025/039/0005,DK,[180],[311],0,,12,3,10,5,4,5,115
6,2,Bengaluru Urban,Assault,Brawl,2024-05-04,08:44:00,2024,5,Saturday,8,13.019921,77.606491,Residence,3,Knife,0,Under Investigation,FIR/2024/002/0006,E,[61],"[377, 361]",1,,1,1,1,5,3,6,5
7,15,Tumakuru,Robbery,Dacoity,2020-07-06,19:55:00,2020,7,Monday,19,13.412929,77.015687,Commercial,5,Blunt Object,343518,Pending Trial,FIR/2020/015/0007,AQ,[93],[322],0,,4,7,24,1,1,5,43
8,8,Bengaluru Rural,Cybercrime,Online fraud,2022-10-21,15:13:00,2022,10,Friday,15,13.255052,77.53337,Park,4,Knife,0,Closed - Acquitted,FIR/2022/008/0008,X,"[113, 228, 366]",[376],0,278,2,2,7,3,3,1,24
9,33,Hassan,Theft,House break-in,2024-08-09,15:39:00,2024,8,Friday,15,12.905627,76.199192,Residence,3,None,64355,Under Investigation,FIR/2024/033/0009,CS,"[267, 119]",[567],1,226,10,9,30,5,4,6,97
10,30,Ballari,Kidnapping,Ransom,2025-08-05,11:17:00,2025,8,Tuesday,11,15.111602,76.999923,Road,5,Firearm,0,Under Investigation,FIR/2025/030/0010,CJ,[143],"[394, 508]",1,221,9,5,18,6,2,6,88
11,35,Hassan,Theft,House break-in,2020-05-08,13:48:00,2020,5,Friday,13,12.893038,76.126397,Commercial,3,None,380521,Closed - Acquitted,FIR/2020/035/0011,CY,"[135, 386]",[29],0,,10,9,30,1,4,1,103
12,4,Bengaluru Urban,Fraud,Impersonation,2023-03-23,14:29:00,2023,3,Thursday,14,13.024213,77.659163,Residence,3,None,147167,Closed - Convicted,FIR/2023/004/0012,J,[196],[244],0,,1,4,13,5,4,2,10
13,19,Dakshina Kannada,Robbery,Mugging,2020-06-07,13:17:00,2020,6,Sunday,13,12.882015,75.057782,Market,4,Knife,438304,Under Investigation,FIR/2020/019/0013,BC,"[312, 7]",[583],0,239,5,7,25,2,3,6,55
14,3,Bengaluru Urban,Vandalism,Graffiti,2022-06-11,17:03:00,2022,6,Saturday,17,12.870691,77.689891,Commercial,2,None,0,Under Investigation,FIR/2022/003/0014,G,[33],[265],1,317,1,10,34,1,4,6,7
15,4,Bengaluru Urban,Theft,Pickpocket,2022-01-24,21:32:00,2022,1,Monday,21,12.990774,77.484669,Market,2,None,442987,Closed - Acquitted,FIR/2022/004/0015,L,"[32, 366]","[264, 17]",0,,1,9,31,2,4,1,12
16,23,Belagavi,Theft,Chain snatching,2021-04-08,10:04:00,2021,4,Thursday,10,15.807889,74.466826,Residence,3,None,12947,Under Investigation,FIR/2021/023/0016,BO,"[213, 37]",[290],1,334,6,9,29,5,4,6,67
17,24,Kalaburagi,Assault,Road rage,2020-05-07,04:23:00,2020,5,Thursday,4,17.432974,76.933149,Park,4,None,0,Closed - Convicted,FIR/2020/024/0017,BS,[312],[321],0,,7,1,4,3,4,2,71
18,25,Kalaburagi,Fraud,Cheque fraud,2021-09-06,23:48:00,2021,9,Monday,23,17.228527,76.732855,Park,4,None,63565,Closed - Acquitted,FIR/2021/025/0018,BU,"[115, 290, 258]","[562, 429]",0,,7,4,12,3,4,1,73
19,34,Hassan,Assault,Road rage,2022-03-09,21:18:00,2022,3,Wednesday,21,12.965684,76.172061,Market,4,None,0,Under Investigation,FIR/2022/034/0019,CW,"[119, 234, 162]",[119],1,259,10,1,4,2,4,6,101
20,5,Bengaluru Urban,Sexual Assault,Eve-teasing,2025-06-06,15:14:00,2025,6,Friday,15,12.952124,77.611242,Market,5,Blunt Object,0,Closed - Convicted,FIR/2025/005/0020,M,"[65, 276]",[418],0,61,1,8,26,2,1,2,13
21,6,Bengaluru Urban,Robbery,Dacoity,2021-08-30,17:31:00,2021,8,Monday,17,13.037035,77.690569,Park,4,None,487653,Under Investigation,FIR/2021/006/0021,Q,"[8, 86]",[270],0,,1,7,24,3,4,6,17
22,2,Bengaluru Urban,Cybercrime,Online fraud,2021-06-26,16:55:00,2021,6,Saturday,16,12.944747,77.575966,Road,3,Knife,0,Pending Trial,FIR/2021/002/0022,D,[357],[301],0,,1,2,7,6,3,5,4
23,3,Bengaluru Urban,Theft,House break-in,2025-01-12,15:40:00,2025,1,Sunday,15,13.051953,77.54403,Road,2,None,79826,Pending Trial,FIR/2025/003/0023,H,[69],[522],1,,1,9,30,6,4,5,8
24,25,Kalaburagi,Robbery,Armed robbery,2025-09-14,11:37:00,2025,9,Sunday,11,17.395222,76.770043,Park,5,Blunt Object,442533,Pending Trial,FIR/2025/025/0024,BV,[25],[538],1,,7,7,23,3,1,5,74
25,10,Mysuru,Theft,Vehicle theft,2024-10-29,17:17:00,2024,10,Tuesday,17,12.323515,76.543272,Public Transport,2,None,117248,Pending Trial,FIR/2024/010/0025,AB,[61],[499],0,,3,9,32,4,4,5,28
26,15,Tumakuru,Cybercrime,Identity theft,2021-01-28,20:35:00,2021,1,Thursday,20,13.399068,77.003864,Commercial,4,None,0,Under Investigation,FIR/2021/015/0026,AS,"[277, 276, 100]",[27],0,,4,2,5,1,4,6,45
27,30,Ballari,Theft,Pickpocket,2021-05-06,14:56:00,2021,5,Thursday,14,15.082534,77.008881,Market,3,None,38980,Under Investigation,FIR/2021/030/0027,CJ,"[375, 343, 60]","[81, 228]",1,,9,9,31,2,4,6,88
28,33,Hassan,Cybercrime,Online fraud,2023-07-13,07:27:00,2023,7,Thursday,7,13.056025,76.105411,Market,4,None,0,Open,FIR/2023/033/0028,CT,[286],[37],1,,10,2,7,2,4,4,98
29,13,Mysuru,Theft,Vehicle theft,2025-06-07,15:46:00,2025,6,Saturday,15,12.20743,76.671745,Public Transport,2,None,35264,Under Investigation,FIR/2025/013/0029,AK,[265],"[220, 4]",0,353,3,9,32,4,4,6,37
30,17,Dakshina Kannada,Cybercrime,Identity theft,2023-11-29,18:33:00,2023,11,Wednesday,18,12.767015,74.942024,Market,3,Firearm,0,Closed - Convicted,FIR/2023/017/0030,AY,[150],[502],1,148,5,2,5,2,2,2,51
31,27,Dharwad,Vandalism,Graffiti,2022-10-10,08:27:00,2022,10,Monday,8,15.450437,74.964337,Public Transport,3,None,0,Closed - Acquitted,FIR/2022/027/0031,CB,[357],[132],0,,8,10,34,4,4,1,80
32,2,Bengaluru Urban,Theft,Vehicle theft,2024-08-02,19:35:00,2024,8,Friday,19,12.914385,77.550828,Road,2,None,140675,Under Investigation,FIR/2024/002/0032,D,[227],[267],0,230,1,9,32,6,4,6,4
33,27,Dharwad,Theft,Vehicle theft,2022-04-24,22:07:00,2022,4,Sunday,22,15.486093,74.966924,Road,3,None,409171,Closed - Convicted,FIR/2022/027/0033,CA,"[11, 370]",[389],1,108,8,9,32,6,4,2,79
34,24,Kalaburagi,Assault,Domestic violence,2024-06-08,12:14:00,2024,6,Saturday,12,17.248437,76.804031,Road,4,None,0,Closed - Convicted,FIR/2024/024/0034,BS,[284],[14],0,,7,1,2,6,4,2,71
35,3,Bengaluru Urban,Theft,House break-in,2020-04-09,19:40:00,2020,4,Thursday,19,12.910954,77.53999,Market,2,None,459602,Under Investigation,FIR/2020/003/0035,H,[194],[135],1,,1,9,30,2,4,6,8
36,27,Dharwad,Theft,Vehicle theft,2021-01-26,20:37:00,2021,1,Tuesday,20,15.385528,75.033166,Commercial,3,None,143680,Under Investigation,FIR/2021/027/0036,CA,[166],[24],0,,8,9,32,1,4,6,79
37,25,Kalaburagi,Theft,Pickpocket,2022-06-29,11:35:00,2022,6,Wednesday,11,17.277962,76.882991,Market,3,None,206383,Pending Trial,FIR/2022/025/0037,BU,[196],[509],0,,7,9,31,2,4,5,73
38,37,Shivamogga,Vandalism,Graffiti,2022-08-08,15:23:00,2022,8,Monday,15,13.836048,75.522646,Residence,3,None,0,Under Investigation,FIR/2022/037/0038,DE,[323],"[98, 575]",1,316,11,10,34,5,4,6,109
39,31,Ballari,Assault,Domestic violence,2020-08-29,14:16:00,2020,8,Saturday,14,15.197123,77.001638,Road,4,Knife,0,Closed - Convicted,FIR/2020/031/0039,CN,[353],[417],0,,9,1,2,6,3,2,92
40,21,Belagavi,Kidnapping,Ransom,2023-08-11,15:45:00,2023,8,Friday,15,15.862854,74.555224,Residence,5,None,0,Open,FIR/2023/021/0040,BI,"[54, 218]",[385],1,59,6,5,18,5,4,4,61
41,3,Bengaluru Urban,Murder,Hired killing,2021-11-30,16:51:00,2021,11,Tuesday,16,12.885168,77.684412,Commercial,5,None,0,Pending Trial,FIR/2021/003/0041,I,[5],[446],0,,1,6,21,1,4,5,9
42,24,Kalaburagi,Assault,Domestic violence,2021-08-02,18:33:00,2021,8,Monday,18,17.402375,76.942779,Residence,4,Knife,0,Pending Trial,FIR/2021/024/0042,BS,[310],[474],1,,7,1,2,5,3,5,71
43,31,Ballari,Theft,Chain snatching,2022-01-04,06:30:00,2022,1,Tuesday,6,15.253874,76.876242,Commercial,3,None,49657,Open,FIR/2022/031/0043,CM,[356],[470],1,287,9,9,29,1,4,4,91
44,15,Tumakuru,Robbery,Armed robbery,2022-02-28,20:18:00,2022,2,Monday,20,13.426242,77.137572,Park,5,Blunt Object,336382,Closed - Convicted,FIR/2022/015/0044,AR,[320],[261],1,,4,7,23,3,1,2,44
45,18,Dakshina Kannada,Theft,Pickpocket,2021-06-02,18:37:00,2021,6,Wednesday,18,12.815707,75.008157,Residence,2,None,1400,Closed - Convicted,FIR/2021/018/0045,AZ,"[310, 142]","[485, 215]",0,,5,9,31,5,4,2,52
46,10,Mysuru,Theft,Pickpocket,2023-08-17,22:57:00,2023,8,Thursday,22,12.208674,76.713136,Road,2,None,126234,Closed - Convicted,FIR/2023/010/0046,AB,[242],[513],0,268,3,9,31,6,4,2,28
47,21,Belagavi,Assault,Domestic violence,2021-11-11,11:53:00,2021,11,Thursday,11,15.763992,74.482638,Park,4,Firearm,0,Closed - Convicted,FIR/2021/021/0047,BJ,[356],[124],0,,6,1,2,3,2,2,62
48,23,Belagavi,Drug Offence,Possession,2022-02-21,09:23:00,2022,2,Monday,9,15.909131,74.380261,Commercial,5,None,0,Pending Trial,FIR/2022/023/0048,BP,[270],[318],0,,6,3,10,1,4,5,68
49,3,Bengaluru Urban,Cybercrime,Investment scam,2024-06-19,19:44:00,2024,6,Wednesday,19,12.917402,77.488334,Public Transport,3,None,0,Under Investigation,FIR/2024/003/0049,I,[16],"[483, 466]",0,,1,2,6,4,4,6,9
50,3,Bengaluru Urban,Robbery,Dacoity,2021-09-19,09:47:00,2021,9,Sunday,9,13.055826,77.494478,Commercial,4,None,449781,Under Investigation,FIR/2021/003/0050,G,"[62, 29]",[64],0,,1,7,24,1,4,6,7
51,22,Belagavi,Fraud,Insurance fraud,2021-11-24,22:46:00,2021,11,Wednesday,22,15.853622,74.603431,Residence,4,Blunt Object,77339,Closed - Convicted,FIR/2021/022/0051,BN,[342],[67],1,102,6,4,14,5,1,2,66
52,33,Hassan,Robbery,Dacoity,2020-01-14,16:17:00,2020,1,Tuesday,16,12.915051,76.092201,Road,5,None,382494,Open,FIR/2020/033/0052,CT,"[45, 290]","[91, 120]",0,87,10,7,24,6,4,4,98
53,1,Bengaluru Urban,Theft,House break-in,2025-02-28,19:56:00,2025,2,Friday,19,12.910816,77.675554,Commercial,2,None,27963,Under Investigation,FIR/2025/001/0053,B,"[98, 383]",[136],1,,1,9,30,1,4,6,2
54,27,Dharwad,Theft,Vehicle theft,2023-01-22,23:11:00,2023,1,Sunday,23,15.401145,74.993304,Market,3,None,274225,Under Investigation,FIR/2023/027/0054,CA,[182],[358],0,300,8,9,32,2,4,6,79
55,25,Kalaburagi,Theft,Vehicle theft,2024-11-12,20:41:00,2024,11,Tuesday,20,17.400805,76.764087,Park,3,None,405489,Under Investigation,FIR/2024/025/0055,BU,"[258, 283]","[276, 93]",1,,7,9,32,3,4,6,73
56,34,Hassan,Cybercrime,Identity theft,2025-04-30,17:29:00,2025,4,Wednesday,17,12.976148,76.070998,Market,4,Knife,0,Closed - Acquitted,FIR/2025/034/0056,CV,[18],[108],1,332,10,2,5,2,3,1,100
57,7,Bengaluru Rural,Theft,House break-in,2023-06-08,16:29:00,2023,6,Thursday,16,13.259091,77.553062,Public Transport,3,None,437306,Under Investigation,FIR/2023/007/0057,S,"[304, 295]",[409],0,,2,9,30,4,4,6,19
58,26,Kalaburagi,Robbery,Armed robbery,2025-09-07,14:26:00,2025,9,Sunday,14,17.274347,76.852897,Park,5,None,494323,Under Investigation,FIR/2025/026/0058,BX,[84],[308],1,28,7,7,23,3,4,6,76
59,6,Bengaluru Urban,Robbery,Armed robbery,2023-11-18,09:25:00,2023,11,Saturday,9,12.851802,77.509998,Residence,4,Firearm,47273,Closed - Convicted,FIR/2023/006/0059,Q,"[155, 158]",[242],0,,1,7,23,5,2,2,17
60,1,Bengaluru Urban,Assault,Road rage,2021-02-13,18:35:00,2021,2,Saturday,18,13.019307,77.69368,Public Transport,3,None,0,Under Investigation,FIR/2021/001/0060,A,"[238, 362]",[99],0,,1,1,4,4,4,6,1
61,28,Dharwad,Assault,Brawl,2023-11-21,19:42:00,2023,11,Tuesday,19,15.479643,74.941007,Park,4,None,0,Closed - Convicted,FIR/2023/028/0061,CE,"[394, 121]",[349],0,,8,1,1,3,4,2,83
62,9,Bengaluru Rural,Assault,Brawl,2022-05-15,07:27:00,2022,5,Sunday,7,13.170776,77.49087,Road,4,Knife,0,Pending Trial,FIR/2022/009/0062,Y,[160],[493],1,,2,1,1,6,3,5,25
63,7,Bengaluru Rural,Assault,Brawl,2023-11-19,07:46:00,2023,11,Sunday,7,13.285592,77.640552,Public Transport,4,None,0,Under Investigation,FIR/2023/007/0063,T,[164],[520],0,28,2,1,1,4,4,6,20
64,20,Belagavi,Assault,Brawl,2025-01-18,20:23:00,2025,1,Saturday,20,15.900586,74.5803,Market,4,None,0,Open,FIR/2025/020/0064,BG,"[58, 92, 218]",[393],1,,6,1,1,2,4,4,59
65,40,Udupi,Drug Offence,Trafficking,2024-11-16,11:29:00,2024,11,Saturday,11,13.250072,74.739609,Public Transport,4,Knife,0,Closed - Convicted,FIR/2024/040/0065,DN,[307],[259],0,183,12,3,11,4,3,2,118
66,27,Dharwad,Theft,House break-in,2023-05-04,17:02:00,2023,5,Thursday,17,15.424639,74.896587,Residence,3,None,381045,Open,FIR/2023/027/0066,CA,"[128, 90]",[97],0,235,8,9,30,5,4,4,79
67,40,Udupi,Theft,Chain snatching,2020-06-15,13:20:00,2020,6,Monday,13,13.25612,74.856542,Commercial,2,None,486245,Closed - Convicted,FIR/2020/040/0067,DO,"[52, 196]",[81],1,132,12,9,29,1,4,2,119
68,6,Bengaluru Urban,Fraud,Impersonation,2021-04-21,11:36:00,2021,4,Wednesday,11,12.924368,77.597969,Park,3,Firearm,112831,Closed - Convicted,FIR/2021/006/0068,P,"[125, 356]",[384],0,,1,4,13,3,2,2,16
69,18,Dakshina Kannada,Assault,Brawl,2024-06-20,12:43:00,2024,6,Thursday,12,12.725012,74.919713,Park,3,None,0,Under Investigation,FIR/2024/018/0069,BA,"[337, 67]",[474],1,33,5,1,1,3,4,6,53
70,40,Udupi,Theft,Chain snatching,2024-09-19,13:38:00,2024,9,Thursday,13,13.314269,74.845269,Residence,2,None,242193,Closed - Acquitted,FIR/2024/040/0070,DO,[175],[456],0,200,12,9,29,5,4,1,119
71,17,Dakshina Kannada,Robbery,Dacoity,2020-11-17,16:31:00,2020,11,Tuesday,16,12.806672,74.919812,Market,4,Firearm,15500,Open,FIR/2020/017/0071,AW,"[190, 156, 150]",[463],0,,5,7,24,2,2,4,49
72,27,Dharwad,Vandalism,Property destruction,2023-03-08,15:47:00,2023,3,Wednesday,15,15.395232,75.108882,Public Transport,3,None,0,Under Investigation,FIR/2023/027/0072,CB,[311],"[127, 100]",1,,8,10,35,4,4,6,80
73,26,Kalaburagi,Assault,Road rage,2022-06-10,17:57:00,2022,6,Friday,17,17.286357,76.801462,Park,4,Blunt Object,0,Under Investigation,FIR/2022/026/0073,BX,[352],"[326, 515]",0,,7,1,4,3,1,6,76
74,29,Dharwad,Theft,Vehicle theft,2024-06-26,16:00:00,2024,6,Wednesday,16,15.419073,74.999165,Public Transport,3,None,215112,Open,FIR/2024/029/0074,CG,[51],[429],1,,8,9,32,4,4,4,85
75,33,Hassan,Vandalism,Arson,2024-08-01,17:20:00,2024,8,Thursday,17,12.92675,76.130419,Park,3,None,0,Under Investigation,FIR/2024/033/0075,CU,"[190, 12]",[399],0,,10,10,33,3,4,6,99
76,16,Tumakuru,Theft,Vehicle theft,2023-08-14,06:18:00,2023,8,Monday,6,13.225314,77.135925,Residence,3,None,241909,Under Investigation,FIR/2023/016/0076,AT,[351],[248],0,,4,9,32,5,4,6,46
77,11,Mysuru,Theft,Pickpocket,2020-01-29,18:02:00,2020,1,Wednesday,18,12.273323,76.644144,Commercial,2,None,463133,Closed - Convicted,FIR/2020/011/0077,AE,[198],[428],0,,3,9,31,1,4,2,31
78,2,Bengaluru Urban,Assault,Brawl,2023-04-14,20:53:00,2023,4,Friday,20,13.036103,77.56181,Road,3,None,0,Open,FIR/2023/002/0078,E,"[262, 323]",[439],0,87,1,1,1,6,4,4,5
79,24,Kalaburagi,Robbery,Mugging,2021-08-04,15:50:00,2021,8,Wednesday,15,17.273182,76.793506,Commercial,5,Knife,154818,Closed - Convicted,FIR/2021/024/0079,BT,"[235, 364]",[251],0,,7,7,25,1,3,2,72
80,39,Udupi,Theft,Vehicle theft,2021-08-29,02:18:00,2021,8,Sunday,2,13.432141,74.757349,Public Transport,2,None,373858,Under Investigation,FIR/2021/039/0080,DK,"[158, 367]",[313],0,,12,9,32,4,4,6,115
81,10,Mysuru,Cybercrime,Investment scam,2022-11-19,02:14:00,2022,11,Saturday,2,12.226599,76.59211,Market,3,Blunt Object,0,Under Investigation,FIR/2022/010/0081,AD,[133],[521],0,,3,2,6,2,1,6,30
82,38,Shivamogga,Fraud,Insurance fraud,2025-11-13,21:24:00,2025,11,Thursday,21,13.926359,75.488689,Road,4,None,496473,Open,FIR/2025/038/0082,DH,[90],[389],1,312,11,4,14,6,4,4,112
83,8,Bengaluru Rural,Cybercrime,Phishing,2025-08-05,21:36:00,2025,8,Tuesday,21,13.296112,77.649295,Market,4,None,0,Under Investigation,FIR/2025/008/0083,X,"[269, 117]",[373],0,274,2,2,8,2,4,6,24
84,35,Hassan,Murder,Gang rivalry,2025-01-03,11:33:00,2025,1,Friday,11,12.948257,76.157765,Residence,5,None,0,Pending Trial,FIR/2025/035/0084,CZ,"[334, 126]",[468],1,,10,6,20,5,4,5,104
85,5,Bengaluru Urban,Sexual Assault,Molestation,2025-11-10,10:03:00,2025,11,Monday,10,12.910146,77.657403,Commercial,5,None,0,Open,FIR/2025/005/0085,N,[51],[53],1,,1,8,27,1,4,4,14
86,7,Bengaluru Rural,Assault,Domestic violence,2025-06-18,00:36:00,2025,6,Wednesday,0,13.181741,77.664897,Road,4,Knife,0,Closed - Convicted,FIR/2025/007/0086,T,"[227, 399]",[468],0,260,2,1,2,6,3,2,20
87,31,Ballari,Assault,Road rage,2022-12-18,13:15:00,2022,12,Sunday,13,15.182082,76.922135,Commercial,4,Blunt Object,0,Under Investigation,FIR/2022/031/0087,CN,"[58, 388]","[500, 7]",1,156,9,1,4,1,1,6,92
88,7,Bengaluru Rural,Sexual Assault,Rape,2023-11-03,16:43:00,2023,11,Friday,16,13.122437,77.63461,Park,5,Firearm,0,Open,FIR/2023/007/0088,U,"[110, 158]",[328],1,,2,8,28,3,2,4,21
89,21,Belagavi,Theft,Chain snatching,2021-12-04,18:39:00,2021,12,Saturday,18,15.807864,74.501652,Residence,3,None,489078,Under Investigation,FIR/2021/021/0089,BI,[305],[276],1,182,6,9,29,5,4,6,61
90,21,Belagavi,Assault,Gang fight,2024-05-30,19:00:00,2024,5,Thursday,19,15.826679,74.610183,Market,4,None,0,Under Investigation,FIR/2024/021/0090,BJ,[72],"[281, 20]",1,165,6,1,3,2,4,6,62
91,28,Dharwad,Fraud,Insurance fraud,2022-03-27,16:39:00,2022,3,Sunday,16,15.544437,74.91344,Road,4,None,204505,Closed - Convicted,FIR/2022/028/0091,CD,[167],[482],1,,8,4,14,6,4,2,82
92,38,Shivamogga,Robbery,Armed robbery,2020-08-17,11:21:00,2020,8,Monday,11,13.898568,75.669765,Market,5,Firearm,432176,Open,FIR/2020/038/0092,DJ,[69],"[76, 333]",1,46,11,7,23,2,2,4,114
93,29,Dharwad,Theft,House break-in,2025-12-15,01:44:00,2025,12,Monday,1,15.524204,74.904121,Public Transport,3,None,391786,Pending Trial,FIR/2025/029/0093,CG,"[365, 379]",[370],0,,8,9,30,4,4,5,85
94,22,Belagavi,Theft,House break-in,2022-11-11,22:47:00,2022,11,Friday,22,15.763365,74.531838,Road,3,None,478665,Cold Case,FIR/2022/022/0094,BL,[250],[542],0,,6,9,30,6,4,3,64
95,33,Hassan,Murder,Property dispute,2025-07-08,13:36:00,2025,7,Tuesday,13,12.902906,75.998433,Residence,5,Blunt Object,0,Closed - Acquitted,FIR/2025/033/0095,CS,[286],[545],0,,10,6,22,5,1,1,97
96,13,Mysuru,Drug Offence,Distribution,2024-10-31,15:29:00,2024,10,Thursday,15,12.38713,76.696745,Public Transport,4,Blunt Object,0,Closed - Convicted,FIR/2024/013/0096,AM,"[38, 94]",[348],0,151,3,3,9,4,1,2,39
97,1,Bengaluru Urban,Cybercrime,Investment scam,2020-03-18,12:14:00,2020,3,Wednesday,12,12.887719,77.679938,Market,3,None,0,Under Investigation,FIR/2020/001/0097,C,[394],[469],0,,1,2,6,2,4,6,3
98,37,Shivamogga,Theft,Vehicle theft,2022-04-24,07:11:00,2022,4,Sunday,7,13.937921,75.674779,Commercial,3,None,456422,Under Investigation,FIR/2022/037/0098,DF,[66],[71],1,218,11,9,32,1,4,6,110
99,18,Dakshina Kannada,Theft,Vehicle theft,2023-12-26,21:08:00,2023,12,Tuesday,21,12.950453,74.899546,Road,2,None,234258,Under Investigation,FIR/2023/018/0099,AZ,"[14, 228, 381]","[214, 390]",0,,5,9,32,6,4,6,52
100,8,Bengaluru Rural,Theft,Vehicle theft,2025-09-06,16:46:00,2025,9,Saturday,16,13.117692,77.498013,Public Transport,3,None,100129,Under Investigation,FIR/2025/008/0100,V,"[380, 310, 184]",[325],1,58,2,9,32,4,4,6,22
101,30,Ballari,Theft,Chain snatching,2024-09-16,07:54:00,2024,9,Monday,7,15.105894,76.875796,Market,3,None,337422,Closed - Acquitted,FIR/2024/030/0101,CJ,[334],[87],1,,9,9,29,2,4,1,88
102,21,Belagavi,Theft,Vehicle theft,2021-12-27,08:00:00,2021,12,Monday,8,15.767082,74.544517,Park,3,None,217514,Closed - Acquitted,FIR/2021/021/0102,BI,"[32, 306]","[301, 381]",1,,6,9,32,3,4,1,61
103,10,Mysuru,Drug Offence,Distribution,2022-01-13,22:56:00,2022,1,Thursday,22,12.364574,76.526595,Park,4,Knife,0,Open,FIR/2022/010/0103,AC,[207],[272],1,,3,3,9,3,3,4,29
104,10,Mysuru,Sexual Assault,Molestation,2024-03-24,16:46:00,2024,3,Sunday,16,12.213761,76.522985,Public Transport,5,Firearm,0,Closed - Acquitted,FIR/2024/010/0104,AC,"[48, 215]","[116, 488]",1,,3,8,27,4,2,1,29
105,41,Udupi,Theft,Chain snatching,2025-04-07,12:08:00,2025,4,Monday,12,13.350497,74.851757,Residence,2,None,65972,Under Investigation,FIR/2025/041/0105,DR,"[50, 245]",[585],1,49,12,9,29,5,4,6,122
106,26,Kalaburagi,Theft,Pickpocket,2022-10-20,09:16:00,2022,10,Thursday,9,17.367949,76.79317,Residence,3,None,171937,Under Investigation,FIR/2022/026/0106,BY,"[343, 303, 267]",[274],0,,7,9,31,5,4,6,77
107,3,Bengaluru Urban,Drug Offence,Trafficking,2020-07-15,00:11:00,2020,7,Wednesday,0,13.003911,77.675091,Public Transport,4,Firearm,0,Closed - Acquitted,FIR/2020/003/0107,G,[204],[586],0,,1,3,11,4,2,1,7
108,26,Kalaburagi,Assault,Domestic violence,2025-01-30,16:16:00,2025,1,Thursday,16,17.237977,76.781333,Park,4,Firearm,0,Closed - Convicted,FIR/2025/026/0108,BX,"[173, 96]",[500],0,188,7,1,2,3,2,2,76
109,28,Dharwad,Cybercrime,Identity theft,2021-01-22,20:29:00,2021,1,Friday,20,15.367767,75.058847,Park,4,None,0,Pending Trial,FIR/2021/028/0109,CF,[178],[447],1,,8,2,5,3,4,5,84
110,33,Hassan,Theft,Vehicle theft,2020-03-09,19:46:00,2020,3,Monday,19,13.012938,76.167485,Commercial,3,None,282830,Under Investigation,FIR/2020/033/0110,CS,[272],[546],1,85,10,9,32,1,4,6,97
111,41,Udupi,Cybercrime,Identity theft,2021-09-14,14:39:00,2021,9,Tuesday,14,13.269427,74.633839,Public Transport,3,Knife,0,Open,FIR/2021/041/0111,DQ,"[206, 152, 200]","[432, 488]",1,,12,2,5,4,3,4,121
112,20,Belagavi,Theft,Pickpocket,2020-08-30,08:08:00,2020,8,Sunday,8,15.927086,74.561202,Public Transport,3,None,310072,Open,FIR/2020/020/0112,BF,"[125, 201]",[430],1,,6,9,31,4,4,4,58
113,18,Dakshina Kannada,Theft,Chain snatching,2021-05-20,17:47:00,2021,5,Thursday,17,12.885156,74.919399,Market,2,None,61494,Under Investigation,FIR/2021/018/0113,AZ,[142],[12],0,,5,9,29,2,4,6,52
114,15,Tumakuru,Cybercrime,Phishing,2021-05-26,17:47:00,2021,5,Wednesday,17,13.254782,77.208554,Commercial,4,None,0,Closed - Convicted,FIR/2021/015/0114,AS,"[369, 175]","[42, 391]",1,,4,2,8,1,4,2,45
115,32,Ballari,Drug Offence,Possession,2025-11-11,23:05:00,2025,11,Tuesday,23,15.164196,76.945171,Public Transport,5,None,0,Closed - Convicted,FIR/2025/032/0115,CP,[341],[443],0,,9,3,10,4,4,2,94
116,17,Dakshina Kannada,Cybercrime,Phishing,2024-09-14,11:53:00,2024,9,Saturday,11,12.809399,74.873102,Park,3,Firearm,0,Closed - Convicted,FIR/2024/017/0116,AY,"[249, 125]",[227],0,,5,2,8,3,2,2,51
117,25,Kalaburagi,Cybercrime,Investment scam,2020-06-21,17:06:00,2020,6,Sunday,17,17.400164,76.943277,Park,4,None,0,Closed - Convicted,FIR/2020/025/0117,BW,[61],"[245, 370]",0,,7,2,6,3,4,2,75
118,3,Bengaluru Urban,Robbery,Mugging,2025-03-02,16:55:00,2025,3,Sunday,16,13.077247,77.669759,Residence,4,Blunt Object,94758,Open,FIR/2025/003/0118,H,"[399, 222]",[27],1,15,1,7,25,5,1,4,8
119,30,Ballari,Fraud,Insurance fraud,2024-01-08,13:22:00,2024,1,Monday,13,15.251141,76.867792,Residence,4,None,292803,Closed - Convicted,FIR/2024/030/0119,CK,"[167, 235]",[270],1,179,9,4,14,5,4,2,89
120,12,Mysuru,Fraud,Cheque fraud,2023-09-29,16:39:00,2023,9,Friday,16,12.369037,76.751217,Market,3,Firearm,164062,Closed - Convicted,FIR/2023/012/0120,AH,[157],[93],0,363,3,4,12,2,2,2,34
121,32,Ballari,Robbery,Mugging,2024-01-20,12:10:00,2024,1,Saturday,12,15.046155,76.941043,Park,5,None,208651,Closed - Convicted,FIR/2024/032/0121,CR,"[359, 329, 287]",[574],1,,9,7,25,3,4,2,96
122,26,Kalaburagi,Fraud,Land grab,2023-10-25,14:22:00,2023,10,Wednesday,14,17.430802,76.73917,Public Transport,4,None,128924,Under Investigation,FIR/2023/026/0122,BZ,"[151, 315, 292]","[332, 231]",1,356,7,4,15,4,4,6,78
123,15,Tumakuru,Theft,Vehicle theft,2024-12-08,10:51:00,2024,12,Sunday,10,13.22088,77.055783,Public Transport,3,None,291673,Closed - Convicted,FIR/2024/015/0123,AQ,[314],[450],1,,4,9,32,4,4,2,43
124,38,Shivamogga,Robbery,Dacoity,2024-05-04,19:16:00,2024,5,Saturday,19,14.04556,75.640922,Commercial,5,Blunt Object,187209,Open,FIR/2024/038/0124,DJ,[190],[241],1,,11,7,24,1,1,4,114
125,16,Tumakuru,Fraud,Land grab,2021-01-30,15:45:00,2021,1,Saturday,15,13.293136,77.191041,Residence,4,Firearm,141103,Closed - Convicted,FIR/2021/016/0125,AU,"[369, 179]",[568],0,,4,4,15,5,2,2,47
126,28,Dharwad,Theft,Vehicle theft,2020-03-31,16:28:00,2020,3,Tuesday,16,15.352711,74.971225,Market,3,None,144750,Closed - Convicted,FIR/2020/028/0126,CD,"[76, 33]",[67],0,,8,9,32,2,4,2,82
127,9,Bengaluru Rural,Vandalism,Property destruction,2025-01-25,18:34:00,2025,1,Saturday,18,13.151719,77.503515,Market,3,None,0,Closed - Convicted,FIR/2025/009/0127,AA,"[261, 209]",[553],0,184,2,10,35,2,4,2,27
128,38,Shivamogga,Theft,Pickpocket,2020-09-17,19:26:00,2020,9,Thursday,19,13.985714,75.507812,Market,3,None,62652,Under Investigation,FIR/2020/038/0128,DH,"[389, 92]","[31, 507]",0,,11,9,31,2,4,6,112
129,25,Kalaburagi,Fraud,Impersonation,2025-04-27,13:54:00,2025,4,Sunday,13,17.232707,76.799538,Public Transport,4,None,118824,Under Investigation,FIR/2025/025/0129,BV,"[130, 256]",[267],1,,7,4,13,4,4,6,74
130,7,Bengaluru Rural,Assault,Brawl,2020-09-06,18:03:00,2020,9,Sunday,18,13.101518,77.448115,Park,4,Blunt Object,0,Under Investigation,FIR/2020/007/0130,T,"[7, 3, 168]",[29],1,,2,1,1,3,1,6,20
131,12,Mysuru,Assault,Road rage,2021-02-01,09:58:00,2021,2,Monday,9,12.2656,76.561863,Public Transport,3,None,0,Closed - Convicted,FIR/2021/012/0131,AI,[396],[153],0,150,3,1,4,4,4,2,35
132,7,Bengaluru Rural,Robbery,Armed robbery,2025-10-24,07:57:00,2025,10,Friday,7,13.124958,77.484961,Public Transport,5,None,350594,Closed - Convicted,FIR/2025/007/0132,U,"[173, 233]","[562, 399]",1,252,2,7,23,4,4,2,21
133,13,Mysuru,Fraud,Cheque fraud,2024-01-07,23:58:00,2024,1,Sunday,23,12.291102,76.721864,Road,3,None,343305,Under Investigation,FIR/2024/013/0133,AL,"[387, 303]",[533],0,,3,4,12,6,4,6,38
134,26,Kalaburagi,Drug Offence,Distribution,2022-04-03,08:20:00,2022,4,Sunday,8,17.392945,76.78461,Road,5,Firearm,0,Open,FIR/2022/026/0134,BY,"[207, 223]",[503],0,148,7,3,9,6,2,4,77
135,4,Bengaluru Urban,Assault,Brawl,2022-02-09,21:19:00,2022,2,Wednesday,21,13.031084,77.611706,Road,3,None,0,Pending Trial,FIR/2022/004/0135,J,[161],[548],1,,1,1,1,6,4,5,10
136,28,Dharwad,Drug Offence,Distribution,2021-12-31,18:23:00,2021,12,Friday,18,15.349633,74.939278,Market,5,None,0,Under Investigation,FIR/2021/028/0136,CE,[96],"[328, 75]",0,196,8,3,9,2,4,6,83
137,14,Tumakuru,Sexual Assault,Molestation,2023-04-04,11:57:00,2023,4,Tuesday,11,13.413173,77.196813,Residence,5,None,0,Closed - Convicted,FIR/2023/014/0137,AN,"[200, 117, 191]","[412, 46]",1,,4,8,27,5,4,2,40
138,37,Shivamogga,Drug Offence,Distribution,2023-06-22,18:56:00,2023,6,Thursday,18,14.029197,75.546309,Public Transport,5,Knife,0,Closed - Convicted,FIR/2023/037/0138,DG,[212],[195],1,,11,3,9,4,3,2,111
139,9,Bengaluru Rural,Cybercrime,Identity theft,2020-10-15,08:07:00,2020,10,Thursday,8,13.295132,77.564949,Market,4,None,0,Pending Trial,FIR/2020/009/0139,Y,[168],[263],0,292,2,2,5,2,4,5,25
140,17,Dakshina Kannada,Theft,Pickpocket,2024-06-05,16:05:00,2024,6,Wednesday,16,12.843312,74.900508,Public Transport,2,None,96719,Open,FIR/2024/017/0140,AX,"[241, 246, 56]",[39],1,,5,9,31,4,4,4,50
141,29,Dharwad,Drug Offence,Trafficking,2020-06-17,16:59:00,2020,6,Wednesday,16,15.572782,75.072252,Commercial,5,Knife,0,Pending Trial,FIR/2020/029/0141,CH,"[23, 292]",[157],1,,8,3,11,1,3,5,86
142,26,Kalaburagi,Robbery,Mugging,2025-09-01,09:14:00,2025,9,Monday,9,17.256341,76.872223,Park,5,Blunt Object,150893,Closed - Convicted,FIR/2025/026/0142,BZ,[226],[252],0,351,7,7,25,3,1,2,78
143,5,Bengaluru Urban,Robbery,Dacoity,2020-03-12,09:46:00,2020,3,Thursday,9,13.075472,77.563489,Public Transport,4,None,295022,Open,FIR/2020/005/0143,O,[54],[7],1,322,1,7,24,4,4,4,15
144,3,Bengaluru Urban,Assault,Brawl,2020-03-22,21:52:00,2020,3,Sunday,21,13.076531,77.62935,Market,3,Firearm,0,Closed - Convicted,FIR/2020/003/0144,G,[316],[244],0,,1,1,1,2,2,2,7
145,10,Mysuru,Assault,Road rage,2022-07-05,18:18:00,2022,7,Tuesday,18,12.217645,76.751569,Residence,3,None,0,Under Investigation,FIR/2022/010/0145,AC,"[83, 189, 379]",[308],0,,3,1,4,5,4,6,29
146,9,Bengaluru Rural,Fraud,Insurance fraud,2022-05-02,21:26:00,2022,5,Monday,21,13.18914,77.556255,Residence,4,None,277839,Under Investigation,FIR/2022/009/0146,Z,"[238, 187, 173]",[409],0,,2,4,14,5,4,6,26
147,40,Udupi,Robbery,Mugging,2024-07-30,12:41:00,2024,7,Tuesday,12,13.315179,74.734956,Road,4,None,113863,Under Investigation,FIR/2024/040/0147,DP,[232],[423],0,,12,7,25,6,4,6,120
148,28,Dharwad,Theft,Chain snatching,2020-04-07,14:13:00,2020,4,Tuesday,14,15.498978,74.953397,Park,3,None,409919,Closed - Acquitted,FIR/2020/028/0148,CD,"[289, 394]",[412],1,67,8,9,29,3,4,1,82
149,32,Ballari,Robbery,Dacoity,2025-12-13,21:40:00,2025,12,Saturday,21,15.181685,76.990271,Road,5,Knife,488407,Pending Trial,FIR/2025/032/0149,CR,[5],"[55, 340]",0,34,9,7,24,6,3,5,96
150,24,Kalaburagi,Cybercrime,Phishing,2025-01-03,19:21:00,2025,1,Friday,19,17.279238,76.73866,Park,4,Blunt Object,0,Under Investigation,FIR/2025/024/0150,BR,[78],[122],0,,7,2,8,3,1,6,70
151,18,Dakshina Kannada,Cybercrime,Identity theft,2021-04-09,21:09:00,2021,4,Friday,21,12.747097,74.879451,Park,3,None,0,Cold Case,FIR/2021/018/0151,BB,"[243, 195]",[21],0,11,5,2,5,3,4,3,54
152,32,Ballari,Kidnapping,Human trafficking,2023-11-09,21:05:00,2023,11,Thursday,21,15.035934,76.833786,Market,5,Knife,0,Under Investigation,FIR/2023/032/0152,CQ,[202],"[114, 202]",1,,9,5,17,2,3,6,95
153,32,Ballari,Theft,Chain snatching,2021-11-23,11:54:00,2021,11,Tuesday,11,15.142621,77.037089,Market,3,None,160765,Under Investigation,FIR/2021/032/0153,CP,"[13, 251, 164]","[54, 245]",1,,9,9,29,2,4,6,94
154,30,Ballari,Cybercrime,Phishing,2020-05-08,23:55:00,2020,5,Friday,23,15.169201,76.977714,Public Transport,4,Firearm,0,Open,FIR/2020/030/0154,CK,[195],[482],0,263,9,2,8,4,2,4,89
155,28,Dharwad,Robbery,Mugging,2021-06-26,11:46:00,2021,6,Saturday,11,15.385197,74.955394,Park,5,None,12062,Closed - Acquitted,FIR/2021/028/0155,CF,[231],"[87, 327]",1,34,8,7,25,3,4,1,84
156,10,Mysuru,Assault,Domestic violence,2020-12-23,19:00:00,2020,12,Wednesday,19,12.352561,76.601272,Market,3,Knife,0,Closed - Convicted,FIR/2020/010/0156,AC,"[37, 80, 299]",[472],1,,3,1,2,2,3,2,29
157,13,Mysuru,Sexual Assault,Molestation,2022-01-30,22:45:00,2022,1,Sunday,22,12.176722,76.709382,Commercial,5,None,0,Under Investigation,FIR/2022/013/0157,AK,[26],[397],0,,3,8,27,1,4,6,37
158,12,Mysuru,Assault,Brawl,2024-12-17,00:32:00,2024,12,Tuesday,0,12.218004,76.566853,Market,3,None,0,Closed - Convicted,FIR/2024/012/0158,AI,[278],[194],1,117,3,1,1,2,4,2,35
159,11,Mysuru,Robbery,Dacoity,2023-04-30,16:26:00,2023,4,Sunday,16,12.244297,76.621766,Commercial,4,None,33896,Open,FIR/2023/011/0159,AF,"[377, 124]",[258],0,221,3,7,24,1,4,4,32
160,6,Bengaluru Urban,Cybercrime,Investment scam,2020-02-19,07:43:00,2020,2,Wednesday,7,12.992753,77.69452,Park,3,Knife,0,Closed - Convicted,FIR/2020/006/0160,R,[349],[68],1,,1,2,6,3,3,2,18
161,24,Kalaburagi,Assault,Gang fight,2023-07-07,09:47:00,2023,7,Friday,9,17.350635,76.724548,Public Transport,4,Firearm,0,Under Investigation,FIR/2023/024/0161,BS,[239],"[333, 413]",1,72,7,1,3,4,2,6,71
162,21,Belagavi,Robbery,Dacoity,2021-09-03,00:23:00,2021,9,Friday,0,15.91963,74.536525,Road,5,Firearm,247615,Open,FIR/2021/021/0162,BK,[304],"[223, 98]",1,156,6,7,24,6,2,4,63
163,36,Shivamogga,Theft,Vehicle theft,2025-06-15,15:46:00,2025,6,Sunday,15,13.914326,75.652483,Road,3,None,499620,Under Investigation,FIR/2025/036/0163,DB,[341],[109],1,254,11,9,32,6,4,6,106
164,14,Tumakuru,Robbery,Armed robbery,2023-06-15,13:10:00,2023,6,Thursday,13,13.292447,77.145735,Market,5,Knife,423165,Closed - Convicted,FIR/2023/014/0164,AP,"[307, 67]",[350],0,,4,7,23,2,3,2,42
165,2,Bengaluru Urban,Assault,Gang fight,2022-10-05,18:20:00,2022,10,Wednesday,18,13.070035,77.691213,Commercial,3,None,0,Open,FIR/2022/002/0165,E,"[244, 144]",[592],0,,1,1,3,1,4,4,5
166,15,Tumakuru,Drug Offence,Distribution,2022-08-28,16:31:00,2022,8,Sunday,16,13.431634,77.07253,Road,5,Blunt Object,0,Under Investigation,FIR/2022/015/0166,AR,"[197, 385]",[330],1,99,4,3,9,6,1,6,44
167,18,Dakshina Kannada,Drug Offence,Trafficking,2020-08-29,10:15:00,2020,8,Saturday,10,12.724533,74.955481,Public Transport,4,Knife,0,Closed - Convicted,FIR/2020/018/0167,BA,"[288, 75]",[328],0,,5,3,11,4,3,2,53
168,39,Udupi,Cybercrime,Phishing,2020-09-05,10:56:00,2020,9,Saturday,10,13.412624,74.68989,Commercial,3,None,0,Open,FIR/2020/039/0168,DL,"[217, 359]","[12, 306]",0,,12,2,8,1,4,4,116
169,6,Bengaluru Urban,Robbery,Armed robbery,2025-01-03,16:24:00,2025,1,Friday,16,12.994123,77.656631,Market,4,Blunt Object,237677,Under Investigation,FIR/2025/006/0169,Q,[141],[203],1,27,1,7,23,2,1,6,17
170,21,Belagavi,Assault,Road rage,2021-08-03,19:53:00,2021,8,Tuesday,19,15.861731,74.528634,Market,4,Knife,0,Under Investigation,FIR/2021/021/0170,BJ,"[203, 92]",[36],1,,6,1,4,2,3,6,62
171,9,Bengaluru Rural,Assault,Brawl,2021-07-27,16:06:00,2021,7,Tuesday,16,13.304229,77.504103,Road,4,Firearm,0,Under Investigation,FIR/2021/009/0171,AA,"[183, 174]",[352],1,,2,1,1,6,2,6,27
172,10,Mysuru,Assault,Brawl,2022-04-28,08:10:00,2022,4,Thursday,8,12.394542,76.581981,Road,3,None,0,Closed - Acquitted,FIR/2022/010/0172,AC,[331],[25],1,120,3,1,1,6,4,1,29
173,10,Mysuru,Kidnapping,Ransom,2025-08-12,14:20:00,2025,8,Tuesday,14,12.328039,76.614394,Park,5,None,0,Open,FIR/2025/010/0173,AD,[149],[425],1,,3,5,18,3,4,4,30
174,1,Bengaluru Urban,Robbery,Armed robbery,2024-02-16,20:57:00,2024,2,Friday,20,12.946924,77.511141,Commercial,4,Blunt Object,196241,Under Investigation,FIR/2024/001/0174,A,[322],[289],0,101,1,7,23,1,1,6,1
175,21,Belagavi,Sexual Assault,Rape,2021-05-03,15:18:00,2021,5,Monday,15,15.83663,74.609956,Road,5,Firearm,0,Closed - Acquitted,FIR/2021/021/0175,BK,"[395, 208]",[116],1,,6,8,28,6,2,1,63
176,20,Belagavi,Fraud,Land grab,2023-05-27,05:29:00,2023,5,Saturday,5,15.879968,74.513743,Road,4,None,434942,Open,FIR/2023/020/0176,BH,"[130, 112]",[318],0,,6,4,15,6,4,4,60
177,21,Belagavi,Assault,Gang fight,2021-11-07,16:30:00,2021,11,Sunday,16,15.798182,74.614527,Road,4,Blunt Object,0,Open,FIR/2021/021/0177,BJ,"[128, 40]",[1],0,196,6,1,3,6,1,4,62
178,37,Shivamogga,Vandalism,Property destruction,2020-08-07,18:13:00,2020,8,Friday,18,14.042926,75.626143,Commercial,3,None,0,Closed - Convicted,FIR/2020/037/0178,DE,[144],[23],1,105,11,10,35,1,4,2,109
179,8,Bengaluru Rural,Sexual Assault,Eve-teasing,2020-05-04,00:11:00,2020,5,Monday,0,13.099263,77.504053,Road,5,None,0,Closed - Convicted,FIR/2020/008/0179,W,"[297, 356]",[277],1,194,2,8,26,6,4,2,23
180,2,Bengaluru Urban,Theft,Chain snatching,2025-03-22,23:11:00,2025,3,Saturday,23,12.990023,77.485168,Residence,2,None,420448,Under Investigation,FIR/2025/002/0180,D,[395],"[289, 491]",0,354,1,9,29,5,4,6,4
181,29,Dharwad,Fraud,Cheque fraud,2024-11-18,15:44:00,2024,11,Monday,15,15.394465,75.09143,Public Transport,4,Firearm,285522,Open,FIR/2024/029/0181,CI,[187],[377],0,,8,4,12,4,2,4,87
182,21,Belagavi,Drug Offence,Trafficking,2024-07-25,14:37:00,2024,7,Thursday,14,15.841896,74.461085,Market,5,Blunt Object,0,Under Investigation,FIR/2024/021/0182,BK,[345],[507],0,,6,3,11,2,1,6,63
183,22,Belagavi,Sexual Assault,Eve-teasing,2025-03-26,16:48:00,2025,3,Wednesday,16,15.892981,74.591238,Park,5,None,0,Closed - Acquitted,FIR/2025/022/0183,BM,[321],[350],1,,6,8,26,3,4,1,65
184,14,Tumakuru,Fraud,Impersonation,2020-11-30,07:56:00,2020,11,Monday,7,13.338232,77.007375,Market,4,None,387821,Under Investigation,FIR/2020/014/0184,AO,[3],[564],0,192,4,4,13,2,4,6,41
185,36,Shivamogga,Kidnapping,Human trafficking,2024-05-27,13:36:00,2024,5,Monday,13,13.90782,75.628476,Market,5,None,0,Closed - Convicted,FIR/2024/036/0185,DC,[328],[160],0,,11,5,17,2,4,2,107
186,5,Bengaluru Urban,Cybercrime,Phishing,2022-09-17,20:19:00,2022,9,Saturday,20,12.981672,77.497781,Residence,3,None,0,Closed - Acquitted,FIR/2022/005/0186,M,"[13, 9]",[124],1,,1,2,8,5,4,1,13
187,8,Bengaluru Rural,Assault,Road rage,2024-07-08,17:44:00,2024,7,Monday,17,13.160961,77.53768,Market,4,Blunt Object,0,Closed - Convicted,FIR/2024/008/0187,W,[318],[490],0,,2,1,4,2,1,2,23
188,23,Belagavi,Theft,Chain snatching,2024-04-20,07:49:00,2024,4,Saturday,7,15.894962,74.526556,Public Transport,3,None,20275,Pending Trial,FIR/2024/023/0188,BO,[351],[28],0,,6,9,29,4,4,5,67
189,6,Bengaluru Urban,Theft,Pickpocket,2025-02-05,13:47:00,2025,2,Wednesday,13,12.996466,77.587227,Residence,2,None,321764,Under Investigation,FIR/2025/006/0189,P,[283],[463],1,,1,9,31,5,4,6,16
190,2,Bengaluru Urban,Kidnapping,Child abduction,2020-10-10,15:11:00,2020,10,Saturday,15,13.018911,77.567763,Market,5,Blunt Object,0,Under Investigation,FIR/2020/002/0190,F,"[335, 371, 25]",[121],1,149,1,5,16,2,1,6,6
191,39,Udupi,Robbery,Armed robbery,2021-09-26,15:12:00,2021,9,Sunday,15,13.28067,74.715053,Commercial,4,None,117137,Under Investigation,FIR/2021/039/0191,DL,"[335, 91]",[45],0,228,12,7,23,1,4,6,116
192,8,Bengaluru Rural,Theft,Vehicle theft,2021-06-24,16:38:00,2021,6,Thursday,16,13.183743,77.535702,Market,3,None,284942,Open,FIR/2021/008/0192,V,"[11, 363]",[378],1,,2,9,32,2,4,4,22
193,28,Dharwad,Theft,Pickpocket,2022-12-12,15:22:00,2022,12,Monday,15,15.460607,74.946176,Residence,3,None,348463,Open,FIR/2022/028/0193,CD,"[71, 62, 13]",[585],1,35,8,9,31,5,4,4,82
194,12,Mysuru,Assault,Brawl,2020-06-11,08:12:00,2020,6,Thursday,8,12.207772,76.687754,Road,3,Blunt Object,0,Closed - Convicted,FIR/2020/012/0194,AI,[31],[13],1,,3,1,1,6,1,2,35
195,9,Bengaluru Rural,Robbery,Armed robbery,2025-05-21,18:12:00,2025,5,Wednesday,18,13.193386,77.499089,Road,5,None,349743,Open,FIR/2025/009/0195,AA,[284],[555],0,263,2,7,23,6,4,4,27
196,5,Bengaluru Urban,Assault,Domestic violence,2024-08-20,22:23:00,2024,8,Tuesday,22,13.050314,77.572134,Residence,3,None,0,Closed - Convicted,FIR/2024/005/0196,N,"[22, 165]",[29],1,,1,1,2,5,4,2,14
197,15,Tumakuru,Drug Offence,Possession,2025-05-17,16:50:00,2025,5,Saturday,16,13.315468,77.206549,Road,5,Firearm,0,Closed - Convicted,FIR/2025/015/0197,AQ,"[124, 307]",[510],0,,4,3,10,6,2,2,43
198,10,Mysuru,Drug Offence,Possession,2024-02-22,11:25:00,2024,2,Thursday,11,12.33184,76.756203,Public Transport,4,Blunt Object,0,Under Investigation,FIR/2024/010/0198,AB,[275],[316],0,,3,3,10,4,1,6,28
199,39,Udupi,Assault,Domestic violence,2025-04-06,18:05:00,2025,4,Sunday,18,13.454954,74.749957,Commercial,3,Blunt Object,0,Under Investigation,FIR/2025/039/0199,DM,"[33, 129]",[278],0,,12,1,2,1,1,6,117
200,23,Belagavi,Vandalism,Property destruction,2023-10-04,14:43:00,2023,10,Wednesday,14,15.793038,74.479424,Residence,3,None,0,Closed - Convicted,FIR/2023/023/0200,BQ,"[394, 314]","[143, 303]",0,237,6,10,35,5,4,2,69
201,38,Shivamogga,Assault,Brawl,2023-04-08,10:15:00,2023,4,Saturday,10,13.999487,75.647393,Public Transport,4,Firearm,0,Closed - Convicted,FIR/2023/038/0201,DI,[332],"[384, 252]",0,311,11,1,1,4,2,2,113
202,5,Bengaluru Urban,Theft,Chain snatching,2024-05-29,09:04:00,2024,5,Wednesday,9,13.075789,77.697273,Park,2,None,297509,Under Investigation,FIR/2024/005/0202,M,[282],[284],0,,1,9,29,3,4,6,13
203,32,Ballari,Assault,Gang fight,2024-11-25,08:20:00,2024,11,Monday,8,15.062865,76.88812,Park,4,Blunt Object,0,Under Investigation,FIR/2024/032/0203,CQ,"[28, 22]","[285, 111]",0,,9,1,3,3,1,6,95
204,14,Tumakuru,Theft,Pickpocket,2020-02-10,23:21:00,2020,2,Monday,23,13.390597,77.065505,Commercial,3,None,486461,Closed - Convicted,FIR/2020/014/0204,AN,[113],[585],1,,4,9,31,1,4,2,40
205,21,Belagavi,Drug Offence,Possession,2024-04-18,17:34:00,2024,4,Thursday,17,15.958774,74.399583,Public Transport,5,None,0,Under Investigation,FIR/2024/021/0205,BI,"[139, 249]",[253],0,,6,3,10,4,4,6,61
206,18,Dakshina Kannada,Theft,Vehicle theft,2023-06-17,21:37:00,2023,6,Saturday,21,12.927701,74.97708,Public Transport,2,None,78845,Closed - Convicted,FIR/2023/018/0206,AZ,[42],[455],0,140,5,9,32,4,4,2,52
207,14,Tumakuru,Murder,Hired killing,2024-11-23,12:21:00,2024,11,Saturday,12,13.337668,77.145053,Park,5,None,0,Closed - Convicted,FIR/2024/014/0207,AO,"[311, 106]",[80],1,208,4,6,21,3,4,2,41
208,18,Dakshina Kannada,Theft,House break-in,2022-08-03,21:38:00,2022,8,Wednesday,21,12.954357,75.034758,Market,2,None,419483,Open,FIR/2022/018/0208,AZ,[331],[464],1,224,5,9,30,2,4,4,52
209,29,Dharwad,Sexual Assault,Molestation,2024-11-26,10:22:00,2024,11,Tuesday,10,15.426883,75.127104,Market,5,Blunt Object,0,Closed - Convicted,FIR/2024/029/0209,CH,[87],[600],0,,8,8,27,2,1,2,86
210,24,Kalaburagi,Theft,Vehicle theft,2021-01-03,09:58:00,2021,1,Sunday,9,17.357408,76.846978,Commercial,3,None,74257,Closed - Acquitted,FIR/2021/024/0210,BR,[269],"[464, 153]",1,267,7,9,32,1,4,1,70
211,5,Bengaluru Urban,Theft,Pickpocket,2020-08-01,20:41:00,2020,8,Saturday,20,13.060839,77.682634,Residence,2,None,123860,Open,FIR/2020/005/0211,M,"[148, 281]",[434],0,52,1,9,31,5,4,4,13
212,18,Dakshina Kannada,Fraud,Land grab,2025-12-27,15:49:00,2025,12,Saturday,15,12.906406,75.04357,Commercial,3,None,401787,Under Investigation,FIR/2025/018/0212,BB,[96],[9],0,,5,4,15,1,4,6,54
213,26,Kalaburagi,Theft,Pickpocket,2025-04-05,08:54:00,2025,4,Saturday,8,17.416505,76.914527,Residence,3,None,372354,Open,FIR/2025/026/0213,BY,[143],[466],0,,7,9,31,5,4,4,77
214,5,Bengaluru Urban,Vandalism,Property destruction,2020-01-03,16:29:00,2020,1,Friday,16,12.96919,77.655622,Public Transport,2,None,0,Pending Trial,FIR/2020/005/0214,O,[372],[538],0,,1,10,35,4,4,5,15
215,26,Kalaburagi,Drug Offence,Distribution,2024-07-27,21:32:00,2024,7,Saturday,21,17.239998,76.72304,Public Transport,5,Firearm,0,Under Investigation,FIR/2024/026/0215,BZ,[189],"[119, 423]",0,,7,3,9,4,2,6,78
216,14,Tumakuru,Assault,Domestic violence,2025-01-16,19:50:00,2025,1,Thursday,19,13.251463,77.187803,Public Transport,4,Knife,0,Under Investigation,FIR/2025/014/0216,AO,[73],[233],1,67,4,1,2,4,3,6,41
217,27,Dharwad,Kidnapping,Ransom,2021-08-19,07:59:00,2021,8,Thursday,7,15.428669,74.971933,Park,5,Blunt Object,0,Under Investigation,FIR/2021/027/0217,CC,"[335, 222, 40]",[364],1,159,8,5,18,3,1,6,81
218,33,Hassan,Theft,Pickpocket,2021-08-20,16:45:00,2021,8,Friday,16,12.901173,76.102582,Park,3,None,241325,Under Investigation,FIR/2021/033/0218,CS,"[191, 13]",[343],1,,10,9,31,3,4,6,97
219,38,Shivamogga,Theft,Chain snatching,2025-06-19,16:48:00,2025,6,Thursday,16,13.969817,75.579618,Commercial,3,None,346353,Closed - Convicted,FIR/2025/038/0219,DH,"[260, 35]","[158, 387]",1,101,11,9,29,1,4,2,112
220,6,Bengaluru Urban,Cybercrime,Phishing,2024-06-03,04:02:00,2024,6,Monday,4,12.854508,77.506506,Public Transport,3,Blunt Object,0,Closed - Convicted,FIR/2024/006/0220,R,[100],[156],0,20,1,2,8,4,1,2,18
221,17,Dakshina Kannada,Drug Offence,Possession,2022-06-16,23:58:00,2022,6,Thursday,23,12.945757,74.988436,Public Transport,4,Knife,0,Closed - Convicted,FIR/2022/017/0221,AW,[236],"[351, 382]",0,80,5,3,10,4,3,2,49
222,38,Shivamogga,Assault,Road rage,2022-10-01,01:52:00,2022,10,Saturday,1,13.925915,75.526857,Park,4,Knife,0,Closed - Acquitted,FIR/2022/038/0222,DI,[256],"[415, 53]",0,,11,1,4,3,3,1,113
223,15,Tumakuru,Murder,Domestic dispute,2025-03-16,07:59:00,2025,3,Sunday,7,13.34803,77.084418,Residence,5,None,0,Closed - Convicted,FIR/2025/015/0223,AR,"[215, 291]",[84],0,,4,6,19,5,4,2,44
224,4,Bengaluru Urban,Assault,Gang fight,2021-09-22,23:30:00,2021,9,Wednesday,23,12.931709,77.563491,Park,3,None,0,Under Investigation,FIR/2021/004/0224,J,[250],"[504, 406]",1,,1,1,3,3,4,6,10
225,11,Mysuru,Robbery,Dacoity,2023-09-01,21:24:00,2023,9,Friday,21,12.199958,76.539154,Market,4,None,79632,Cold Case,FIR/2023/011/0225,AF,"[77, 277]",[95],1,188,3,7,24,2,4,3,32
226,23,Belagavi,Cybercrime,Online fraud,2020-06-14,12:57:00,2020,6,Sunday,12,15.753693,74.616816,Residence,4,Firearm,0,Closed - Acquitted,FIR/2020/023/0226,BP,[21],[197],1,270,6,2,7,5,2,1,68
227,5,Bengaluru Urban,Fraud,Insurance fraud,2021-07-21,17:29:00,2021,7,Wednesday,17,12.913996,77.629031,Road,3,Firearm,446775,Under Investigation,FIR/2021/005/0227,O,"[50, 255]",[291],0,261,1,4,14,6,2,6,15
228,20,Belagavi,Theft,Chain snatching,2024-09-08,23:50:00,2024,9,Sunday,23,15.803938,74.456086,Road,3,None,30800,Closed - Convicted,FIR/2024/020/0228,BF,[77],[38],1,77,6,9,29,6,4,2,58
229,5,Bengaluru Urban,Theft,House break-in,2023-08-03,19:15:00,2023,8,Thursday,19,12.95608,77.504028,Market,2,None,109980,Pending Trial,FIR/2023/005/0229,M,"[344, 283]",[310],1,177,1,9,30,2,4,5,13
230,5,Bengaluru Urban,Theft,House break-in,2024-05-14,15:52:00,2024,5,Tuesday,15,13.009599,77.569998,Market,2,None,370873,Under Investigation,FIR/2024/005/0230,M,"[166, 231]",[335],0,85,1,9,30,2,4,6,13
231,17,Dakshina Kannada,Robbery,Mugging,2023-10-02,21:02:00,2023,10,Monday,21,12.781406,75.014941,Market,4,Knife,372960,Under Investigation,FIR/2023/017/0231,AW,"[104, 370, 93]",[10],1,257,5,7,25,2,3,6,49
232,13,Mysuru,Theft,House break-in,2025-08-30,14:33:00,2025,8,Saturday,14,12.302696,76.661117,Market,2,None,309841,Under Investigation,FIR/2025/013/0232,AK,"[101, 223, 395]","[41, 466]",1,209,3,9,30,2,4,6,37
233,38,Shivamogga,Cybercrime,Online fraud,2025-04-27,15:59:00,2025,4,Sunday,15,14.022148,75.585355,Residence,4,None,0,Pending Trial,FIR/2025/038/0233,DI,"[303, 115, 231]",[40],1,,11,2,7,5,4,5,113
234,3,Bengaluru Urban,Theft,Chain snatching,2022-09-05,14:00:00,2022,9,Monday,14,13.081673,77.667174,Market,2,None,416614,Closed - Convicted,FIR/2022/003/0234,H,[280],"[17, 514]",0,,1,9,29,2,4,2,8
235,32,Ballari,Vandalism,Property destruction,2025-12-27,12:35:00,2025,12,Saturday,12,15.047209,76.85776,Road,3,None,0,Closed - Convicted,FIR/2025/032/0235,CP,"[288, 372, 169]",[206],0,,9,10,35,6,4,2,94
236,2,Bengaluru Urban,Theft,House break-in,2021-11-23,18:18:00,2021,11,Tuesday,18,12.951338,77.692029,Commercial,2,None,284331,Closed - Convicted,FIR/2021/002/0236,D,[84],[296],1,63,1,9,30,1,4,2,4
237,1,Bengaluru Urban,Kidnapping,Ransom,2023-01-11,19:07:00,2023,1,Wednesday,19,12.932607,77.594711,Market,5,Blunt Object,0,Under Investigation,FIR/2023/001/0237,B,"[274, 239]",[493],0,199,1,5,18,2,1,6,2
238,13,Mysuru,Assault,Road rage,2020-03-15,22:51:00,2020,3,Sunday,22,12.359756,76.75751,Residence,3,Firearm,0,Cold Case,FIR/2020/013/0238,AL,[176],[548],1,200,3,1,4,5,2,3,38
239,28,Dharwad,Theft,Chain snatching,2022-05-19,17:12:00,2022,5,Thursday,17,15.454922,75.028525,Public Transport,3,None,203043,Under Investigation,FIR/2022/028/0239,CD,"[382, 117]","[507, 571]",0,97,8,9,29,4,4,6,82
240,1,Bengaluru Urban,Assault,Brawl,2024-03-05,14:21:00,2024,3,Tuesday,14,13.052605,77.7073,Road,3,Blunt Object,0,Open,FIR/2024/001/0240,A,"[44, 69]","[534, 575]",0,,1,1,1,6,1,4,1
241,22,Belagavi,Theft,Pickpocket,2023-07-22,16:19:00,2023,7,Saturday,16,15.831854,74.387045,Market,3,None,135413,Closed - Acquitted,FIR/2023/022/0241,BL,[154],[141],1,39,6,9,31,2,4,1,64
242,34,Hassan,Robbery,Mugging,2023-06-17,14:19:00,2023,6,Saturday,14,12.893075,76.048737,Commercial,5,None,49889,Pending Trial,FIR/2023/034/0242,CX,[48],"[538, 103]",1,296,10,7,25,1,4,5,102
243,14,Tumakuru,Assault,Brawl,2022-08-06,12:17:00,2022,8,Saturday,12,13.400452,77.178462,Park,4,None,0,Under Investigation,FIR/2022/014/0243,AO,"[41, 365, 282]","[560, 305]",0,216,4,1,1,3,4,6,41
244,6,Bengaluru Urban,Cybercrime,Phishing,2020-08-01,07:04:00,2020,8,Saturday,7,13.078327,77.475562,Road,3,Knife,0,Open,FIR/2020/006/0244,R,"[22, 241]","[416, 555]",1,333,1,2,8,6,3,4,18
245,37,Shivamogga,Drug Offence,Possession,2020-03-09,19:13:00,2020,3,Monday,19,13.840299,75.625187,Road,5,None,0,Under Investigation,FIR/2020/037/0245,DF,"[350, 261]",[418],0,,11,3,10,6,4,6,110
246,13,Mysuru,Assault,Domestic violence,2020-08-31,17:13:00,2020,8,Monday,17,12.269026,76.717406,Park,3,Knife,0,Under Investigation,FIR/2020/013/0246,AL,[70],[422],0,310,3,1,2,3,3,6,38
247,32,Ballari,Theft,Pickpocket,2024-07-19,19:12:00,2024,7,Friday,19,15.185312,76.939788,Market,3,None,21079,Under Investigation,FIR/2024/032/0247,CP,"[298, 62]","[255, 136]",0,,9,9,31,2,4,6,94
248,9,Bengaluru Rural,Vandalism,Graffiti,2021-04-06,18:00:00,2021,4,Tuesday,18,13.250737,77.646893,Residence,3,None,0,Open,FIR/2021/009/0248,Y,[55],[458],0,211,2,10,34,5,4,4,25
249,25,Kalaburagi,Cybercrime,Phishing,2024-12-21,21:12:00,2024,12,Saturday,21,17.24472,76.807711,Public Transport,4,Knife,0,Under Investigation,FIR/2024/025/0249,BW,[341],"[249, 502]",1,31,7,2,8,4,3,6,75
250,30,Ballari,Assault,Domestic violence,2024-08-20,12:56:00,2024,8,Tuesday,12,15.087427,76.843894,Commercial,4,Knife,0,Closed - Convicted,FIR/2024/030/0250,CL,"[243, 391]",[466],0,245,9,1,2,1,3,2,90
251,25,Kalaburagi,Theft,Chain snatching,2022-06-22,08:57:00,2022,6,Wednesday,8,17.397142,76.869153,Road,3,None,140339,Closed - Convicted,FIR/2022/025/0251,BU,[283],[149],0,338,7,9,29,6,4,2,73
252,34,Hassan,Fraud,Impersonation,2020-03-24,22:36:00,2020,3,Tuesday,22,12.912509,76.196006,Park,4,Blunt Object,418903,Pending Trial,FIR/2020/034/0252,CX,[126],[570],0,,10,4,13,3,1,5,102
253,10,Mysuru,Kidnapping,Child abduction,2024-09-15,00:21:00,2024,9,Sunday,0,12.222221,76.545432,Park,5,None,0,Closed - Convicted,FIR/2024/010/0253,AD,[392],[279],0,195,3,5,16,3,4,2,30
254,31,Ballari,Cybercrime,Identity theft,2023-08-23,13:54:00,2023,8,Wednesday,13,15.132532,76.85928,Road,4,None,0,Open,FIR/2023/031/0254,CO,[117],[576],1,,9,2,5,6,4,4,93
255,14,Tumakuru,Assault,Brawl,2021-02-24,15:35:00,2021,2,Wednesday,15,13.250473,77.174426,Park,4,Firearm,0,Open,FIR/2021/014/0255,AO,[50],[12],0,108,4,1,1,3,2,4,41
256,6,Bengaluru Urban,Robbery,Armed robbery,2021-05-01,11:51:00,2021,5,Saturday,11,12.995198,77.65374,Residence,4,None,397057,Closed - Convicted,FIR/2021/006/0256,Q,"[124, 23, 244]",[555],0,211,1,7,23,5,4,2,17
257,22,Belagavi,Theft,Vehicle theft,2023-02-11,18:27:00,2023,2,Saturday,18,15.954017,74.558499,Market,3,None,299737,Open,FIR/2023/022/0257,BL,[85],[100],1,24,6,9,32,2,4,4,64
258,12,Mysuru,Theft,Vehicle theft,2022-03-20,15:18:00,2022,3,Sunday,15,12.334599,76.57355,Commercial,2,None,328797,Closed - Convicted,FIR/2022/012/0258,AH,[61],[210],0,353,3,9,32,1,4,2,34
259,5,Bengaluru Urban,Fraud,Land grab,2025-04-24,09:00:00,2025,4,Thursday,9,12.860031,77.516623,Residence,3,None,80603,Under Investigation,FIR/2025/005/0259,O,"[216, 56]",[162],0,267,1,4,15,5,4,6,15
260,36,Shivamogga,Murder,Property dispute,2025-01-29,23:53:00,2025,1,Wednesday,23,13.937783,75.58425,Commercial,5,Knife,0,Closed - Convicted,FIR/2025/036/0260,DD,"[218, 89, 313]","[456, 286]",1,275,11,6,22,1,3,2,108
261,30,Ballari,Sexual Assault,Eve-teasing,2021-04-17,21:08:00,2021,4,Saturday,21,15.074537,76.969465,Market,5,None,0,Closed - Acquitted,FIR/2021/030/0261,CL,"[58, 287, 246]",[595],1,,9,8,26,2,4,1,90
262,9,Bengaluru Rural,Theft,Pickpocket,2025-09-13,21:34:00,2025,9,Saturday,21,13.136559,77.580247,Commercial,3,None,287785,Open,FIR/2025/009/0262,Y,[276],[268],1,,2,9,31,1,4,4,25
263,14,Tumakuru,Theft,Vehicle theft,2021-01-01,17:09:00,2021,1,Friday,17,13.235044,77.170321,Residence,3,None,357217,Under Investigation,FIR/2021/014/0263,AN,[378],[472],1,,4,9,32,5,4,6,40
264,2,Bengaluru Urban,Drug Offence,Distribution,2020-04-09,07:01:00,2020,4,Thursday,7,12.891182,77.652728,Road,4,Firearm,0,Closed - Convicted,FIR/2020/002/0264,F,"[42, 43]",[493],1,,1,3,9,6,2,2,6
265,39,Udupi,Theft,Vehicle theft,2023-12-18,18:24:00,2023,12,Monday,18,13.411625,74.743065,Park,2,None,426123,Open,FIR/2023/039/0265,DK,[150],[88],0,268,12,9,32,3,4,4,115
266,5,Bengaluru Urban,Theft,House break-in,2025-08-15,04:50:00,2025,8,Friday,4,12.942667,77.484292,Road,2,None,347098,Under Investigation,FIR/2025/005/0266,M,[14],[51],1,186,1,9,30,6,4,6,13
267,34,Hassan,Theft,Vehicle theft,2024-07-17,08:36:00,2024,7,Wednesday,8,12.985913,76.171748,Commercial,3,None,162595,Closed - Acquitted,FIR/2024/034/0267,CV,[165],[51],1,21,10,9,32,1,4,1,100
268,41,Udupi,Assault,Gang fight,2022-05-01,17:26:00,2022,5,Sunday,17,13.36831,74.732506,Residence,3,None,0,Open,FIR/2022/041/0268,DQ,[9],[539],0,,12,1,3,5,4,4,121
269,17,Dakshina Kannada,Fraud,Cheque fraud,2025-12-07,11:00:00,2025,12,Sunday,11,12.899788,75.100916,Park,3,None,198226,Closed - Convicted,FIR/2025/017/0269,AX,"[281, 243]",[255],0,125,5,4,12,3,4,2,50
270,10,Mysuru,Cybercrime,Identity theft,2024-06-26,12:43:00,2024,6,Wednesday,12,12.216809,76.656541,Road,3,None,0,Closed - Acquitted,FIR/2024/010/0270,AD,"[375, 158]",[163],1,,3,2,5,6,4,1,30
271,34,Hassan,Assault,Brawl,2023-06-22,15:05:00,2023,6,Thursday,15,12.896587,76.073944,Commercial,4,None,0,Open,FIR/2023/034/0271,CW,"[324, 200, 81]",[383],0,279,10,1,1,1,4,4,101
272,12,Mysuru,Theft,Pickpocket,2020-12-12,12:24:00,2020,12,Saturday,12,12.365903,76.72654,Residence,2,None,383139,Open,FIR/2020/012/0272,AH,[272],[24],0,,3,9,31,5,4,4,34
273,18,Dakshina Kannada,Robbery,Armed robbery,2025-03-22,18:53:00,2025,3,Saturday,18,12.885483,74.951583,Residence,4,None,480502,Under Investigation,FIR/2025/018/0273,BB,[328],[299],1,,5,7,23,5,4,6,54
274,38,Shivamogga,Robbery,Dacoity,2021-05-15,10:46:00,2021,5,Saturday,10,13.84384,75.472622,Market,5,None,285410,Open,FIR/2021/038/0274,DJ,[308],[478],0,,11,7,24,2,4,4,114
275,13,Mysuru,Assault,Domestic violence,2024-07-16,23:20:00,2024,7,Tuesday,23,12.185211,76.616995,Commercial,3,Firearm,0,Open,FIR/2024/013/0275,AL,[40],"[518, 509]",0,,3,1,2,1,2,4,38
276,34,Hassan,Sexual Assault,Molestation,2022-01-27,02:52:00,2022,1,Thursday,2,13.081365,76.120962,Park,5,Blunt Object,0,Pending Trial,FIR/2022/034/0276,CV,[213],[131],1,,10,8,27,3,1,5,100
277,32,Ballari,Theft,House break-in,2021-05-05,14:58:00,2021,5,Wednesday,14,15.020138,76.950454,Residence,3,None,464458,Open,FIR/2021/032/0277,CP,[189],[355],1,270,9,9,30,5,4,4,94
278,41,Udupi,Drug Offence,Trafficking,2021-03-21,10:18:00,2021,3,Sunday,10,13.316181,74.736663,Residence,4,None,0,Closed - Acquitted,FIR/2021/041/0278,DS,"[301, 72]",[418],0,,12,3,11,5,4,1,123
279,5,Bengaluru Urban,Theft,House break-in,2023-10-04,06:26:00,2023,10,Wednesday,6,12.912835,77.483356,Public Transport,2,None,493180,Closed - Convicted,FIR/2023/005/0279,M,"[375, 151]",[549],0,,1,9,30,4,4,2,13
280,22,Belagavi,Theft,Chain snatching,2024-10-21,19:50:00,2024,10,Monday,19,15.854341,74.400736,Road,3,None,272764,Pending Trial,FIR/2024/022/0280,BL,"[219, 400]","[44, 198]",1,,6,9,29,6,4,5,64
281,2,Bengaluru Urban,Robbery,Dacoity,2025-02-09,22:20:00,2025,2,Sunday,22,12.902685,77.703269,Park,4,Blunt Object,96156,Under Investigation,FIR/2025/002/0281,F,"[131, 175]",[441],0,,1,7,24,3,1,6,6
282,36,Shivamogga,Cybercrime,Identity theft,2022-05-13,11:53:00,2022,5,Friday,11,13.989819,75.457782,Public Transport,4,None,0,Under Investigation,FIR/2022/036/0282,DB,[284],[541],0,,11,2,5,4,4,6,106
283,34,Hassan,Theft,Pickpocket,2022-05-18,13:41:00,2022,5,Wednesday,13,13.060526,75.993116,Park,3,None,193065,Cold Case,FIR/2022/034/0283,CV,"[232, 354]",[49],0,94,10,9,31,3,4,3,100
284,2,Bengaluru Urban,Drug Offence,Trafficking,2022-11-11,09:51:00,2022,11,Friday,9,13.033092,77.644079,Public Transport,4,None,0,Under Investigation,FIR/2022/002/0284,E,"[321, 216]",[587],0,,1,3,11,4,4,6,5
285,30,Ballari,Theft,House break-in,2021-08-17,13:50:00,2021,8,Tuesday,13,15.111584,77.029864,Road,3,None,404907,Under Investigation,FIR/2021/030/0285,CJ,[170],[302],0,,9,9,30,6,4,6,88
286,13,Mysuru,Kidnapping,Ransom,2021-03-19,20:53:00,2021,3,Friday,20,12.372448,76.590064,Road,5,Firearm,0,Closed - Convicted,FIR/2021/013/0286,AM,[221],[574],0,61,3,5,18,6,2,2,39
287,30,Ballari,Drug Offence,Possession,2024-12-15,10:47:00,2024,12,Sunday,10,15.154198,77.040126,Market,5,None,0,Pending Trial,FIR/2024/030/0287,CK,[311],[371],0,,9,3,10,2,4,5,89
288,2,Bengaluru Urban,Fraud,Insurance fraud,2020-01-13,21:26:00,2020,1,Monday,21,12.879873,77.50879,Residence,3,Firearm,309598,Closed - Convicted,FIR/2020/002/0288,F,"[313, 223]",[563],1,,1,4,14,5,2,2,6
289,6,Bengaluru Urban,Fraud,Impersonation,2024-03-29,17:26:00,2024,3,Friday,17,13.073231,77.526592,Residence,3,Blunt Object,164466,Closed - Convicted,FIR/2024/006/0289,P,[219],[150],1,137,1,4,13,5,1,2,16
290,26,Kalaburagi,Assault,Domestic violence,2023-06-26,17:17:00,2023,6,Monday,17,17.219435,76.721369,Public Transport,4,Blunt Object,0,Under Investigation,FIR/2023/026/0290,BX,"[245, 386, 115]",[527],1,199,7,1,2,4,1,6,76
291,33,Hassan,Theft,Pickpocket,2022-03-02,20:21:00,2022,3,Wednesday,20,13.084398,75.986416,Road,3,None,153634,Closed - Convicted,FIR/2022/033/0291,CS,"[193, 271, 29]",[286],1,91,10,9,31,6,4,2,97
292,41,Udupi,Assault,Gang fight,2024-08-11,05:09:00,2024,8,Sunday,5,13.309307,74.775101,Public Transport,3,None,0,Open,FIR/2024/041/0292,DQ,[254],[289],0,,12,1,3,4,4,4,121
293,27,Dharwad,Cybercrime,Identity theft,2023-11-12,20:35:00,2023,11,Sunday,20,15.517907,75.005903,Market,4,Blunt Object,0,Open,FIR/2023/027/0293,CC,"[243, 197]","[165, 579]",1,,8,2,5,2,1,4,81
294,35,Hassan,Theft,Vehicle theft,2022-03-23,10:29:00,2022,3,Wednesday,10,13.111738,76.209306,Public Transport,3,None,56997,Under Investigation,FIR/2022/035/0294,CY,[367],"[208, 354]",1,,10,9,32,4,4,6,103
295,11,Mysuru,Cybercrime,Online fraud,2021-10-31,08:24:00,2021,10,Sunday,8,12.355881,76.576514,Public Transport,3,Blunt Object,0,Closed - Convicted,FIR/2021/011/0295,AG,[343],[479],1,39,3,2,7,4,1,2,33
296,35,Hassan,Theft,House break-in,2020-07-20,21:10:00,2020,7,Monday,21,12.964325,76.014104,Public Transport,3,None,144384,Under Investigation,FIR/2020/035/0296,CY,[262],[97],0,,10,9,30,4,4,6,103
297,7,Bengaluru Rural,Robbery,Dacoity,2021-03-19,15:57:00,2021,3,Friday,15,13.268425,77.607846,Market,5,None,460420,Under Investigation,FIR/2021/007/0297,U,[96],[166],0,322,2,7,24,2,4,6,21
298,13,Mysuru,Theft,Chain snatching,2021-12-03,13:34:00,2021,12,Friday,13,12.374939,76.707655,Park,2,None,127417,Closed - Acquitted,FIR/2021/013/0298,AK,"[225, 120]",[238],1,,3,9,29,3,4,1,37
299,21,Belagavi,Robbery,Mugging,2022-07-26,15:48:00,2022,7,Tuesday,15,15.907009,74.495978,Market,5,None,237803,Under Investigation,FIR/2022/021/0299,BK,"[279, 369]",[413],0,,6,7,25,2,4,6,63
300,26,Kalaburagi,Assault,Domestic violence,2020-03-04,00:48:00,2020,3,Wednesday,0,17.339449,76.734545,Market,4,None,0,Open,FIR/2020/026/0300,BX,"[93, 115]",[336],0,172,7,1,2,2,4,4,76
301,35,Hassan,Vandalism,Property destruction,2022-12-21,09:36:00,2022,12,Wednesday,9,12.904287,76.136612,Public Transport,3,None,0,Closed - Convicted,FIR/2022/035/0301,DA,"[38, 293, 72]",[408],0,,10,10,35,4,4,2,105
302,18,Dakshina Kannada,Theft,House break-in,2020-03-07,21:08:00,2020,3,Saturday,21,12.732869,74.949412,Market,2,None,441326,Under Investigation,FIR/2020/018/0302,AZ,[310],[236],0,150,5,9,30,2,4,6,52
303,9,Bengaluru Rural,Theft,House break-in,2025-09-28,06:40:00,2025,9,Sunday,6,13.098763,77.530927,Road,3,None,187138,Pending Trial,FIR/2025/009/0303,Y,"[260, 235]","[37, 452]",1,101,2,9,30,6,4,5,25
304,35,Hassan,Drug Offence,Distribution,2022-02-03,17:59:00,2022,2,Thursday,17,12.952776,76.16756,Public Transport,5,Blunt Object,0,Under Investigation,FIR/2022/035/0304,CZ,"[33, 369, 322]",[473],1,,10,3,9,4,1,6,104
305,28,Dharwad,Assault,Domestic violence,2021-06-14,17:33:00,2021,6,Monday,17,15.457438,75.067743,Public Transport,4,None,0,Open,FIR/2021/028/0305,CE,"[273, 163]",[1],1,,8,1,2,4,4,4,83
306,2,Bengaluru Urban,Cybercrime,Phishing,2024-05-17,17:46:00,2024,5,Friday,17,13.016147,77.611206,Residence,3,None,0,Under Investigation,FIR/2024/002/0306,D,[64],[555],1,,1,2,8,5,4,6,4
307,26,Kalaburagi,Assault,Gang fight,2022-03-14,20:22:00,2022,3,Monday,20,17.356433,76.758865,Commercial,4,Firearm,0,Closed - Acquitted,FIR/2022/026/0307,BX,[69],[590],0,,7,1,3,1,2,1,76
308,37,Shivamogga,Kidnapping,Child abduction,2024-07-16,06:16:00,2024,7,Tuesday,6,13.973227,75.526791,Residence,5,Knife,0,Under Investigation,FIR/2024/037/0308,DG,[173],[495],1,,11,5,16,5,3,6,111
309,15,Tumakuru,Robbery,Dacoity,2024-02-24,21:14:00,2024,2,Saturday,21,13.443399,77.022791,Park,5,Knife,202521,Pending Trial,FIR/2024/015/0309,AS,"[190, 188]",[502],1,250,4,7,24,3,3,5,45
310,19,Dakshina Kannada,Fraud,Land grab,2020-02-01,17:19:00,2020,2,Saturday,17,12.752595,75.032102,Public Transport,3,Blunt Object,253885,Open,FIR/2020/019/0310,BD,[296],[116],0,121,5,4,15,4,1,4,56
311,18,Dakshina Kannada,Fraud,Cheque fraud,2024-01-31,12:25:00,2024,1,Wednesday,12,12.801859,74.978882,Market,3,None,191947,Closed - Convicted,FIR/2024/018/0311,BA,[168],[222],0,,5,4,12,2,4,2,53
312,34,Hassan,Theft,Chain snatching,2025-01-06,01:02:00,2025,1,Monday,1,13.035785,76.208955,Road,3,None,407022,Under Investigation,FIR/2025/034/0312,CV,[330],"[291, 90]",0,,10,9,29,6,4,6,100
313,8,Bengaluru Rural,Cybercrime,Investment scam,2020-09-03,20:46:00,2020,9,Thursday,20,13.260464,77.449314,Commercial,4,Firearm,0,Open,FIR/2020/008/0313,X,[121],"[540, 572]",0,,2,2,6,1,2,4,24
314,28,Dharwad,Robbery,Mugging,2025-09-05,19:50:00,2025,9,Friday,19,15.46824,74.954889,Commercial,5,None,468278,Closed - Convicted,FIR/2025/028/0314,CF,"[71, 253]",[523],1,,8,7,25,1,4,2,84
315,24,Kalaburagi,Fraud,Insurance fraud,2023-03-25,08:32:00,2023,3,Saturday,8,17.439621,76.932817,Road,4,None,81759,Closed - Acquitted,FIR/2023/024/0315,BT,"[355, 220, 171]",[7],1,,7,4,14,6,4,1,72
316,15,Tumakuru,Theft,Vehicle theft,2021-06-21,20:56:00,2021,6,Monday,20,13.455788,77.025076,Commercial,3,None,178221,Under Investigation,FIR/2021/015/0316,AQ,[163],[6],0,94,4,9,32,1,4,6,43
317,7,Bengaluru Rural,Theft,House break-in,2025-10-30,14:39:00,2025,10,Thursday,14,13.219344,77.686524,Public Transport,3,None,471266,Closed - Convicted,FIR/2025/007/0317,S,[256],"[228, 434]",0,4,2,9,30,4,4,2,19
318,9,Bengaluru Rural,Robbery,Dacoity,2021-11-17,10:18:00,2021,11,Wednesday,10,13.308686,77.573899,Market,5,None,99836,Closed - Acquitted,FIR/2021/009/0318,AA,"[89, 363]",[109],0,,2,7,24,2,4,1,27
319,1,Bengaluru Urban,Cybercrime,Online fraud,2020-08-29,00:47:00,2020,8,Saturday,0,12.873164,77.53334,Public Transport,3,Knife,0,Open,FIR/2020/001/0319,C,[82],[567],1,,1,2,7,4,3,4,3
320,30,Ballari,Theft,Vehicle theft,2023-12-04,12:29:00,2023,12,Monday,12,15.198638,76.888565,Road,3,None,170621,Open,FIR/2023/030/0320,CJ,"[248, 70]",[585],0,,9,9,32,6,4,4,88
321,30,Ballari,Robbery,Dacoity,2022-09-14,14:06:00,2022,9,Wednesday,14,15.15125,76.844997,Road,5,Firearm,360439,Under Investigation,FIR/2022/030/0321,CL,[62],[180],0,,9,7,24,6,2,6,90
322,12,Mysuru,Kidnapping,Ransom,2023-08-27,09:11:00,2023,8,Sunday,9,12.405046,76.737714,Commercial,5,None,0,Closed - Acquitted,FIR/2023/012/0322,AJ,[211],"[104, 438]",1,,3,5,18,1,4,1,36
323,10,Mysuru,Theft,Vehicle theft,2023-08-24,19:23:00,2023,8,Thursday,19,12.234485,76.658025,Commercial,2,None,219087,Open,FIR/2023/010/0323,AB,"[105, 164]",[316],0,,3,9,32,1,4,4,28
324,32,Ballari,Theft,Chain snatching,2023-04-02,17:01:00,2023,4,Sunday,17,15.082049,76.862335,Residence,3,None,468331,Under Investigation,FIR/2023/032/0324,CP,"[397, 256]",[120],1,90,9,9,29,5,4,6,94
325,29,Dharwad,Theft,Pickpocket,2023-09-18,21:42:00,2023,9,Monday,21,15.451343,75.01428,Residence,3,None,303866,Pending Trial,FIR/2023/029/0325,CG,[58],[335],1,346,8,9,31,5,4,5,85
326,7,Bengaluru Rural,Theft,House break-in,2024-06-14,19:50:00,2024,6,Friday,19,13.09163,77.492926,Public Transport,3,None,318022,Closed - Acquitted,FIR/2024/007/0326,S,[23],[568],0,,2,9,30,4,4,1,19
327,37,Shivamogga,Assault,Domestic violence,2024-03-04,13:32:00,2024,3,Monday,13,13.866731,75.576497,Commercial,4,None,0,Pending Trial,FIR/2024/037/0327,DG,"[385, 394, 21]",[285],0,,11,1,2,1,4,5,111
328,37,Shivamogga,Robbery,Mugging,2020-09-29,21:53:00,2020,9,Tuesday,21,14.038883,75.657382,Market,5,Blunt Object,87807,Closed - Convicted,FIR/2020/037/0328,DE,[48],[153],0,,11,7,25,2,1,2,109
329,6,Bengaluru Urban,Robbery,Mugging,2023-02-09,19:55:00,2023,2,Thursday,19,12.897884,77.621499,Road,4,None,360067,Closed - Convicted,FIR/2023/006/0329,Q,[3],[482],0,25,1,7,25,6,4,2,17
330,41,Udupi,Theft,Vehicle theft,2021-04-18,08:10:00,2021,4,Sunday,8,13.385729,74.790196,Road,2,None,60380,Closed - Convicted,FIR/2021/041/0330,DR,[239],[143],1,207,12,9,32,6,4,2,122
331,7,Bengaluru Rural,Theft,Vehicle theft,2020-06-20,19:39:00,2020,6,Saturday,19,13.185758,77.62122,Residence,3,None,485219,Closed - Convicted,FIR/2020/007/0331,S,"[271, 390]",[255],1,,2,9,32,5,4,2,19
332,28,Dharwad,Robbery,Armed robbery,2020-02-24,15:11:00,2020,2,Monday,15,15.549349,75.082502,Residence,5,None,47238,Under Investigation,FIR/2020/028/0332,CF,"[54, 77]",[289],0,,8,7,23,5,4,6,84
333,9,Bengaluru Rural,Sexual Assault,Molestation,2023-08-30,17:09:00,2023,8,Wednesday,17,13.168738,77.451808,Road,5,None,0,Closed - Convicted,FIR/2023/009/0333,Z,"[100, 359]","[359, 390]",0,,2,8,27,6,4,2,26
334,23,Belagavi,Theft,Chain snatching,2020-03-10,22:14:00,2020,3,Tuesday,22,15.758176,74.443811,Commercial,3,None,203092,Under Investigation,FIR/2020/023/0334,BO,[184],[553],0,39,6,9,29,1,4,6,67
335,10,Mysuru,Theft,Chain snatching,2020-08-08,13:07:00,2020,8,Saturday,13,12.214669,76.574794,Public Transport,2,None,376879,Closed - Convicted,FIR/2020/010/0335,AB,[31],[63],1,,3,9,29,4,4,2,28
336,27,Dharwad,Theft,Vehicle theft,2023-02-26,22:41:00,2023,2,Sunday,22,15.36459,74.964464,Market,3,None,372418,Closed - Acquitted,FIR/2023/027/0336,CA,"[82, 351, 324]",[228],1,186,8,9,32,2,4,1,79
337,26,Kalaburagi,Kidnapping,Human trafficking,2025-01-23,21:27:00,2025,1,Thursday,21,17.283682,76.729872,Commercial,5,Knife,0,Under Investigation,FIR/2025/026/0337,BY,[347],[357],1,,7,5,17,1,3,6,77
338,9,Bengaluru Rural,Fraud,Insurance fraud,2025-03-06,07:00:00,2025,3,Thursday,7,13.211786,77.632298,Market,4,Firearm,290373,Under Investigation,FIR/2025/009/0338,Z,"[264, 63]",[28],1,,2,4,14,2,2,6,26
339,32,Ballari,Theft,Pickpocket,2020-02-23,20:06:00,2020,2,Sunday,20,15.180247,76.908863,Market,3,None,31877,Under Investigation,FIR/2020/032/0339,CP,[16],"[111, 351]",1,,9,9,31,2,4,6,94
340,16,Tumakuru,Theft,Vehicle theft,2023-09-22,20:03:00,2023,9,Friday,20,13.286954,77.230093,Market,3,None,103050,Open,FIR/2023/016/0340,AT,"[252, 154, 103]","[180, 117]",1,,4,9,32,2,4,4,46
341,34,Hassan,Cybercrime,Investment scam,2024-10-10,17:27:00,2024,10,Thursday,17,13.005882,76.029395,Park,4,Firearm,0,Open,FIR/2024/034/0341,CW,[171],[206],0,,10,2,6,3,2,4,101
342,26,Kalaburagi,Assault,Domestic violence,2020-11-19,06:37:00,2020,11,Thursday,6,17.267431,76.747473,Public Transport,4,Firearm,0,Under Investigation,FIR/2020/026/0342,BX,"[10, 17]",[273],0,35,7,1,2,4,2,6,76
343,8,Bengaluru Rural,Theft,Chain snatching,2025-03-29,11:58:00,2025,3,Saturday,11,13.083315,77.604925,Road,3,None,430203,Closed - Convicted,FIR/2025/008/0343,V,[279],[566],0,,2,9,29,6,4,2,22
344,21,Belagavi,Theft,Pickpocket,2023-07-21,11:02:00,2023,7,Friday,11,15.875824,74.386795,Park,3,None,277446,Cold Case,FIR/2023/021/0344,BI,[332],"[509, 405]",0,303,6,9,31,3,4,3,61
345,29,Dharwad,Cybercrime,Investment scam,2024-04-14,19:35:00,2024,4,Sunday,19,15.363393,75.105738,Public Transport,4,Firearm,0,Closed - Convicted,FIR/2024/029/0345,CH,"[77, 111, 249]",[51],0,,8,2,6,4,2,2,86
346,28,Dharwad,Theft,House break-in,2021-04-11,20:28:00,2021,4,Sunday,20,15.354979,75.085211,Residence,3,None,244983,Open,FIR/2021/028/0346,CD,[221],"[143, 27]",0,211,8,9,30,5,4,4,82
347,4,Bengaluru Urban,Fraud,Cheque fraud,2022-11-28,22:54:00,2022,11,Monday,22,13.076363,77.701091,Park,3,Blunt Object,264480,Pending Trial,FIR/2022/004/0347,K,"[121, 190]",[586],1,58,1,4,12,3,1,5,11
348,6,Bengaluru Urban,Vandalism,Property destruction,2025-08-24,22:37:00,2025,8,Sunday,22,13.074273,77.596572,Park,2,None,0,Open,FIR/2025/006/0348,P,"[37, 280]","[267, 312]",0,,1,10,35,3,4,4,16
349,23,Belagavi,Assault,Domestic violence,2024-12-08,14:23:00,2024,12,Sunday,14,15.732468,74.419118,Commercial,4,Firearm,0,Closed - Convicted,FIR/2024/023/0349,BP,"[133, 277]",[486],0,44,6,1,2,1,2,2,68
350,20,Belagavi,Assault,Brawl,2020-12-10,21:32:00,2020,12,Thursday,21,15.891542,74.519403,Residence,4,Firearm,0,Closed - Convicted,FIR/2020/020/0350,BG,"[308, 344]",[517],0,,6,1,1,5,2,2,59
351,31,Ballari,Cybercrime,Online fraud,2022-12-30,13:37:00,2022,12,Friday,13,15.190612,76.863476,Road,4,Firearm,0,Pending Trial,FIR/2022/031/0351,CM,"[298, 217]",[438],1,354,9,2,7,6,2,5,91
352,36,Shivamogga,Assault,Road rage,2024-03-25,20:06:00,2024,3,Monday,20,13.920357,75.639587,Market,4,None,0,Pending Trial,FIR/2024/036/0352,DC,"[344, 329]",[300],1,,11,1,4,2,4,5,107
353,25,Kalaburagi,Assault,Road rage,2024-10-24,15:17:00,2024,10,Thursday,15,17.284674,76.729842,Residence,4,None,0,Cold Case,FIR/2024/025/0353,BV,[288],[396],0,,7,1,4,5,4,3,74
354,27,Dharwad,Theft,Vehicle theft,2020-01-02,22:36:00,2020,1,Thursday,22,15.52578,74.95162,Public Transport,3,None,72068,Cold Case,FIR/2020/027/0354,CA,[357],[43],1,,8,9,32,4,4,3,79
355,34,Hassan,Assault,Brawl,2024-10-06,20:39:00,2024,10,Sunday,20,12.908204,75.998025,Market,4,Blunt Object,0,Closed - Convicted,FIR/2024/034/0355,CW,"[58, 301, 388]","[255, 367]",0,110,10,1,1,2,1,2,101
356,31,Ballari,Drug Offence,Possession,2023-10-31,04:15:00,2023,10,Tuesday,4,15.080483,76.934911,Residence,5,Knife,0,Pending Trial,FIR/2023/031/0356,CO,[171],[23],0,316,9,3,10,5,3,5,93
357,7,Bengaluru Rural,Assault,Brawl,2022-03-02,11:18:00,2022,3,Wednesday,11,13.267648,77.547634,Park,4,None,0,Closed - Convicted,FIR/2022/007/0357,T,"[241, 387]",[67],0,,2,1,1,3,4,2,20
358,3,Bengaluru Urban,Assault,Brawl,2024-06-29,16:53:00,2024,6,Saturday,16,12.874856,77.493709,Commercial,3,Blunt Object,0,Open,FIR/2024/003/0358,G,[265],"[108, 232]",1,217,1,1,1,1,1,4,7
359,40,Udupi,Cybercrime,Identity theft,2024-06-09,16:39:00,2024,6,Sunday,16,13.295688,74.743714,Commercial,3,Blunt Object,0,Under Investigation,FIR/2024/040/0359,DP,[353],"[93, 336]",1,70,12,2,5,1,1,6,120
360,39,Udupi,Cybercrime,Online fraud,2025-05-10,18:15:00,2025,5,Saturday,18,13.312458,74.788844,Market,3,None,0,Open,FIR/2025/039/0360,DM,[37],[433],0,,12,2,7,2,4,4,117
361,26,Kalaburagi,Theft,House break-in,2022-10-15,18:45:00,2022,10,Saturday,18,17.233702,76.853325,Road,3,None,25769,Open,FIR/2022/026/0361,BY,[307],[498],0,,7,9,30,6,4,4,77
362,20,Belagavi,Assault,Road rage,2022-01-02,22:18:00,2022,1,Sunday,22,15.969374,74.541478,Public Transport,4,Firearm,0,Open,FIR/2022/020/0362,BG,[380],"[446, 442]",1,160,6,1,4,4,2,4,59
363,21,Belagavi,Assault,Road rage,2025-06-30,16:21:00,2025,6,Monday,16,15.736704,74.485849,Park,4,None,0,Under Investigation,FIR/2025/021/0363,BJ,"[394, 164, 114]",[519],1,196,6,1,4,3,4,6,62
364,9,Bengaluru Rural,Fraud,Land grab,2024-09-11,12:44:00,2024,9,Wednesday,12,13.104616,77.59953,Residence,4,None,62083,Open,FIR/2024/009/0364,Z,"[178, 118]","[10, 436]",0,,2,4,15,5,4,4,26
365,28,Dharwad,Vandalism,Graffiti,2025-04-25,08:25:00,2025,4,Friday,8,15.414741,74.90396,Road,3,None,0,Under Investigation,FIR/2025/028/0365,CE,[41],[103],0,265,8,10,34,6,4,6,83
366,41,Udupi,Robbery,Armed robbery,2020-01-26,07:00:00,2020,1,Sunday,7,13.362214,74.857775,Road,4,None,302954,Closed - Convicted,FIR/2020/041/0366,DS,[254],"[131, 201]",0,,12,7,23,6,4,2,123
367,18,Dakshina Kannada,Assault,Gang fight,2022-12-13,20:40:00,2022,12,Tuesday,20,12.742074,75.045307,Commercial,3,None,0,Under Investigation,FIR/2022/018/0367,BA,"[28, 105, 271]",[491],0,,5,1,3,1,4,6,53
368,35,Hassan,Theft,House break-in,2021-11-22,22:16:00,2021,11,Monday,22,12.928759,76.011,Commercial,3,None,189807,Closed - Convicted,FIR/2021/035/0368,CY,"[356, 385]",[333],1,,10,9,30,1,4,2,103
369,17,Dakshina Kannada,Robbery,Mugging,2023-03-14,13:29:00,2023,3,Tuesday,13,12.758754,74.917234,Commercial,4,Blunt Object,322320,Closed - Convicted,FIR/2023/017/0369,AW,"[58, 72]","[158, 459]",0,,5,7,25,1,1,2,49
370,6,Bengaluru Urban,Assault,Gang fight,2022-04-24,12:42:00,2022,4,Sunday,12,13.005564,77.652743,Park,3,Firearm,0,Closed - Convicted,FIR/2022/006/0370,R,[16],[569],0,7,1,1,3,3,2,2,18
371,35,Hassan,Theft,Pickpocket,2024-05-04,04:52:00,2024,5,Saturday,4,12.965748,76.132782,Market,3,None,285904,Under Investigation,FIR/2024/035/0371,CY,[312],"[236, 333]",0,118,10,9,31,2,4,6,103
372,20,Belagavi,Theft,Pickpocket,2025-10-09,21:45:00,2025,10,Thursday,21,15.83543,74.498938,Commercial,3,None,133222,Under Investigation,FIR/2025/020/0372,BF,[35],"[354, 177]",1,273,6,9,31,1,4,6,58
373,14,Tumakuru,Fraud,Insurance fraud,2020-09-27,17:38:00,2020,9,Sunday,17,13.325981,77.185527,Residence,4,None,312347,Open,FIR/2020/014/0373,AP,[329],[329],0,,4,4,14,5,4,4,42
374,17,Dakshina Kannada,Murder,Hired killing,2024-10-09,16:33:00,2024,10,Wednesday,16,12.761001,75.082814,Park,5,None,0,Open,FIR/2024/017/0374,AY,"[32, 157]","[323, 493]",1,71,5,6,21,3,4,4,51
375,17,Dakshina Kannada,Robbery,Armed robbery,2021-01-01,16:38:00,2021,1,Friday,16,12.955042,75.040513,Park,4,Firearm,85319,Under Investigation,FIR/2021/017/0375,AW,[68],"[571, 232]",0,58,5,7,23,3,2,6,49
376,36,Shivamogga,Assault,Gang fight,2021-10-05,23:13:00,2021,10,Tuesday,23,13.933999,75.571624,Residence,4,None,0,Open,FIR/2021/036/0376,DD,[296],[218],1,2,11,1,3,5,4,4,108
377,2,Bengaluru Urban,Theft,Chain snatching,2025-03-04,08:24:00,2025,3,Tuesday,8,13.07001,77.596502,Road,2,None,5874,Under Investigation,FIR/2025/002/0377,D,"[344, 286]","[493, 396]",1,48,1,9,29,6,4,6,4
378,19,Dakshina Kannada,Theft,Vehicle theft,2023-03-31,11:41:00,2023,3,Friday,11,12.950217,75.011512,Market,2,None,72484,Open,FIR/2023/019/0378,BD,"[248, 142]",[564],0,,5,9,32,2,4,4,56
379,7,Bengaluru Rural,Theft,Vehicle theft,2020-03-10,19:53:00,2020,3,Tuesday,19,13.29844,77.448542,Road,3,None,173752,Open,FIR/2020/007/0379,S,"[143, 169]","[389, 449]",1,,2,9,32,6,4,4,19
380,25,Kalaburagi,Assault,Brawl,2020-10-29,18:57:00,2020,10,Thursday,18,17.429574,76.786082,Commercial,4,None,0,Closed - Acquitted,FIR/2020/025/0380,BV,[47],[231],1,,7,1,1,1,4,1,74
381,38,Shivamogga,Theft,Chain snatching,2020-06-20,01:39:00,2020,6,Saturday,1,13.995421,75.63055,Residence,3,None,198139,Under Investigation,FIR/2020/038/0381,DH,[281],[568],0,311,11,9,29,5,4,6,112
382,30,Ballari,Fraud,Land grab,2024-11-10,16:35:00,2024,11,Sunday,16,15.171867,76.829795,Park,4,None,190885,Open,FIR/2024/030/0382,CK,[350],[497],1,40,9,4,15,3,4,4,89
383,37,Shivamogga,Assault,Gang fight,2020-04-05,10:38:00,2020,4,Sunday,10,13.815246,75.468974,Public Transport,4,None,0,Under Investigation,FIR/2020/037/0383,DG,[360],[368],1,41,11,1,3,4,4,6,111
384,36,Shivamogga,Fraud,Insurance fraud,2021-07-24,15:50:00,2021,7,Saturday,15,13.890447,75.523545,Market,4,None,72335,Under Investigation,FIR/2021/036/0384,DD,"[236, 250, 234]",[93],1,278,11,4,14,2,4,6,108
385,36,Shivamogga,Theft,Pickpocket,2024-07-07,11:27:00,2024,7,Sunday,11,13.848953,75.592858,Road,3,None,425282,Closed - Convicted,FIR/2024/036/0385,DB,[263],[461],0,68,11,9,31,6,4,2,106
386,7,Bengaluru Rural,Fraud,Insurance fraud,2023-04-17,20:31:00,2023,4,Monday,20,13.089489,77.552128,Commercial,4,Firearm,435423,Open,FIR/2023/007/0386,U,[2],"[145, 130]",0,324,2,4,14,1,2,4,21
387,26,Kalaburagi,Theft,House break-in,2024-08-06,15:03:00,2024,8,Tuesday,15,17.260405,76.746943,Park,3,None,172018,Pending Trial,FIR/2024/026/0387,BY,"[241, 91]",[574],1,267,7,9,30,3,4,5,77
388,34,Hassan,Theft,House break-in,2025-01-27,08:05:00,2025,1,Monday,8,12.987524,76.073777,Commercial,3,None,494388,Closed - Convicted,FIR/2025/034/0388,CV,"[396, 192, 4]",[61],1,,10,9,30,1,4,2,100
389,1,Bengaluru Urban,Cybercrime,Investment scam,2021-03-23,12:05:00,2021,3,Tuesday,12,12.954177,77.654008,Road,3,Blunt Object,0,Open,FIR/2021/001/0389,C,[186],[452],0,,1,2,6,6,1,4,3
390,38,Shivamogga,Robbery,Armed robbery,2020-01-19,21:16:00,2020,1,Sunday,21,14.009095,75.604975,Market,5,Knife,119015,Closed - Acquitted,FIR/2020/038/0390,DJ,"[294, 160]",[336],0,285,11,7,23,2,3,1,114
391,37,Shivamogga,Theft,Chain snatching,2023-11-12,11:38:00,2023,11,Sunday,11,14.039472,75.631938,Residence,3,None,248583,Under Investigation,FIR/2023/037/0391,DF,[376],[528],1,,11,9,29,5,4,6,110
392,5,Bengaluru Urban,Theft,House break-in,2020-07-04,19:22:00,2020,7,Saturday,19,13.010957,77.571388,Public Transport,2,None,134235,Under Investigation,FIR/2020/005/0392,M,"[36, 240]","[219, 369]",1,,1,9,30,4,4,6,13
393,27,Dharwad,Assault,Gang fight,2023-01-23,04:27:00,2023,1,Monday,4,15.441924,74.934301,Park,4,None,0,Under Investigation,FIR/2023/027/0393,CC,[368],"[307, 555]",0,323,8,1,3,3,4,6,81
394,20,Belagavi,Robbery,Armed robbery,2020-07-13,05:21:00,2020,7,Monday,5,15.925613,74.600183,Commercial,5,None,190957,Pending Trial,FIR/2020/020/0394,BH,"[202, 185]",[344],0,,6,7,23,1,4,5,60
395,1,Bengaluru Urban,Assault,Road rage,2023-08-22,15:02:00,2023,8,Tuesday,15,13.019561,77.649949,Road,3,Firearm,0,Closed - Convicted,FIR/2023/001/0395,A,"[308, 53]","[103, 86]",0,,1,1,4,6,2,2,1
396,10,Mysuru,Robbery,Mugging,2024-12-28,05:24:00,2024,12,Saturday,5,12.344447,76.559766,Commercial,4,Knife,366284,Pending Trial,FIR/2024/010/0396,AD,[368],[240],0,,3,7,25,1,3,5,30
397,9,Bengaluru Rural,Theft,House break-in,2024-01-03,09:00:00,2024,1,Wednesday,9,13.178843,77.642689,Commercial,3,None,418354,Closed - Convicted,FIR/2024/009/0397,Y,"[41, 164, 57]",[188],1,,2,9,30,1,4,2,25
398,40,Udupi,Robbery,Mugging,2023-03-03,15:53:00,2023,3,Friday,15,13.404496,74.791104,Market,4,None,309270,Closed - Convicted,FIR/2023/040/0398,DN,"[238, 305]",[363],0,,12,7,25,2,4,2,118
399,5,Bengaluru Urban,Theft,Chain snatching,2023-03-25,10:39:00,2023,3,Saturday,10,12.924575,77.647728,Commercial,2,None,66089,Pending Trial,FIR/2023/005/0399,M,[297],[285],1,,1,9,29,1,4,5,13
400,19,Dakshina Kannada,Theft,House break-in,2021-01-19,13:41:00,2021,1,Tuesday,13,12.87149,75.084058,Market,2,None,297314,Under Investigation,FIR/2021/019/0400,BD,"[184, 178, 390]",[383],1,209,5,9,30,2,4,6,56
401,32,Ballari,Assault,Brawl,2020-03-19,14:36:00,2020,3,Thursday,14,15.238762,76.999219,Public Transport,4,Knife,0,Open,FIR/2020/032/0401,CQ,[280],[450],0,,9,1,1,4,3,4,95
402,9,Bengaluru Rural,Drug Offence,Possession,2022-03-04,12:54:00,2022,3,Friday,12,13.218053,77.678863,Public Transport,5,Firearm,0,Under Investigation,FIR/2022/009/0402,AA,[116],[403],1,83,2,3,10,4,2,6,27
403,41,Udupi,Robbery,Armed robbery,2020-10-25,23:13:00,2020,10,Sunday,23,13.296045,74.653302,Commercial,4,None,305194,Open,FIR/2020/041/0403,DS,[147],[551],0,,12,7,23,1,4,4,123
404,10,Mysuru,Theft,Vehicle theft,2023-06-14,07:54:00,2023,6,Wednesday,7,12.179456,76.708389,Commercial,2,None,128075,Open,FIR/2023/010/0404,AB,[330],"[432, 48]",0,130,3,9,32,1,4,4,28
405,16,Tumakuru,Theft,Pickpocket,2020-12-28,15:25:00,2020,12,Monday,15,13.408599,77.145204,Commercial,3,None,395437,Closed - Acquitted,FIR/2020/016/0405,AT,[348],[468],0,,4,9,31,1,4,1,46
406,21,Belagavi,Fraud,Land grab,2020-12-25,19:37:00,2020,12,Friday,19,15.914756,74.452504,Market,4,None,418035,Open,FIR/2020/021/0406,BK,[119],"[247, 430]",0,96,6,4,15,2,4,4,63
407,5,Bengaluru Urban,Theft,Chain snatching,2020-04-11,08:38:00,2020,4,Saturday,8,13.069359,77.502088,Road,2,None,94860,Open,FIR/2020/005/0407,M,"[83, 116]",[564],1,,1,9,29,6,4,4,13
408,11,Mysuru,Theft,Pickpocket,2025-11-09,15:58:00,2025,11,Sunday,15,12.176826,76.60725,Public Transport,2,None,110853,Under Investigation,FIR/2025/011/0408,AE,[55],[516],0,,3,9,31,4,4,6,31
409,21,Belagavi,Assault,Gang fight,2025-04-10,18:45:00,2025,4,Thursday,18,15.821313,74.501723,Public Transport,4,Blunt Object,0,Closed - Convicted,FIR/2025/021/0409,BJ,"[385, 396]",[243],0,193,6,1,3,4,1,2,62
410,39,Udupi,Kidnapping,Human trafficking,2025-05-18,16:51:00,2025,5,Sunday,16,13.300508,74.833796,Market,5,Firearm,0,Open,FIR/2025/039/0410,DL,"[337, 50]","[142, 173]",0,,12,5,17,2,2,4,116
411,35,Hassan,Theft,Vehicle theft,2021-07-08,05:09:00,2021,7,Thursday,5,12.908083,76.047199,Market,3,None,57517,Open,FIR/2021/035/0411,CY,"[336, 109, 375]",[538],0,6,10,9,32,2,4,4,103
412,9,Bengaluru Rural,Drug Offence,Distribution,2020-02-23,17:02:00,2020,2,Sunday,17,13.313482,77.51418,Public Transport,5,Knife,0,Closed - Acquitted,FIR/2020/009/0412,Z,"[77, 113]","[134, 450]",1,,2,3,9,4,3,1,26
413,3,Bengaluru Urban,Sexual Assault,Molestation,2025-08-23,13:26:00,2025,8,Saturday,13,12.862888,77.535432,Market,5,Blunt Object,0,Under Investigation,FIR/2025/003/0413,I,[350],"[59, 353]",0,300,1,8,27,2,1,6,9
414,7,Bengaluru Rural,Cybercrime,Identity theft,2021-06-24,02:43:00,2021,6,Thursday,2,13.117456,77.591272,Commercial,4,Firearm,0,Closed - Acquitted,FIR/2021/007/0414,T,[352],"[76, 481]",0,,2,2,5,1,2,1,20
415,14,Tumakuru,Theft,Pickpocket,2022-12-15,22:53:00,2022,12,Thursday,22,13.347791,77.063517,Residence,3,None,492246,Open,FIR/2022/014/0415,AN,"[201, 84]",[84],0,286,4,9,31,5,4,4,40
416,24,Kalaburagi,Vandalism,Graffiti,2024-05-29,21:48:00,2024,5,Wednesday,21,17.219439,76.770428,Public Transport,3,None,0,Under Investigation,FIR/2024/024/0416,BR,[79],[525],0,,7,10,34,4,4,6,70
417,17,Dakshina Kannada,Robbery,Armed robbery,2024-12-11,23:25:00,2024,12,Wednesday,23,12.888166,75.015118,Road,4,Knife,339331,Closed - Convicted,FIR/2024/017/0417,AW,[116],[353],1,,5,7,23,6,3,2,49
418,25,Kalaburagi,Theft,Pickpocket,2020-12-28,11:09:00,2020,12,Monday,11,17.398299,76.874012,Commercial,3,None,353111,Open,FIR/2020/025/0418,BU,"[379, 176, 336]",[329],0,,7,9,31,1,4,4,73
419,3,Bengaluru Urban,Assault,Gang fight,2021-02-05,22:39:00,2021,2,Friday,22,12.887005,77.532224,Market,3,Firearm,0,Under Investigation,FIR/2021/003/0419,G,[365],[585],1,69,1,1,3,2,2,6,7
420,19,Dakshina Kannada,Kidnapping,Ransom,2024-02-06,13:03:00,2024,2,Tuesday,13,12.780404,74.928925,Market,5,Blunt Object,0,Under Investigation,FIR/2024/019/0420,BE,"[18, 354, 124]",[375],0,240,5,5,18,2,1,6,57
421,25,Kalaburagi,Sexual Assault,Eve-teasing,2023-01-05,20:21:00,2023,1,Thursday,20,17.30603,76.885206,Residence,5,Knife,0,Pending Trial,FIR/2023/025/0421,BW,"[138, 370]",[344],0,,7,8,26,5,3,5,75
422,18,Dakshina Kannada,Robbery,Dacoity,2025-08-21,06:51:00,2025,8,Thursday,6,12.773869,74.937286,Park,4,None,476189,Open,FIR/2025/018/0422,BB,[176],[23],0,45,5,7,24,3,4,4,54
423,22,Belagavi,Theft,Chain snatching,2021-08-07,22:50:00,2021,8,Saturday,22,15.867872,74.472998,Public Transport,3,None,456191,Cold Case,FIR/2021/022/0423,BL,"[94, 58]","[246, 14]",1,,6,9,29,4,4,3,64
424,8,Bengaluru Rural,Theft,Chain snatching,2021-05-16,23:03:00,2021,5,Sunday,23,13.307478,77.60386,Public Transport,3,None,428122,Open,FIR/2021/008/0424,V,[127],[162],0,29,2,9,29,4,4,4,22
425,29,Dharwad,Assault,Domestic violence,2025-02-18,22:06:00,2025,2,Tuesday,22,15.502261,74.892137,Park,4,Knife,0,Pending Trial,FIR/2025/029/0425,CI,[352],[508],1,,8,1,2,3,3,5,87
426,29,Dharwad,Theft,House break-in,2023-07-27,13:13:00,2023,7,Thursday,13,15.571571,74.954846,Commercial,3,None,442573,Closed - Convicted,FIR/2023/029/0426,CG,"[222, 259]",[266],0,100,8,9,30,1,4,2,85
427,11,Mysuru,Fraud,Cheque fraud,2025-12-06,13:50:00,2025,12,Saturday,13,12.353873,76.554821,Market,3,Knife,213247,Open,FIR/2025/011/0427,AG,"[237, 232, 68]",[410],1,,3,4,12,2,3,4,33
428,3,Bengaluru Urban,Sexual Assault,Eve-teasing,2024-01-02,14:52:00,2024,1,Tuesday,14,12.980482,77.480501,Road,5,None,0,Pending Trial,FIR/2024/003/0428,I,"[167, 333, 266]",[47],1,159,1,8,26,6,4,5,9
429,12,Mysuru,Robbery,Dacoity,2022-03-09,02:27:00,2022,3,Wednesday,2,12.24807,76.751638,Market,4,None,45531,Under Investigation,FIR/2022/012/0429,AJ,"[64, 394]","[408, 542]",1,319,3,7,24,2,4,6,36
430,23,Belagavi,Robbery,Armed robbery,2025-10-23,21:11:00,2025,10,Thursday,21,15.736129,74.53247,Residence,5,None,195836,Pending Trial,FIR/2025/023/0430,BQ,[324],"[253, 353]",0,,6,7,23,5,4,5,69
431,10,Mysuru,Theft,Chain snatching,2022-07-18,09:39:00,2022,7,Monday,9,12.301131,76.665302,Residence,2,None,67739,Under Investigation,FIR/2022/010/0431,AB,[187],"[228, 363]",0,,3,9,29,5,4,6,28
432,31,Ballari,Robbery,Armed robbery,2025-02-23,09:32:00,2025,2,Sunday,9,15.165112,76.990499,Road,5,None,7423,Under Investigation,FIR/2025/031/0432,CM,[259],"[205, 391]",1,,9,7,23,6,4,6,91
433,36,Shivamogga,Theft,Vehicle theft,2021-01-02,20:42:00,2021,1,Saturday,20,13.961164,75.66963,Residence,3,None,170032,Under Investigation,FIR/2021/036/0433,DB,"[274, 133]",[490],1,,11,9,32,5,4,6,106
434,14,Tumakuru,Vandalism,Property destruction,2021-08-03,19:58:00,2021,8,Tuesday,19,13.221953,77.022771,Residence,3,None,0,Closed - Convicted,FIR/2021/014/0434,AP,"[130, 79]",[580],0,182,4,10,35,5,4,2,42
435,26,Kalaburagi,Theft,Vehicle theft,2023-10-14,18:23:00,2023,10,Saturday,18,17.425752,76.772438,Market,3,None,60156,Under Investigation,FIR/2023/026/0435,BY,"[370, 246]","[251, 69]",0,,7,9,32,2,4,6,77
436,7,Bengaluru Rural,Fraud,Cheque fraud,2025-06-11,10:20:00,2025,6,Wednesday,10,13.212734,77.520874,Market,4,None,115213,Closed - Convicted,FIR/2025/007/0436,U,[288],[14],0,,2,4,12,2,4,2,21
437,19,Dakshina Kannada,Cybercrime,Identity theft,2025-04-23,14:23:00,2025,4,Wednesday,14,12.799119,74.936444,Road,3,None,0,Pending Trial,FIR/2025/019/0437,BC,[186],[583],1,138,5,2,5,6,4,5,55
438,5,Bengaluru Urban,Theft,House break-in,2023-09-13,01:17:00,2023,9,Wednesday,1,13.075603,77.496518,Park,2,None,260388,Under Investigation,FIR/2023/005/0438,M,"[304, 109]",[462],0,71,1,9,30,3,4,6,13
439,2,Bengaluru Urban,Theft,Chain snatching,2021-10-10,06:00:00,2021,10,Sunday,6,13.059651,77.593671,Road,2,None,493250,Under Investigation,FIR/2021/002/0439,D,[339],[315],0,,1,9,29,6,4,6,4
440,30,Ballari,Assault,Gang fight,2024-07-20,22:36:00,2024,7,Saturday,22,15.133296,76.819206,Residence,4,Firearm,0,Closed - Convicted,FIR/2024/030/0440,CL,[248],[190],0,296,9,1,3,5,2,2,90
441,34,Hassan,Assault,Gang fight,2024-09-17,20:15:00,2024,9,Tuesday,20,13.111433,76.206069,Park,4,None,0,Closed - Convicted,FIR/2024/034/0441,CW,"[358, 355]",[119],1,263,10,1,3,3,4,2,101
442,38,Shivamogga,Cybercrime,Identity theft,2022-08-13,05:09:00,2022,8,Saturday,5,13.838952,75.464721,Commercial,4,Knife,0,Closed - Convicted,FIR/2022/038/0442,DI,"[397, 179]",[388],0,,11,2,5,1,3,2,113
443,1,Bengaluru Urban,Theft,Chain snatching,2024-06-08,16:19:00,2024,6,Saturday,16,13.034604,77.593739,Road,2,None,220090,Closed - Acquitted,FIR/2024/001/0443,B,[230],[317],1,,1,9,29,6,4,1,2
444,17,Dakshina Kannada,Fraud,Cheque fraud,2020-04-04,13:15:00,2020,4,Saturday,13,12.891568,74.982862,Park,3,Firearm,323201,Open,FIR/2020/017/0444,AX,[379],[279],1,,5,4,12,3,2,4,50
445,37,Shivamogga,Cybercrime,Identity theft,2024-04-06,10:20:00,2024,4,Saturday,10,13.976633,75.590555,Park,4,None,0,Under Investigation,FIR/2024/037/0445,DE,"[92, 189]",[166],1,41,11,2,5,3,4,6,109
446,21,Belagavi,Cybercrime,Phishing,2024-05-30,11:59:00,2024,5,Thursday,11,15.88749,74.437223,Market,4,Knife,0,Closed - Convicted,FIR/2024/021/0446,BI,"[386, 135, 150]",[315],0,309,6,2,8,2,3,2,61
447,38,Shivamogga,Theft,Vehicle theft,2022-11-24,15:37:00,2022,11,Thursday,15,13.86424,75.65952,Residence,3,None,76600,Under Investigation,FIR/2022/038/0447,DH,"[136, 9]",[575],0,245,11,9,32,5,4,6,112
448,14,Tumakuru,Vandalism,Arson,2025-12-23,21:49:00,2025,12,Tuesday,21,13.357733,77.221402,Park,3,None,0,Under Investigation,FIR/2025/014/0448,AP,[81],[9],1,,4,10,33,3,4,6,42
449,3,Bengaluru Urban,Assault,Road rage,2025-10-25,12:12:00,2025,10,Saturday,12,13.021941,77.573672,Road,3,None,0,Open,FIR/2025/003/0449,G,[300],[129],0,,1,1,4,6,4,4,7
450,25,Kalaburagi,Sexual Assault,Molestation,2022-07-04,20:03:00,2022,7,Monday,20,17.243644,76.891251,Market,5,Firearm,0,Under Investigation,FIR/2022/025/0450,BW,[70],[209],0,,7,8,27,2,2,6,75
451,13,Mysuru,Robbery,Mugging,2025-04-14,22:35:00,2025,4,Monday,22,12.408805,76.538332,Park,4,Knife,99170,Under Investigation,FIR/2025/013/0451,AM,[112],"[268, 370]",1,115,3,7,25,3,3,6,39
452,35,Hassan,Assault,Brawl,2022-04-18,09:56:00,2022,4,Monday,9,13.085715,76.018117,Public Transport,4,Knife,0,Open,FIR/2022/035/0452,CZ,"[70, 18]","[200, 318]",0,119,10,1,1,4,3,4,104
453,29,Dharwad,Drug Offence,Trafficking,2025-08-28,18:44:00,2025,8,Thursday,18,15.496828,75.075343,Market,5,None,0,Pending Trial,FIR/2025/029/0453,CI,[15],[322],1,,8,3,11,2,4,5,87
454,4,Bengaluru Urban,Theft,Pickpocket,2025-06-18,12:56:00,2025,6,Wednesday,12,12.963396,77.519798,Residence,2,None,281312,Closed - Convicted,FIR/2025/004/0454,L,[107],"[60, 159]",0,287,1,9,31,5,4,2,12
455,40,Udupi,Kidnapping,Child abduction,2024-05-19,15:11:00,2024,5,Sunday,15,13.301726,74.831414,Park,5,None,0,Open,FIR/2024/040/0455,DN,"[82, 102, 103]",[157],1,,12,5,16,3,4,4,118
456,7,Bengaluru Rural,Theft,Pickpocket,2022-07-29,10:14:00,2022,7,Friday,10,13.17659,77.553534,Road,3,None,229396,Closed - Acquitted,FIR/2022/007/0456,S,"[63, 344]","[468, 374]",0,162,2,9,31,6,4,1,19
457,16,Tumakuru,Sexual Assault,Molestation,2021-12-11,13:41:00,2021,12,Saturday,13,13.231352,77.223275,Commercial,5,Firearm,0,Open,FIR/2021/016/0457,AV,[119],[570],1,,4,8,27,1,2,4,48
458,9,Bengaluru Rural,Theft,House break-in,2025-02-20,17:51:00,2025,2,Thursday,17,13.256536,77.687556,Market,3,None,417893,Open,FIR/2025/009/0458,Y,"[47, 233]",[168],1,,2,9,30,2,4,4,25
459,27,Dharwad,Sexual Assault,Rape,2025-03-09,22:49:00,2025,3,Sunday,22,15.538507,75.002109,Park,5,Blunt Object,0,Pending Trial,FIR/2025/027/0459,CB,"[254, 165]","[424, 109]",1,278,8,8,28,3,1,5,80
460,15,Tumakuru,Assault,Gang fight,2021-09-23,17:30:00,2021,9,Thursday,17,13.299375,77.20663,Park,4,None,0,Under Investigation,FIR/2021/015/0460,AR,[80],[42],1,260,4,1,3,3,4,6,44
461,10,Mysuru,Kidnapping,Child abduction,2022-10-17,15:12:00,2022,10,Monday,15,12.360461,76.537714,Road,5,Blunt Object,0,Under Investigation,FIR/2022/010/0461,AC,[67],[49],1,353,3,5,16,6,1,6,29
462,36,Shivamogga,Robbery,Dacoity,2020-07-23,21:58:00,2020,7,Thursday,21,14.025614,75.55716,Market,5,None,313662,Open,FIR/2020/036/0462,DC,[249],[37],0,,11,7,24,2,4,4,107
463,23,Belagavi,Theft,House break-in,2021-03-24,09:06:00,2021,3,Wednesday,9,15.763805,74.495835,Public Transport,3,None,95309,Open,FIR/2021/023/0463,BO,[131],[571],1,91,6,9,30,4,4,4,67
464,25,Kalaburagi,Cybercrime,Phishing,2024-04-15,10:58:00,2024,4,Monday,10,17.386326,76.880465,Road,4,Knife,0,Under Investigation,FIR/2024/025/0464,BW,"[104, 149]",[454],0,,7,2,8,6,3,6,75
465,22,Belagavi,Theft,Chain snatching,2020-03-26,21:00:00,2020,3,Thursday,21,15.877024,74.468306,Residence,3,None,413150,Closed - Convicted,FIR/2020/022/0465,BL,[179],[321],0,,6,9,29,5,4,2,64
466,26,Kalaburagi,Assault,Domestic violence,2021-10-17,12:47:00,2021,10,Sunday,12,17.265661,76.758697,Park,4,None,0,Open,FIR/2021/026/0466,BX,"[243, 164, 88]",[368],1,310,7,1,2,3,4,4,76
467,9,Bengaluru Rural,Theft,House break-in,2021-10-07,12:37:00,2021,10,Thursday,12,13.095721,77.669475,Commercial,3,None,397122,Closed - Convicted,FIR/2021/009/0467,Y,"[394, 211, 112]",[326],1,343,2,9,30,1,4,2,25
468,10,Mysuru,Cybercrime,Identity theft,2023-04-30,22:48:00,2023,4,Sunday,22,12.186059,76.609876,Market,3,None,0,Closed - Convicted,FIR/2023/010/0468,AD,[133],[28],1,336,3,2,5,2,4,2,30
469,35,Hassan,Drug Offence,Possession,2020-06-27,16:36:00,2020,6,Saturday,16,13.091038,76.149349,Road,5,None,0,Closed - Convicted,FIR/2020/035/0469,DA,[329],[156],0,,10,3,10,6,4,2,105
470,8,Bengaluru Rural,Drug Offence,Distribution,2021-09-21,14:34:00,2021,9,Tuesday,14,13.198481,77.544051,Commercial,5,Knife,0,Closed - Convicted,FIR/2021/008/0470,W,"[54, 391]",[544],1,69,2,3,9,1,3,2,23
471,1,Bengaluru Urban,Theft,Chain snatching,2021-12-28,16:59:00,2021,12,Tuesday,16,13.075385,77.580739,Market,2,None,203275,Closed - Convicted,FIR/2021/001/0471,B,[126],"[534, 336]",0,,1,9,29,2,4,2,2
472,8,Bengaluru Rural,Assault,Domestic violence,2022-06-10,09:42:00,2022,6,Friday,9,13.225124,77.619266,Residence,4,None,0,Under Investigation,FIR/2022/008/0472,W,[75],[198],1,,2,1,2,5,4,6,23
473,35,Hassan,Theft,Pickpocket,2023-02-26,22:31:00,2023,2,Sunday,22,13.106889,76.116704,Residence,3,None,432738,Closed - Convicted,FIR/2023/035/0473,CY,"[58, 47]",[458],0,,10,9,31,5,4,2,103
474,37,Shivamogga,Cybercrime,Online fraud,2021-10-20,10:44:00,2021,10,Wednesday,10,13.986385,75.452877,Market,4,None,0,Closed - Convicted,FIR/2021/037/0474,DF,[222],[22],1,101,11,2,7,2,4,2,110
475,11,Mysuru,Assault,Domestic violence,2024-06-10,07:55:00,2024,6,Monday,7,12.253024,76.530539,Market,3,None,0,Pending Trial,FIR/2024/011/0475,AG,"[139, 126]","[241, 564]",0,,3,1,2,2,4,5,33
476,40,Udupi,Theft,Pickpocket,2020-09-01,16:25:00,2020,9,Tuesday,16,13.324627,74.819532,Residence,2,None,462429,Closed - Acquitted,FIR/2020/040/0476,DO,"[125, 117]",[570],0,,12,9,31,5,4,1,119
477,14,Tumakuru,Theft,Chain snatching,2024-07-27,16:05:00,2024,7,Saturday,16,13.3703,77.209285,Road,3,None,129935,Under Investigation,FIR/2024/014/0477,AN,"[385, 394, 207]",[466],1,80,4,9,29,6,4,6,40
478,33,Hassan,Fraud,Land grab,2022-07-13,09:38:00,2022,7,Wednesday,9,13.048326,76.184096,Park,4,Firearm,170585,Closed - Convicted,FIR/2022/033/0478,CU,"[115, 179]","[473, 65]",1,,10,4,15,3,2,2,99
479,32,Ballari,Robbery,Dacoity,2020-06-26,17:48:00,2020,6,Friday,17,15.108256,76.94108,Residence,5,None,325671,Open,FIR/2020/032/0479,CR,[276],[273],0,258,9,7,24,5,4,4,96
480,8,Bengaluru Rural,Robbery,Dacoity,2024-09-12,16:54:00,2024,9,Thursday,16,13.137868,77.613967,Market,5,None,78997,Closed - Convicted,FIR/2024/008/0480,X,[255],[18],0,,2,7,24,2,4,2,24
481,35,Hassan,Robbery,Armed robbery,2023-12-20,07:53:00,2023,12,Wednesday,7,12.964481,76.029294,Commercial,5,None,315801,Under Investigation,FIR/2023/035/0481,DA,"[304, 290]","[167, 352]",0,,10,7,23,1,4,6,105
482,20,Belagavi,Murder,Gang rivalry,2024-12-27,15:40:00,2024,12,Friday,15,15.91326,74.476581,Park,5,Blunt Object,0,Under Investigation,FIR/2024/020/0482,BH,[156],[449],1,,6,6,20,3,1,6,60
483,30,Ballari,Robbery,Dacoity,2025-08-01,13:35:00,2025,8,Friday,13,15.167674,76.938435,Commercial,5,None,215457,Under Investigation,FIR/2025/030/0483,CK,[39],"[199, 517]",0,,9,7,24,1,4,6,89
484,14,Tumakuru,Robbery,Dacoity,2025-12-24,12:24:00,2025,12,Wednesday,12,13.358127,77.004009,Market,5,None,269887,Closed - Acquitted,FIR/2025/014/0484,AP,[6],[171],1,17,4,7,24,2,4,1,42
485,11,Mysuru,Robbery,Mugging,2020-06-09,12:25:00,2020,6,Tuesday,12,12.320239,76.53409,Commercial,4,Blunt Object,54722,Closed - Convicted,FIR/2020/011/0485,AF,"[92, 139]",[259],0,,3,7,25,1,1,2,32
486,13,Mysuru,Murder,Gang rivalry,2023-09-13,18:19:00,2023,9,Wednesday,18,12.305606,76.576271,Park,5,Knife,0,Under Investigation,FIR/2023/013/0486,AM,[243],[109],1,,3,6,20,3,3,6,39
487,29,Dharwad,Fraud,Cheque fraud,2020-07-12,05:13:00,2020,7,Sunday,5,15.421679,74.981491,Road,4,Knife,203110,Under Investigation,FIR/2020/029/0487,CH,"[53, 304]","[365, 209]",0,225,8,4,12,6,3,6,86
488,35,Hassan,Cybercrime,Phishing,2024-11-04,05:36:00,2024,11,Monday,5,13.069481,76.199655,Market,4,None,0,Open,FIR/2024/035/0488,DA,"[335, 61, 272]",[425],1,,10,2,8,2,4,4,105
489,8,Bengaluru Rural,Theft,House break-in,2023-04-25,08:16:00,2023,4,Tuesday,8,13.221473,77.458084,Park,3,None,473110,Pending Trial,FIR/2023/008/0489,V,[341],[433],1,,2,9,30,3,4,5,22
490,25,Kalaburagi,Theft,Vehicle theft,2021-04-23,13:58:00,2021,4,Friday,13,17.353066,76.923638,Residence,3,None,65475,Closed - Convicted,FIR/2021/025/0490,BU,[218],[189],1,,7,9,32,5,4,2,73
491,19,Dakshina Kannada,Assault,Brawl,2022-11-25,15:19:00,2022,11,Friday,15,12.817111,74.999884,Commercial,3,None,0,Open,FIR/2022/019/0491,BE,"[167, 191]",[448],0,251,5,1,1,1,4,4,57
492,6,Bengaluru Urban,Vandalism,Graffiti,2023-09-26,10:22:00,2023,9,Tuesday,10,12.891494,77.673536,Residence,2,None,0,Closed - Convicted,FIR/2023/006/0492,P,"[29, 2]",[404],0,,1,10,34,5,4,2,16
493,16,Tumakuru,Sexual Assault,Eve-teasing,2021-08-09,15:29:00,2021,8,Monday,15,13.320044,77.062268,Commercial,5,None,0,Closed - Convicted,FIR/2021/016/0493,AU,"[375, 127]",[570],1,,4,8,26,1,4,2,47
494,20,Belagavi,Theft,House break-in,2021-07-27,12:54:00,2021,7,Tuesday,12,15.827159,74.6123,Road,3,None,28699,Under Investigation,FIR/2021/020/0494,BF,[189],[460],0,158,6,9,30,6,4,6,58
495,39,Udupi,Theft,Chain snatching,2025-02-03,15:17:00,2025,2,Monday,15,13.404425,74.775371,Market,2,None,389729,Closed - Acquitted,FIR/2025/039/0495,DK,[73],[542],0,,12,9,29,2,4,1,115
496,8,Bengaluru Rural,Robbery,Mugging,2025-02-24,12:16:00,2025,2,Monday,12,13.294912,77.496462,Residence,5,None,65437,Under Investigation,FIR/2025/008/0496,W,[251],[32],0,103,2,7,25,5,4,6,23
497,16,Tumakuru,Fraud,Land grab,2024-10-15,15:32:00,2024,10,Tuesday,15,13.346287,77.03932,Residence,4,None,149548,Closed - Acquitted,FIR/2024/016/0497,AV,"[35, 181, 90]",[487],1,93,4,4,15,5,4,1,48
498,8,Bengaluru Rural,Assault,Road rage,2024-07-31,18:53:00,2024,7,Wednesday,18,13.30098,77.622645,Park,4,None,0,Under Investigation,FIR/2024/008/0498,W,[263],[525],1,196,2,1,4,3,4,6,23
499,32,Ballari,Theft,Chain snatching,2024-12-18,22:24:00,2024,12,Wednesday,22,15.161598,76.896798,Commercial,3,None,465913,Under Investigation,FIR/2024/032/0499,CP,"[159, 115, 108]","[140, 590]",1,,9,9,29,1,4,6,94
500,4,Bengaluru Urban,Cybercrime,Online fraud,2020-05-31,16:03:00,2020,5,Sunday,16,12.984585,77.589726,Road,3,None,0,Open,FIR/2020/004/0500,K,[273],"[349, 168]",0,148,1,2,7,6,4,4,11
501,11,Mysuru,Cybercrime,Investment scam,2023-02-08,20:32:00,2023,2,Wednesday,20,12.24721,76.69966,Public Transport,3,None,0,Closed - Convicted,FIR/2023/011/0501,AE,"[344, 315, 371]",[380],0,,3,2,6,4,4,2,31
502,22,Belagavi,Cybercrime,Phishing,2025-10-30,19:33:00,2025,10,Thursday,19,15.931921,74.390022,Market,4,Blunt Object,0,Closed - Convicted,FIR/2025/022/0502,BM,[226],[474],0,,6,2,8,2,1,2,65
503,9,Bengaluru Rural,Theft,Vehicle theft,2025-01-24,00:29:00,2025,1,Friday,0,13.15736,77.587044,Residence,3,None,223060,Under Investigation,FIR/2025/009/0503,Y,[135],"[102, 273]",0,268,2,9,32,5,4,6,25
504,7,Bengaluru Rural,Theft,Vehicle theft,2020-05-01,16:33:00,2020,5,Friday,16,13.259077,77.651441,Park,3,None,41831,Under Investigation,FIR/2020/007/0504,S,[42],[504],1,,2,9,32,3,4,6,19
505,40,Udupi,Cybercrime,Identity theft,2021-03-07,17:29:00,2021,3,Sunday,17,13.309798,74.657574,Road,3,None,0,Closed - Acquitted,FIR/2021/040/0505,DP,"[217, 300]",[383],0,238,12,2,5,6,4,1,120
506,1,Bengaluru Urban,Drug Offence,Distribution,2023-07-28,18:08:00,2023,7,Friday,18,12.856394,77.653259,Road,4,None,0,Pending Trial,FIR/2023/001/0506,C,[124],[82],0,,1,3,9,6,4,5,3
507,20,Belagavi,Theft,House break-in,2023-12-02,19:15:00,2023,12,Saturday,19,15.739843,74.391877,Market,3,None,64496,Open,FIR/2023/020/0507,BF,[274],[515],0,237,6,9,30,2,4,4,58
508,14,Tumakuru,Robbery,Mugging,2025-12-14,13:13:00,2025,12,Sunday,13,13.314394,77.216903,Park,5,None,109568,Under Investigation,FIR/2025/014/0508,AP,[354],[411],1,171,4,7,25,3,4,6,42
509,35,Hassan,Robbery,Mugging,2021-01-05,22:40:00,2021,1,Tuesday,22,12.994887,76.039414,Park,5,None,187206,Under Investigation,FIR/2021/035/0509,CZ,"[198, 193]",[500],1,202,10,7,25,3,4,6,104
510,40,Udupi,Theft,Vehicle theft,2025-09-12,15:30:00,2025,9,Friday,15,13.330565,74.827362,Road,2,None,179891,Pending Trial,FIR/2025/040/0510,DO,[216],"[388, 420]",0,131,12,9,32,6,4,5,119
511,17,Dakshina Kannada,Theft,Chain snatching,2020-11-09,07:57:00,2020,11,Monday,7,12.963602,74.980839,Public Transport,2,None,434233,Under Investigation,FIR/2020/017/0511,AX,"[325, 105, 172]",[307],1,,5,9,29,4,4,6,50
512,35,Hassan,Theft,Chain snatching,2022-05-26,08:16:00,2022,5,Thursday,8,12.987528,76.081633,Public Transport,3,None,60848,Under Investigation,FIR/2022/035/0512,CY,"[261, 53, 135]",[278],0,,10,9,29,4,4,6,103
513,2,Bengaluru Urban,Assault,Brawl,2024-09-09,11:25:00,2024,9,Monday,11,13.033081,77.694786,Residence,3,Blunt Object,0,Under Investigation,FIR/2024/002/0513,E,"[321, 355]","[584, 178]",0,,1,1,1,5,1,6,5
514,18,Dakshina Kannada,Murder,Property dispute,2021-04-03,20:15:00,2021,4,Saturday,20,12.907861,74.999033,Residence,5,None,0,Closed - Convicted,FIR/2021/018/0514,BA,"[70, 252]",[273],0,,5,6,22,5,4,2,53
515,7,Bengaluru Rural,Drug Offence,Trafficking,2020-05-23,22:19:00,2020,5,Saturday,22,13.220355,77.630102,Market,5,None,0,Under Investigation,FIR/2020/007/0515,T,"[260, 253, 106]",[454],0,146,2,3,11,2,4,6,20
516,31,Ballari,Assault,Road rage,2021-01-21,00:45:00,2021,1,Thursday,0,15.02239,77.020555,Residence,4,Blunt Object,0,Open,FIR/2021/031/0516,CN,"[179, 99, 263]","[430, 24]",1,21,9,1,4,5,1,4,92
517,17,Dakshina Kannada,Theft,Vehicle theft,2022-08-10,03:39:00,2022,8,Wednesday,3,12.880369,74.97805,Road,2,None,29673,Closed - Convicted,FIR/2022/017/0517,AX,[138],[68],0,290,5,9,32,6,4,2,50
518,14,Tumakuru,Theft,House break-in,2022-09-10,06:41:00,2022,9,Saturday,6,13.367032,77.168801,Park,3,None,499184,Under Investigation,FIR/2022/014/0518,AN,[325],"[148, 284]",0,,4,9,30,3,4,6,40
519,17,Dakshina Kannada,Fraud,Impersonation,2022-04-18,13:11:00,2022,4,Monday,13,12.961845,75.072076,Residence,3,Firearm,52260,Open,FIR/2022/017/0519,AY,"[95, 149]",[220],1,196,5,4,13,5,2,4,51
520,34,Hassan,Assault,Gang fight,2022-05-31,00:30:00,2022,5,Tuesday,0,13.017877,76.087976,Park,4,Knife,0,Closed - Convicted,FIR/2022/034/0520,CW,"[29, 78]",[33],0,70,10,1,3,3,3,2,101
521,5,Bengaluru Urban,Assault,Domestic violence,2024-08-03,03:37:00,2024,8,Saturday,3,12.932951,77.588791,Residence,3,Knife,0,Pending Trial,FIR/2024/005/0521,N,[31],[250],1,,1,1,2,5,3,5,14
522,40,Udupi,Assault,Domestic violence,2020-05-21,09:28:00,2020,5,Thursday,9,13.243346,74.671107,Road,3,None,0,Under Investigation,FIR/2020/040/0522,DN,"[290, 22]",[484],1,,12,1,2,6,4,6,118
523,17,Dakshina Kannada,Robbery,Dacoity,2023-02-18,20:26:00,2023,2,Saturday,20,12.96351,74.89663,Public Transport,4,Knife,160638,Under Investigation,FIR/2023/017/0523,AW,[36],[7],0,,5,7,24,4,3,6,49
524,19,Dakshina Kannada,Fraud,Land grab,2022-01-22,07:09:00,2022,1,Saturday,7,12.819155,74.904577,Residence,3,None,479127,Pending Trial,FIR/2022/019/0524,BC,[301],[85],0,229,5,4,15,5,4,5,55
525,31,Ballari,Murder,Hired killing,2020-04-02,09:43:00,2020,4,Thursday,9,15.173373,76.886149,Market,5,Firearm,0,Closed - Convicted,FIR/2020/031/0525,CO,[67],[81],1,,9,6,21,2,2,2,93
526,9,Bengaluru Rural,Theft,House break-in,2024-01-10,13:34:00,2024,1,Wednesday,13,13.170344,77.479239,Park,3,None,483491,Closed - Acquitted,FIR/2024/009/0526,Y,[342],[550],0,360,2,9,30,3,4,1,25
527,19,Dakshina Kannada,Drug Offence,Distribution,2024-08-21,16:30:00,2024,8,Wednesday,16,12.913679,75.087992,Public Transport,4,None,0,Pending Trial,FIR/2024/019/0527,BE,[216],[475],1,,5,3,9,4,4,5,57
528,2,Bengaluru Urban,Assault,Domestic violence,2024-11-30,23:35:00,2024,11,Saturday,23,13.086013,77.500889,Residence,3,None,0,Under Investigation,FIR/2024/002/0528,E,[150],[581],1,,1,1,2,5,4,6,5
529,34,Hassan,Kidnapping,Ransom,2024-05-28,17:46:00,2024,5,Tuesday,17,13.086865,76.168802,Public Transport,5,None,0,Under Investigation,FIR/2024/034/0529,CX,"[143, 277, 138]",[277],0,,10,5,18,4,4,6,102
530,21,Belagavi,Theft,Vehicle theft,2021-08-29,00:54:00,2021,8,Sunday,0,15.74552,74.41766,Commercial,3,None,473255,Under Investigation,FIR/2021/021/0530,BI,"[252, 352]","[152, 15]",0,11,6,9,32,1,4,6,61
531,2,Bengaluru Urban,Assault,Gang fight,2022-10-15,19:47:00,2022,10,Saturday,19,12.948393,77.532025,Park,3,Blunt Object,0,Cold Case,FIR/2022/002/0531,E,[3],[534],1,,1,1,3,3,1,3,5
532,2,Bengaluru Urban,Assault,Brawl,2024-04-23,19:48:00,2024,4,Tuesday,19,12.888144,77.531023,Market,3,Blunt Object,0,Pending Trial,FIR/2024/002/0532,E,"[104, 234]",[596],0,,1,1,1,2,1,5,5
533,25,Kalaburagi,Theft,House break-in,2023-05-14,22:53:00,2023,5,Sunday,22,17.435973,76.922284,Road,3,None,26561,Open,FIR/2023/025/0533,BU,[246],"[398, 251]",0,,7,9,30,6,4,4,73
534,16,Tumakuru,Assault,Brawl,2022-09-27,22:05:00,2022,9,Tuesday,22,13.343514,77.017739,Market,4,Knife,0,Under Investigation,FIR/2022/016/0534,AU,[310],[379],0,10,4,1,1,2,3,6,47
535,13,Mysuru,Cybercrime,Online fraud,2020-10-07,12:13:00,2020,10,Wednesday,12,12.233202,76.61849,Park,3,Blunt Object,0,Under Investigation,FIR/2020/013/0535,AK,[165],[589],0,76,3,2,7,3,1,6,37
536,4,Bengaluru Urban,Theft,Vehicle theft,2022-12-29,01:46:00,2022,12,Thursday,1,12.885027,77.659398,Public Transport,2,None,312718,Pending Trial,FIR/2022/004/0536,L,"[353, 260, 78]","[228, 526]",1,,1,9,32,4,4,5,12
537,10,Mysuru,Theft,House break-in,2025-08-13,11:31:00,2025,8,Wednesday,11,12.253743,76.552026,Public Transport,2,None,163354,Open,FIR/2025/010/0537,AB,[184],[198],0,151,3,9,30,4,4,4,28
538,6,Bengaluru Urban,Theft,Pickpocket,2021-07-25,13:44:00,2021,7,Sunday,13,12.983348,77.639388,Road,2,None,150399,Closed - Convicted,FIR/2021/006/0538,P,"[322, 91, 324]","[355, 579]",1,238,1,9,31,6,4,2,16
539,39,Udupi,Theft,Pickpocket,2022-12-19,02:26:00,2022,12,Monday,2,13.241361,74.756874,Market,2,None,460837,Closed - Convicted,FIR/2022/039/0539,DK,[235],[92],0,322,12,9,31,2,4,2,115
540,28,Dharwad,Theft,Pickpocket,2021-05-27,21:41:00,2021,5,Thursday,21,15.566061,75.059479,Residence,3,None,427240,Closed - Convicted,FIR/2021/028/0540,CD,[377],[333],1,,8,9,31,5,4,2,82
541,20,Belagavi,Cybercrime,Identity theft,2024-12-06,21:14:00,2024,12,Friday,21,15.801663,74.575752,Road,4,Knife,0,Under Investigation,FIR/2024/020/0541,BG,[319],[243],0,,6,2,5,6,3,6,59
542,20,Belagavi,Assault,Domestic violence,2022-11-28,16:22:00,2022,11,Monday,16,15.830945,74.495581,Road,4,None,0,Closed - Convicted,FIR/2022/020/0542,BG,[87],[326],0,232,6,1,2,6,4,2,59
543,1,Bengaluru Urban,Assault,Gang fight,2024-05-05,18:59:00,2024,5,Sunday,18,12.947645,77.511234,Park,3,Firearm,0,Under Investigation,FIR/2024/001/0543,A,[40],"[453, 419]",0,240,1,1,3,3,2,6,1
544,6,Bengaluru Urban,Cybercrime,Online fraud,2022-04-30,03:00:00,2022,4,Saturday,3,13.085592,77.500725,Residence,3,None,0,Under Investigation,FIR/2022/006/0544,R,[257],[309],0,158,1,2,7,5,4,6,18
545,27,Dharwad,Murder,Hired killing,2021-09-16,07:09:00,2021,9,Thursday,7,15.528651,74.991678,Commercial,5,Knife,0,Closed - Convicted,FIR/2021/027/0545,CB,[378],[168],0,,8,6,21,1,3,2,80
546,18,Dakshina Kannada,Fraud,Cheque fraud,2021-05-21,19:42:00,2021,5,Friday,19,12.842134,74.916936,Road,3,None,224937,Under Investigation,FIR/2021/018/0546,BB,[272],[256],0,,5,4,12,6,4,6,54
547,33,Hassan,Murder,Domestic dispute,2020-09-22,11:33:00,2020,9,Tuesday,11,13.079129,76.109142,Road,5,None,0,Open,FIR/2020/033/0547,CT,"[208, 133, 397]",[101],1,,10,6,19,6,4,4,98
548,18,Dakshina Kannada,Theft,Vehicle theft,2022-10-09,19:07:00,2022,10,Sunday,19,12.73603,75.016712,Market,2,None,382720,Closed - Convicted,FIR/2022/018/0548,AZ,"[218, 3, 123]",[103],1,84,5,9,32,2,4,2,52
549,4,Bengaluru Urban,Vandalism,Property destruction,2021-03-06,16:28:00,2021,3,Saturday,16,12.993734,77.619654,Residence,2,None,0,Under Investigation,FIR/2021/004/0549,K,"[42, 46, 142]",[14],1,,1,10,35,5,4,6,11
550,32,Ballari,Drug Offence,Distribution,2025-03-26,14:35:00,2025,3,Wednesday,14,15.206762,76.826591,Market,5,None,0,Closed - Convicted,FIR/2025/032/0550,CQ,"[199, 80]",[364],0,298,9,3,9,2,4,2,95
551,19,Dakshina Kannada,Fraud,Impersonation,2025-11-15,13:55:00,2025,11,Saturday,13,12.726062,74.898915,Park,3,None,370235,Open,FIR/2025/019/0551,BC,[225],[346],0,,5,4,13,3,4,4,55
552,29,Dharwad,Assault,Brawl,2025-04-15,15:49:00,2025,4,Tuesday,15,15.521409,75.059414,Park,4,None,0,Under Investigation,FIR/2025/029/0552,CI,[213],[29],0,,8,1,1,3,4,6,87
553,9,Bengaluru Rural,Sexual Assault,Eve-teasing,2024-04-22,15:30:00,2024,4,Monday,15,13.107547,77.495212,Park,5,None,0,Pending Trial,FIR/2024/009/0553,AA,[117],[430],0,,2,8,26,3,4,5,27
554,36,Shivamogga,Robbery,Mugging,2025-03-21,00:02:00,2025,3,Friday,0,13.96622,75.608691,Residence,5,None,432139,Open,FIR/2025/036/0554,DC,[394],[405],0,343,11,7,25,5,4,4,107
555,25,Kalaburagi,Assault,Gang fight,2022-11-29,15:42:00,2022,11,Tuesday,15,17.303044,76.820496,Residence,4,Blunt Object,0,Closed - Acquitted,FIR/2022/025/0555,BV,"[34, 224]",[122],1,60,7,1,3,5,1,1,74
556,27,Dharwad,Sexual Assault,Molestation,2024-05-09,15:00:00,2024,5,Thursday,15,15.341215,74.93523,Residence,5,Knife,0,Closed - Acquitted,FIR/2024/027/0556,CC,[333],[265],0,,8,8,27,5,3,1,81
557,37,Shivamogga,Theft,House break-in,2025-08-23,02:14:00,2025,8,Saturday,2,13.882243,75.473813,Road,3,None,77259,Open,FIR/2025/037/0557,DF,[39],"[324, 235]",0,282,11,9,30,6,4,4,110
558,25,Kalaburagi,Cybercrime,Investment scam,2022-09-30,21:42:00,2022,9,Friday,21,17.357171,76.793499,Road,4,None,0,Pending Trial,FIR/2022/025/0558,BW,[47],[334],1,,7,2,6,6,4,5,75
559,10,Mysuru,Assault,Gang fight,2021-05-15,11:30:00,2021,5,Saturday,11,12.25667,76.69807,Public Transport,3,Knife,0,Closed - Acquitted,FIR/2021/010/0559,AC,"[57, 71, 280]",[460],0,,3,1,3,4,3,1,29
560,32,Ballari,Assault,Road rage,2024-01-23,13:09:00,2024,1,Tuesday,13,15.244733,76.812347,Road,4,None,0,Under Investigation,FIR/2024/032/0560,CQ,"[307, 237]",[393],0,,9,1,4,6,4,6,95
561,24,Kalaburagi,Drug Offence,Trafficking,2025-03-09,03:09:00,2025,3,Sunday,3,17.225218,76.738719,Commercial,5,Firearm,0,Closed - Acquitted,FIR/2025/024/0561,BT,[32],"[475, 126]",0,,7,3,11,1,2,1,72
562,15,Tumakuru,Assault,Brawl,2022-06-05,12:31:00,2022,6,Sunday,12,13.452788,77.124518,Commercial,4,None,0,Under Investigation,FIR/2022/015/0562,AR,"[227, 152]","[309, 516]",1,,4,1,1,1,4,6,44
563,22,Belagavi,Theft,Chain snatching,2025-12-03,21:09:00,2025,12,Wednesday,21,15.774325,74.501587,Commercial,3,None,71359,Open,FIR/2025/022/0563,BL,[24],[439],0,35,6,9,29,1,4,4,64
564,14,Tumakuru,Kidnapping,Ransom,2024-06-30,18:26:00,2024,6,Sunday,18,13.303852,77.027391,Park,5,None,0,Under Investigation,FIR/2024/014/0564,AO,"[221, 370]",[487],0,,4,5,18,3,4,6,41
565,34,Hassan,Vandalism,Arson,2022-08-15,18:03:00,2022,8,Monday,18,13.074041,76.166881,Park,3,None,0,Closed - Convicted,FIR/2022/034/0565,CX,[178],[538],0,,10,10,33,3,4,2,102
566,21,Belagavi,Assault,Gang fight,2024-10-23,00:49:00,2024,10,Wednesday,0,15.775744,74.535197,Park,4,Blunt Object,0,Pending Trial,FIR/2024/021/0566,BJ,[231],[486],1,40,6,1,3,3,1,5,62
567,38,Shivamogga,Drug Offence,Possession,2022-09-15,08:16:00,2022,9,Thursday,8,13.853323,75.498514,Residence,5,None,0,Closed - Convicted,FIR/2022/038/0567,DI,[67],[212],1,39,11,3,10,5,4,2,113
568,30,Ballari,Fraud,Impersonation,2024-10-10,22:07:00,2024,10,Thursday,22,15.044986,76.840852,Commercial,4,Knife,438907,Closed - Convicted,FIR/2024/030/0568,CL,"[81, 316]","[381, 117]",1,54,9,4,13,1,3,2,90
569,28,Dharwad,Kidnapping,Ransom,2022-04-29,20:54:00,2022,4,Friday,20,15.383823,75.103437,Residence,5,None,0,Under Investigation,FIR/2022/028/0569,CE,"[292, 282]",[273],1,,8,5,18,5,4,6,83
570,5,Bengaluru Urban,Assault,Brawl,2022-06-03,22:25:00,2022,6,Friday,22,12.958556,77.661448,Residence,3,None,0,Open,FIR/2022/005/0570,N,"[351, 6]","[299, 598]",1,,1,1,1,5,4,4,14
571,25,Kalaburagi,Assault,Brawl,2024-12-09,11:36:00,2024,12,Monday,11,17.316164,76.949233,Commercial,4,Knife,0,Open,FIR/2024/025/0571,BV,"[3, 277, 114]","[34, 408]",0,,7,1,1,1,3,4,74
572,36,Shivamogga,Robbery,Dacoity,2022-06-15,10:38:00,2022,6,Wednesday,10,13.920784,75.486021,Road,5,Firearm,116501,Under Investigation,FIR/2022/036/0572,DC,"[93, 277]","[164, 587]",0,,11,7,24,6,2,6,107
573,28,Dharwad,Theft,Chain snatching,2024-09-15,18:25:00,2024,9,Sunday,18,15.536675,74.996668,Park,3,None,256508,Under Investigation,FIR/2024/028/0573,CD,[330],[211],0,1,8,9,29,3,4,6,82
574,33,Hassan,Fraud,Impersonation,2023-05-19,19:26:00,2023,5,Friday,19,13.125292,76.161149,Market,4,None,483585,Open,FIR/2023/033/0574,CU,"[12, 87]",[11],0,40,10,4,13,2,4,4,99
575,24,Kalaburagi,Drug Offence,Trafficking,2022-09-02,11:02:00,2022,9,Friday,11,17.339831,76.933629,Residence,5,None,0,Open,FIR/2022/024/0575,BR,[89],"[357, 198]",1,192,7,3,11,5,4,4,70
576,22,Belagavi,Robbery,Armed robbery,2021-04-09,19:56:00,2021,4,Friday,19,15.967135,74.445783,Park,5,Blunt Object,426329,Closed - Convicted,FIR/2021/022/0576,BN,"[350, 18]",[415],0,100,6,7,23,3,1,2,66
577,16,Tumakuru,Theft,Vehicle theft,2023-04-21,22:25:00,2023,4,Friday,22,13.360003,77.029043,Market,3,None,120843,Open,FIR/2023/016/0577,AT,"[14, 178]",[552],0,297,4,9,32,2,4,4,46
578,4,Bengaluru Urban,Assault,Road rage,2024-05-27,21:58:00,2024,5,Monday,21,12.995874,77.506735,Public Transport,3,None,0,Open,FIR/2024/004/0578,J,[74],[509],0,34,1,1,4,4,4,4,10
579,1,Bengaluru Urban,Robbery,Dacoity,2023-01-03,16:05:00,2023,1,Tuesday,16,13.068005,77.556655,Road,4,None,120103,Open,FIR/2023/001/0579,B,"[51, 301, 68]",[458],0,217,1,7,24,6,4,4,2
580,18,Dakshina Kannada,Assault,Domestic violence,2025-09-14,14:58:00,2025,9,Sunday,14,12.815743,75.085352,Public Transport,3,None,0,Open,FIR/2025/018/0580,BA,[14],"[436, 124]",1,,5,1,2,4,4,4,53
581,35,Hassan,Sexual Assault,Rape,2021-07-16,09:03:00,2021,7,Friday,9,13.056036,75.995371,Commercial,5,None,0,Closed - Convicted,FIR/2021/035/0581,CZ,"[170, 182]",[97],0,122,10,8,28,1,4,2,104
582,4,Bengaluru Urban,Assault,Gang fight,2025-06-10,18:29:00,2025,6,Tuesday,18,12.914223,77.619912,Residence,3,None,0,Under Investigation,FIR/2025/004/0582,J,[355],[135],0,,1,1,3,5,4,6,10
583,35,Hassan,Fraud,Land grab,2020-01-31,16:49:00,2020,1,Friday,16,13.005033,76.083841,Park,4,Blunt Object,292652,Under Investigation,FIR/2020/035/0583,DA,"[295, 102]","[241, 175]",0,,10,4,15,3,1,6,105
584,11,Mysuru,Robbery,Dacoity,2023-04-02,05:17:00,2023,4,Sunday,5,12.300544,76.67217,Market,4,Blunt Object,90070,Pending Trial,FIR/2023/011/0584,AF,"[184, 377]",[197],0,,3,7,24,2,1,5,32
585,26,Kalaburagi,Fraud,Cheque fraud,2025-09-11,15:25:00,2025,9,Thursday,15,17.367731,76.90124,Road,4,Blunt Object,205410,Open,FIR/2025/026/0585,BZ,[111],"[327, 383]",1,55,7,4,12,6,1,4,78
586,35,Hassan,Theft,Chain snatching,2021-11-19,09:28:00,2021,11,Friday,9,12.985485,76.121656,Residence,3,None,415717,Open,FIR/2021/035/0586,CY,[93],[93],1,,10,9,29,5,4,4,103
587,39,Udupi,Theft,Pickpocket,2024-09-06,20:10:00,2024,9,Friday,20,13.327312,74.654351,Park,2,None,189428,Under Investigation,FIR/2024/039/0587,DK,[135],"[351, 54]",0,21,12,9,31,3,4,6,115
588,2,Bengaluru Urban,Drug Offence,Distribution,2020-11-02,19:47:00,2020,11,Monday,19,12.989581,77.533546,Commercial,4,Firearm,0,Open,FIR/2020/002/0588,F,"[276, 318]",[165],1,24,1,3,9,1,2,4,6
589,27,Dharwad,Vandalism,Arson,2021-08-11,18:31:00,2021,8,Wednesday,18,15.415789,74.955237,Public Transport,3,None,0,Pending Trial,FIR/2021/027/0589,CB,[351],[57],1,270,8,10,33,4,4,5,80
590,23,Belagavi,Theft,House break-in,2022-07-23,10:11:00,2022,7,Saturday,10,15.831378,74.484426,Residence,3,None,412352,Under Investigation,FIR/2022/023/0590,BO,[76],"[114, 211]",0,,6,9,30,5,4,6,67
591,19,Dakshina Kannada,Drug Offence,Trafficking,2023-05-12,19:12:00,2023,5,Friday,19,12.817181,74.936245,Public Transport,4,Firearm,0,Closed - Convicted,FIR/2023/019/0591,BD,"[60, 384]",[183],1,,5,3,11,4,2,2,56
592,3,Bengaluru Urban,Assault,Domestic violence,2022-10-25,09:18:00,2022,10,Tuesday,9,13.085523,77.671109,Road,3,Blunt Object,0,Closed - Convicted,FIR/2022/003/0592,G,"[36, 243]",[349],0,,1,1,2,6,1,2,7
593,40,Udupi,Assault,Domestic violence,2023-05-12,04:11:00,2023,5,Friday,4,13.261388,74.756587,Public Transport,3,None,0,Under Investigation,FIR/2023/040/0593,DP,[137],[80],0,,12,1,2,4,4,6,120
594,33,Hassan,Fraud,Insurance fraud,2025-01-11,23:48:00,2025,1,Saturday,23,12.926522,76.190095,Public Transport,4,Blunt Object,297701,Open,FIR/2025/033/0594,CU,"[190, 382]",[141],1,,10,4,14,4,1,4,99
595,18,Dakshina Kannada,Theft,Pickpocket,2020-01-14,10:21:00,2020,1,Tuesday,10,12.933655,75.020197,Public Transport,2,None,380692,Under Investigation,FIR/2020/018/0595,AZ,[380],"[179, 94]",0,,5,9,31,4,4,6,52
596,3,Bengaluru Urban,Assault,Domestic violence,2025-05-07,11:04:00,2025,5,Wednesday,11,12.954162,77.547734,Residence,3,Firearm,0,Under Investigation,FIR/2025/003/0596,G,"[326, 211]",[301],1,,1,1,2,5,2,6,7
597,26,Kalaburagi,Drug Offence,Possession,2025-01-22,13:54:00,2025,1,Wednesday,13,17.309453,76.929363,Park,5,None,0,Under Investigation,FIR/2025/026/0597,BZ,"[68, 348]","[240, 414]",0,,7,3,10,3,4,6,78
598,39,Udupi,Assault,Brawl,2021-09-02,22:30:00,2021,9,Thursday,22,13.260965,74.82445,Market,3,Firearm,0,Closed - Convicted,FIR/2021/039/0598,DM,[265],[42],1,121,12,1,1,2,2,2,117
599,24,Kalaburagi,Robbery,Mugging,2020-05-16,03:57:00,2020,5,Saturday,3,17.379113,76.82091,Public Transport,5,None,230703,Closed - Convicted,FIR/2020/024/0599,BT,"[304, 261, 126]",[406],0,,7,7,25,4,4,2,72
600,8,Bengaluru Rural,Assault,Domestic violence,2022-01-19,14:11:00,2022,1,Wednesday,14,13.291685,77.56179,Park,4,Firearm,0,Under Investigation,FIR/2022/008/0600,W,[144],[17],1,,2,1,2,3,2,6,23
601,22,Belagavi,Cybercrime,Online fraud,2024-05-05,10:48:00,2024,5,Sunday,10,15.82923,74.450823,Public Transport,4,Firearm,0,Open,FIR/2024/022/0601,BM,"[357, 264]",[516],0,,6,2,7,4,2,4,65
602,2,Bengaluru Urban,Fraud,Insurance fraud,2021-07-19,08:53:00,2021,7,Monday,8,12.960899,77.537567,Park,3,Firearm,357980,Closed - Convicted,FIR/2021/002/0602,F,"[217, 392]",[80],1,32,1,4,14,3,2,2,6
603,5,Bengaluru Urban,Robbery,Armed robbery,2020-03-01,22:12:00,2020,3,Sunday,22,12.990852,77.517155,Park,4,None,257183,Open,FIR/2020/005/0603,N,"[316, 42]",[581],0,,1,7,23,3,4,4,14
604,14,Tumakuru,Drug Offence,Possession,2025-03-14,19:29:00,2025,3,Friday,19,13.439193,77.125434,Park,5,Knife,0,Open,FIR/2025/014/0604,AN,"[158, 313]",[415],0,,4,3,10,3,3,4,40
605,16,Tumakuru,Vandalism,Property destruction,2022-08-30,18:19:00,2022,8,Tuesday,18,13.371436,77.163459,Public Transport,3,None,0,Open,FIR/2022/016/0605,AV,[184],[429],1,,4,10,35,4,4,4,48
606,35,Hassan,Assault,Brawl,2024-02-15,16:38:00,2024,2,Thursday,16,13.116862,76.045473,Market,4,None,0,Closed - Acquitted,FIR/2024/035/0606,CZ,[263],[285],0,,10,1,1,2,4,1,104
607,5,Bengaluru Urban,Assault,Brawl,2024-08-23,21:32:00,2024,8,Friday,21,12.852939,77.626764,Market,3,Blunt Object,0,Closed - Convicted,FIR/2024/005/0607,N,"[139, 340, 114]",[352],1,,1,1,1,2,1,2,14
608,17,Dakshina Kannada,Murder,Domestic dispute,2025-09-24,00:21:00,2025,9,Wednesday,0,12.949276,75.055931,Market,5,Knife,0,Open,FIR/2025/017/0608,AY,[28],"[160, 423]",1,,5,6,19,2,3,4,51
609,35,Hassan,Theft,Pickpocket,2025-02-03,09:25:00,2025,2,Monday,9,12.926545,76.207309,Park,3,None,171048,Closed - Convicted,FIR/2025/035/0609,CY,[334],"[304, 307]",0,,10,9,31,3,4,2,103
610,34,Hassan,Assault,Road rage,2022-01-23,15:41:00,2022,1,Sunday,15,12.952946,75.998363,Road,4,None,0,Closed - Convicted,FIR/2022/034/0610,CW,[217],"[116, 395]",1,,10,1,4,6,4,2,101
611,34,Hassan,Theft,Pickpocket,2022-09-10,15:07:00,2022,9,Saturday,15,13.039345,76.173372,Commercial,3,None,114474,Under Investigation,FIR/2022/034/0611,CV,"[216, 100, 345]","[271, 288]",0,130,10,9,31,1,4,6,100
612,22,Belagavi,Vandalism,Arson,2025-06-07,09:05:00,2025,6,Saturday,9,15.906288,74.448556,Residence,3,None,0,Under Investigation,FIR/2025/022/0612,BN,"[337, 74]",[383],1,,6,10,33,5,4,6,66
613,15,Tumakuru,Assault,Domestic violence,2020-02-06,21:35:00,2020,2,Thursday,21,13.35467,77.094517,Market,4,Firearm,0,Open,FIR/2020/015/0613,AR,"[361, 31]",[386],1,354,4,1,2,2,2,4,44
614,20,Belagavi,Theft,House break-in,2022-06-29,14:48:00,2022,6,Wednesday,14,15.849996,74.396698,Market,3,None,8529,Pending Trial,FIR/2022/020/0614,BF,[226],[286],0,262,6,9,30,2,4,5,58
615,35,Hassan,Theft,House break-in,2025-01-24,16:15:00,2025,1,Friday,16,12.953147,76.151252,Road,3,None,199837,Under Investigation,FIR/2025/035/0615,CY,[102],"[237, 439]",0,,10,9,30,6,4,6,103
616,27,Dharwad,Theft,Pickpocket,2021-06-13,12:37:00,2021,6,Sunday,12,15.534883,75.12007,Commercial,3,None,97515,Closed - Convicted,FIR/2021/027/0616,CA,"[342, 90]",[52],1,318,8,9,31,1,4,2,79
617,9,Bengaluru Rural,Theft,Chain snatching,2024-06-18,22:29:00,2024,6,Tuesday,22,13.215207,77.545664,Park,3,None,479625,Closed - Convicted,FIR/2024/009/0617,Y,[177],[159],1,284,2,9,29,3,4,2,25
618,31,Ballari,Fraud,Impersonation,2025-10-09,15:45:00,2025,10,Thursday,15,15.16602,76.890721,Park,4,None,25614,Under Investigation,FIR/2025/031/0618,CM,"[7, 155]",[261],0,,9,4,13,3,4,6,91
619,7,Bengaluru Rural,Robbery,Dacoity,2025-12-02,23:12:00,2025,12,Tuesday,23,13.222478,77.484842,Commercial,5,Knife,26041,Closed - Convicted,FIR/2025/007/0619,U,[6],[69],0,316,2,7,24,1,3,2,21
620,5,Bengaluru Urban,Kidnapping,Child abduction,2022-07-18,12:55:00,2022,7,Monday,12,13.076188,77.491572,Public Transport,5,Knife,0,Open,FIR/2022/005/0620,O,[9],[589],0,314,1,5,16,4,3,4,15
621,35,Hassan,Assault,Road rage,2024-04-20,19:10:00,2024,4,Saturday,19,13.046911,76.147651,Road,4,Blunt Object,0,Open,FIR/2024/035/0621,CZ,[6],[155],1,,10,1,4,6,1,4,104
622,28,Dharwad,Assault,Brawl,2022-12-05,17:57:00,2022,12,Monday,17,15.368925,75.112846,Public Transport,4,Blunt Object,0,Open,FIR/2022/028/0622,CE,"[398, 280, 18]",[379],0,322,8,1,1,4,1,4,83
623,1,Bengaluru Urban,Assault,Gang fight,2024-08-02,16:59:00,2024,8,Friday,16,12.988849,77.709361,Road,3,Knife,0,Under Investigation,FIR/2024/001/0623,A,[392],[298],1,,1,1,3,6,3,6,1
624,21,Belagavi,Theft,Pickpocket,2022-03-06,17:42:00,2022,3,Sunday,17,15.933801,74.400964,Road,3,None,260219,Cold Case,FIR/2022/021/0624,BI,[251],[174],1,295,6,9,31,6,4,3,61
625,12,Mysuru,Vandalism,Property destruction,2023-09-28,20:47:00,2023,9,Thursday,20,12.319229,76.536436,Road,2,None,0,Open,FIR/2023/012/0625,AJ,[248],[471],0,,3,10,35,6,4,4,36
626,20,Belagavi,Theft,Chain snatching,2023-03-19,00:38:00,2023,3,Sunday,0,15.794724,74.4812,Residence,3,None,165262,Cold Case,FIR/2023/020/0626,BF,[274],[132],0,,6,9,29,5,4,3,58
627,21,Belagavi,Theft,Pickpocket,2025-04-14,23:02:00,2025,4,Monday,23,15.894835,74.5825,Park,3,None,310949,Under Investigation,FIR/2025/021/0627,BI,"[46, 248, 356]",[171],1,,6,9,31,3,4,6,61
628,3,Bengaluru Urban,Cybercrime,Online fraud,2023-12-21,13:00:00,2023,12,Thursday,13,12.982306,77.493573,Commercial,3,None,0,Closed - Acquitted,FIR/2023/003/0628,I,"[49, 165]","[463, 267]",1,,1,2,7,1,4,1,9
629,8,Bengaluru Rural,Sexual Assault,Molestation,2025-07-07,05:00:00,2025,7,Monday,5,13.081314,77.506699,Road,5,Blunt Object,0,Under Investigation,FIR/2025/008/0629,X,"[7, 368]",[320],0,,2,8,27,6,1,6,24
630,35,Hassan,Theft,Pickpocket,2020-04-08,17:13:00,2020,4,Wednesday,17,12.981277,76.018776,Park,3,None,209369,Closed - Convicted,FIR/2020/035/0630,CY,"[375, 21, 123]",[558],0,,10,9,31,3,4,2,103
631,29,Dharwad,Assault,Brawl,2021-09-12,09:20:00,2021,9,Sunday,9,15.506375,74.90953,Residence,4,None,0,Under Investigation,FIR/2021/029/0631,CI,"[145, 355, 224]",[212],1,98,8,1,1,5,4,6,87
632,39,Udupi,Vandalism,Graffiti,2022-12-15,21:32:00,2022,12,Thursday,21,13.436901,74.805001,Public Transport,2,None,0,Cold Case,FIR/2022/039/0632,DL,"[250, 22]",[572],1,,12,10,34,4,4,3,116
633,8,Bengaluru Rural,Assault,Brawl,2023-03-01,07:05:00,2023,3,Wednesday,7,13.24198,77.666212,Commercial,4,Blunt Object,0,Under Investigation,FIR/2023/008/0633,W,"[194, 52]",[551],1,96,2,1,1,1,1,6,23
634,8,Bengaluru Rural,Theft,Chain snatching,2020-05-12,20:29:00,2020,5,Tuesday,20,13.239937,77.485844,Market,3,None,3675,Under Investigation,FIR/2020/008/0634,V,[116],[482],0,358,2,9,29,2,4,6,22
635,4,Bengaluru Urban,Fraud,Land grab,2022-03-16,19:28:00,2022,3,Wednesday,19,12.921026,77.653615,Commercial,3,Firearm,459485,Closed - Convicted,FIR/2022/004/0635,K,"[294, 174]",[591],0,209,1,4,15,1,2,2,11
636,12,Mysuru,Theft,Chain snatching,2020-01-12,23:14:00,2020,1,Sunday,23,12.208888,76.611648,Park,2,None,475642,Under Investigation,FIR/2020/012/0636,AH,"[155, 9]",[498],0,27,3,9,29,3,4,6,34
637,26,Kalaburagi,Theft,Chain snatching,2024-06-09,20:27:00,2024,6,Sunday,20,17.298731,76.745324,Commercial,3,None,439049,Open,FIR/2024/026/0637,BY,[329],[440],1,,7,9,29,1,4,4,77
638,38,Shivamogga,Theft,Pickpocket,2021-11-06,19:51:00,2021,11,Saturday,19,13.963283,75.482459,Market,3,None,104873,Closed - Convicted,FIR/2021/038/0638,DH,[312],[162],0,,11,9,31,2,4,2,112
639,24,Kalaburagi,Theft,Pickpocket,2022-02-03,05:02:00,2022,2,Thursday,5,17.381686,76.817592,Commercial,3,None,346861,Under Investigation,FIR/2022/024/0639,BR,[238],[505],0,,7,9,31,1,4,6,70
640,9,Bengaluru Rural,Theft,House break-in,2023-02-27,22:18:00,2023,2,Monday,22,13.132631,77.469435,Park,3,None,204099,Under Investigation,FIR/2023/009/0640,Y,[323],[562],1,,2,9,30,3,4,6,25
641,19,Dakshina Kannada,Drug Offence,Trafficking,2024-07-21,09:55:00,2024,7,Sunday,9,12.914408,74.959039,Market,4,Firearm,0,Under Investigation,FIR/2024/019/0641,BE,[316],[323],1,72,5,3,11,2,2,6,57
642,20,Belagavi,Assault,Brawl,2025-01-07,15:18:00,2025,1,Tuesday,15,15.883383,74.559565,Commercial,4,Blunt Object,0,Under Investigation,FIR/2025/020/0642,BG,"[208, 9, 68]",[65],0,,6,1,1,1,1,6,59
643,5,Bengaluru Urban,Assault,Brawl,2024-09-29,07:51:00,2024,9,Sunday,7,12.953179,77.557847,Commercial,3,Knife,0,Open,FIR/2024/005/0643,N,[32],[184],1,136,1,1,1,1,3,4,14
644,4,Bengaluru Urban,Drug Offence,Trafficking,2024-02-05,18:06:00,2024,2,Monday,18,12.92837,77.699953,Park,4,None,0,Open,FIR/2024/004/0644,K,"[299, 28, 164]",[127],0,,1,3,11,3,4,4,11
645,28,Dharwad,Vandalism,Graffiti,2024-07-15,14:13:00,2024,7,Monday,14,15.432102,74.917333,Commercial,3,None,0,Closed - Convicted,FIR/2024/028/0645,CF,[166],[507],1,,8,10,34,1,4,2,84
646,24,Kalaburagi,Cybercrime,Online fraud,2022-01-30,18:47:00,2022,1,Sunday,18,17.413116,76.906609,Market,4,None,0,Closed - Convicted,FIR/2022/024/0646,BS,[136],[7],0,124,7,2,7,2,4,2,71
647,14,Tumakuru,Theft,Vehicle theft,2025-05-16,18:50:00,2025,5,Friday,18,13.26838,77.23689,Residence,3,None,168904,Under Investigation,FIR/2025/014/0647,AN,[133],[575],0,,4,9,32,5,4,6,40
648,30,Ballari,Robbery,Dacoity,2022-02-04,14:10:00,2022,2,Friday,14,15.239827,76.950668,Market,5,None,24502,Open,FIR/2022/030/0648,CJ,"[115, 370]",[347],1,353,9,7,24,2,4,4,88
649,1,Bengaluru Urban,Theft,Vehicle theft,2022-07-22,11:33:00,2022,7,Friday,11,12.884792,77.705367,Residence,2,None,466332,Closed - Convicted,FIR/2022/001/0649,B,[37],[538],0,,1,9,32,5,4,2,2
650,6,Bengaluru Urban,Robbery,Mugging,2023-11-02,14:57:00,2023,11,Thursday,14,13.071161,77.580816,Residence,4,Blunt Object,115939,Open,FIR/2023/006/0650,Q,[354],[72],0,,1,7,25,5,1,4,17
651,14,Tumakuru,Cybercrime,Identity theft,2024-11-06,20:46:00,2024,11,Wednesday,20,13.437167,77.115563,Public Transport,4,None,0,Under Investigation,FIR/2024/014/0651,AO,[112],[78],1,245,4,2,5,4,4,6,41
652,2,Bengaluru Urban,Sexual Assault,Rape,2020-01-15,13:35:00,2020,1,Wednesday,13,12.90873,77.666017,Commercial,5,None,0,Closed - Convicted,FIR/2020/002/0652,F,[161],[516],0,,1,8,28,1,4,2,6
653,20,Belagavi,Drug Offence,Possession,2025-07-24,18:01:00,2025,7,Thursday,18,15.93815,74.491278,Residence,5,Knife,0,Closed - Convicted,FIR/2025/020/0653,BH,"[260, 86]",[431],0,21,6,3,10,5,3,2,60
654,16,Tumakuru,Drug Offence,Possession,2025-09-13,17:22:00,2025,9,Saturday,17,13.408426,77.223821,Park,5,Firearm,0,Under Investigation,FIR/2025/016/0654,AU,"[135, 211]",[290],0,268,4,3,10,3,2,6,47
655,14,Tumakuru,Vandalism,Arson,2025-06-07,20:36:00,2025,6,Saturday,20,13.387836,77.199407,Public Transport,3,None,0,Open,FIR/2025/014/0655,AP,[40],[519],0,,4,10,33,4,4,4,42
656,1,Bengaluru Urban,Fraud,Land grab,2021-08-08,21:49:00,2021,8,Sunday,21,12.922784,77.505214,Road,3,None,376753,Under Investigation,FIR/2021/001/0656,C,"[303, 132]","[104, 134]",0,54,1,4,15,6,4,6,3
657,22,Belagavi,Cybercrime,Phishing,2022-07-22,00:01:00,2022,7,Friday,0,15.747276,74.542113,Residence,4,Blunt Object,0,Pending Trial,FIR/2022/022/0657,BM,[358],"[168, 141]",0,327,6,2,8,5,1,5,65
658,11,Mysuru,Robbery,Dacoity,2025-03-03,18:32:00,2025,3,Monday,18,12.191211,76.642614,Public Transport,4,Blunt Object,337096,Under Investigation,FIR/2025/011/0658,AF,[73],"[132, 210]",1,,3,7,24,4,1,6,32
659,19,Dakshina Kannada,Theft,Pickpocket,2024-04-23,23:04:00,2024,4,Tuesday,23,12.771783,75.043601,Market,2,None,301441,Closed - Convicted,FIR/2024/019/0659,BD,[190],[479],1,,5,9,31,2,4,2,56
660,21,Belagavi,Assault,Gang fight,2023-01-08,20:49:00,2023,1,Sunday,20,15.775971,74.540485,Residence,4,Firearm,0,Closed - Acquitted,FIR/2023/021/0660,BJ,[2],"[456, 158]",1,,6,1,3,5,2,1,62
661,27,Dharwad,Theft,Chain snatching,2021-06-26,14:06:00,2021,6,Saturday,14,15.424419,74.964277,Commercial,3,None,261757,Closed - Convicted,FIR/2021/027/0661,CA,[260],[285],1,,8,9,29,1,4,2,79
662,23,Belagavi,Murder,Property dispute,2021-02-13,15:16:00,2021,2,Saturday,15,15.795603,74.379344,Park,5,None,0,Under Investigation,FIR/2021/023/0662,BQ,[229],[425],1,131,6,6,22,3,4,6,69
663,21,Belagavi,Theft,Vehicle theft,2022-11-17,06:16:00,2022,11,Thursday,6,15.85265,74.524489,Park,3,None,223242,Open,FIR/2022/021/0663,BI,"[3, 74, 104]",[417],0,,6,9,32,3,4,4,61
664,3,Bengaluru Urban,Drug Offence,Trafficking,2020-03-22,09:26:00,2020,3,Sunday,9,13.063255,77.546192,Residence,4,None,0,Closed - Convicted,FIR/2020/003/0664,H,"[79, 109, 263]",[63],0,,1,3,11,5,4,2,8
665,15,Tumakuru,Theft,House break-in,2020-10-10,18:17:00,2020,10,Saturday,18,13.220808,77.182138,Public Transport,3,None,70741,Closed - Acquitted,FIR/2020/015/0665,AQ,"[311, 244]",[590],0,186,4,9,30,4,4,1,43
666,25,Kalaburagi,Cybercrime,Online fraud,2023-05-08,04:58:00,2023,5,Monday,4,17.258815,76.895143,Road,4,Blunt Object,0,Under Investigation,FIR/2023/025/0666,BW,[354],[522],0,,7,2,7,6,1,6,75
667,2,Bengaluru Urban,Murder,Gang rivalry,2021-07-28,00:27:00,2021,7,Wednesday,0,13.023734,77.534834,Park,5,Blunt Object,0,Pending Trial,FIR/2021/002/0667,D,[23],"[93, 363]",0,,1,6,20,3,1,5,4
668,2,Bengaluru Urban,Assault,Road rage,2021-09-21,07:14:00,2021,9,Tuesday,7,13.030184,77.634197,Park,3,Knife,0,Pending Trial,FIR/2021/002/0668,E,[273],[372],1,,1,1,4,3,3,5,5
669,28,Dharwad,Drug Offence,Distribution,2025-11-10,10:10:00,2025,11,Monday,10,15.459106,75.068908,Public Transport,5,None,0,Under Investigation,FIR/2025/028/0669,CF,[311],[533],0,332,8,3,9,4,4,6,84
670,15,Tumakuru,Theft,Chain snatching,2020-05-07,13:41:00,2020,5,Thursday,13,13.349573,77.169244,Commercial,3,None,486587,Under Investigation,FIR/2020/015/0670,AQ,"[85, 236]",[493],1,207,4,9,29,1,4,6,43
671,12,Mysuru,Fraud,Land grab,2020-12-20,23:05:00,2020,12,Sunday,23,12.302911,76.733845,Residence,3,Firearm,431661,Under Investigation,FIR/2020/012/0671,AI,"[240, 277]",[302],1,,3,4,15,5,2,6,35
672,38,Shivamogga,Fraud,Impersonation,2021-09-17,15:08:00,2021,9,Friday,15,13.844559,75.605003,Road,4,None,463419,Open,FIR/2021/038/0672,DJ,[320],[594],0,363,11,4,13,6,4,4,114
673,28,Dharwad,Robbery,Mugging,2025-01-09,21:42:00,2025,1,Thursday,21,15.406236,74.999644,Market,5,Firearm,220578,Under Investigation,FIR/2025/028/0673,CF,[166],[73],0,279,8,7,25,2,2,6,84
674,35,Hassan,Cybercrime,Online fraud,2025-01-27,15:13:00,2025,1,Monday,15,12.902714,76.120265,Commercial,4,Knife,0,Under Investigation,FIR/2025/035/0674,DA,[309],[595],1,282,10,2,7,1,3,6,105
675,14,Tumakuru,Assault,Gang fight,2024-08-10,02:33:00,2024,8,Saturday,2,13.255233,77.001355,Market,4,None,0,Open,FIR/2024/014/0675,AO,[41],[409],0,,4,1,3,2,4,4,41
676,22,Belagavi,Drug Offence,Distribution,2021-02-12,16:59:00,2021,2,Friday,16,15.919087,74.503219,Park,5,None,0,Closed - Acquitted,FIR/2021/022/0676,BN,[336],[101],0,206,6,3,9,3,4,1,66
677,25,Kalaburagi,Drug Offence,Distribution,2020-05-30,15:03:00,2020,5,Saturday,15,17.241369,76.829751,Park,5,None,0,Under Investigation,FIR/2020/025/0677,BV,[285],[567],0,,7,3,9,3,4,6,74
678,20,Belagavi,Cybercrime,Investment scam,2020-07-08,12:45:00,2020,7,Wednesday,12,15.830674,74.456397,Commercial,4,Knife,0,Closed - Convicted,FIR/2020/020/0678,BH,[212],"[231, 196]",1,,6,2,6,1,3,2,60
679,11,Mysuru,Fraud,Land grab,2021-02-14,13:21:00,2021,2,Sunday,13,12.18605,76.721998,Market,3,None,275145,Under Investigation,FIR/2021/011/0679,AE,[347],"[367, 131]",0,141,3,4,15,2,4,6,31
680,18,Dakshina Kannada,Theft,House break-in,2024-02-14,10:34:00,2024,2,Wednesday,10,12.957046,74.944727,Residence,2,None,339831,Closed - Convicted,FIR/2024/018/0680,AZ,[248],"[105, 157]",1,,5,9,30,5,4,2,52
681,29,Dharwad,Theft,Chain snatching,2025-12-26,19:04:00,2025,12,Friday,19,15.478767,74.992899,Residence,3,None,334920,Pending Trial,FIR/2025/029/0681,CG,"[317, 229]",[146],1,150,8,9,29,5,4,5,85
682,17,Dakshina Kannada,Robbery,Mugging,2023-04-16,19:58:00,2023,4,Sunday,19,12.779457,75.055316,Residence,4,None,321470,Under Investigation,FIR/2023/017/0682,AW,"[219, 153]","[68, 443]",0,61,5,7,25,5,4,6,49
683,23,Belagavi,Assault,Gang fight,2024-02-08,21:45:00,2024,2,Thursday,21,15.874041,74.546492,Public Transport,4,Blunt Object,0,Closed - Convicted,FIR/2024/023/0683,BP,[225],[522],1,,6,1,3,4,1,2,68
684,22,Belagavi,Assault,Road rage,2021-11-01,09:14:00,2021,11,Monday,9,15.751413,74.582789,Park,4,None,0,Closed - Convicted,FIR/2021/022/0684,BM,"[36, 282]",[261],1,,6,1,4,3,4,2,65
685,14,Tumakuru,Theft,Chain snatching,2025-04-12,14:16:00,2025,4,Saturday,14,13.392417,77.08019,Market,3,None,255357,Under Investigation,FIR/2025/014/0685,AN,"[183, 279]",[85],1,173,4,9,29,2,4,6,40
686,1,Bengaluru Urban,Kidnapping,Ransom,2020-11-11,07:42:00,2020,11,Wednesday,7,12.987091,77.491833,Commercial,5,None,0,Under Investigation,FIR/2020/001/0686,C,"[147, 51]",[308],0,288,1,5,18,1,4,6,3
687,14,Tumakuru,Cybercrime,Investment scam,2023-03-24,23:47:00,2023,3,Friday,23,13.359858,77.169852,Residence,4,None,0,Closed - Acquitted,FIR/2023/014/0687,AP,[208],[248],1,,4,2,6,5,4,1,42
688,2,Bengaluru Urban,Assault,Gang fight,2022-02-05,21:35:00,2022,2,Saturday,21,12.951348,77.583181,Public Transport,3,Firearm,0,Pending Trial,FIR/2022/002/0688,E,[383],[426],0,,1,1,3,4,2,5,5
689,16,Tumakuru,Theft,Pickpocket,2021-07-04,18:08:00,2021,7,Sunday,18,13.452824,77.06178,Market,3,None,229490,Pending Trial,FIR/2021/016/0689,AT,[21],[214],0,,4,9,31,2,4,5,46
690,40,Udupi,Drug Offence,Possession,2025-04-26,06:39:00,2025,4,Saturday,6,13.256833,74.695163,Residence,4,None,0,Closed - Convicted,FIR/2025/040/0690,DN,"[62, 141]",[169],0,,12,3,10,5,4,2,118
691,24,Kalaburagi,Assault,Road rage,2021-07-27,05:52:00,2021,7,Tuesday,5,17.341601,76.77342,Commercial,4,None,0,Pending Trial,FIR/2021/024/0691,BS,"[195, 112]",[599],0,81,7,1,4,1,4,5,71
692,41,Udupi,Theft,Chain snatching,2024-03-18,07:51:00,2024,3,Monday,7,13.366785,74.628418,Road,2,None,382000,Closed - Convicted,FIR/2024/041/0692,DR,"[281, 166, 2]","[343, 352]",0,,12,9,29,6,4,2,122
693,17,Dakshina Kannada,Murder,Hired killing,2025-05-24,16:11:00,2025,5,Saturday,16,12.852426,75.007439,Road,5,Knife,0,Pending Trial,FIR/2025/017/0693,AY,[387],[240],0,,5,6,21,6,3,5,51
694,24,Kalaburagi,Cybercrime,Phishing,2022-03-21,07:22:00,2022,3,Monday,7,17.272271,76.9019,Residence,4,None,0,Open,FIR/2022/024/0694,BT,[265],[325],1,,7,2,8,5,4,4,72
695,19,Dakshina Kannada,Theft,Chain snatching,2024-11-18,16:06:00,2024,11,Monday,16,12.736224,74.996801,Public Transport,2,None,127511,Open,FIR/2024/019/0695,BD,[27],[549],1,34,5,9,29,4,4,4,56
696,17,Dakshina Kannada,Theft,Chain snatching,2025-12-30,17:10:00,2025,12,Tuesday,17,12.950669,74.873548,Park,2,None,352000,Under Investigation,FIR/2025/017/0696,AX,"[40, 281]",[47],1,233,5,9,29,3,4,6,50
697,4,Bengaluru Urban,Robbery,Dacoity,2020-01-10,14:55:00,2020,1,Friday,14,12.990365,77.522101,Road,4,Firearm,17427,Open,FIR/2020/004/0697,L,"[370, 37, 191]","[184, 201]",1,,1,7,24,6,2,4,12
698,22,Belagavi,Vandalism,Arson,2023-10-04,18:01:00,2023,10,Wednesday,18,15.949423,74.410845,Road,3,None,0,Under Investigation,FIR/2023/022/0698,BN,[49],[158],1,164,6,10,33,6,4,6,66
699,38,Shivamogga,Assault,Brawl,2021-01-25,21:27:00,2021,1,Monday,21,13.859294,75.625745,Road,4,Knife,0,Under Investigation,FIR/2021/038/0699,DI,[70],"[285, 39]",1,191,11,1,1,6,3,6,113
700,25,Kalaburagi,Theft,Pickpocket,2021-01-26,17:47:00,2021,1,Tuesday,17,17.220826,76.732426,Park,3,None,52968,Open,FIR/2021/025/0700,BU,"[132, 274]",[229],1,,7,9,31,3,4,4,73
701,8,Bengaluru Rural,Fraud,Land grab,2022-09-23,11:38:00,2022,9,Friday,11,13.278377,77.546513,Park,4,Firearm,156448,Closed - Convicted,FIR/2022/008/0701,X,[65],[191],1,,2,4,15,3,2,2,24
702,12,Mysuru,Theft,Chain snatching,2024-10-24,09:17:00,2024,10,Thursday,9,12.188882,76.713858,Market,2,None,474433,Closed - Acquitted,FIR/2024/012/0702,AH,"[127, 224, 385]",[485],0,,3,9,29,2,4,1,34
703,41,Udupi,Robbery,Dacoity,2025-04-16,14:22:00,2025,4,Wednesday,14,13.406755,74.702406,Commercial,4,Blunt Object,444104,Open,FIR/2025/041/0703,DS,[197],"[414, 380]",0,127,12,7,24,1,1,4,123
704,41,Udupi,Assault,Gang fight,2024-09-01,11:06:00,2024,9,Sunday,11,13.408762,74.710774,Commercial,3,Firearm,0,Closed - Convicted,FIR/2024/041/0704,DQ,[298],[164],1,120,12,1,3,1,2,2,121
705,22,Belagavi,Theft,Chain snatching,2021-06-05,19:56:00,2021,6,Saturday,19,15.862047,74.45908,Public Transport,3,None,484326,Closed - Convicted,FIR/2021/022/0705,BL,[149],[398],1,329,6,9,29,4,4,2,64
706,30,Ballari,Fraud,Impersonation,2022-03-15,16:40:00,2022,3,Tuesday,16,15.073305,76.866549,Residence,4,None,302907,Open,FIR/2022/030/0706,CK,"[147, 211, 281]",[440],1,,9,4,13,5,4,4,89
707,19,Dakshina Kannada,Assault,Domestic violence,2020-11-12,13:06:00,2020,11,Thursday,13,12.777705,75.097122,Market,3,Firearm,0,Open,FIR/2020/019/0707,BE,[202],"[528, 202]",0,67,5,1,2,2,2,4,57
708,25,Kalaburagi,Theft,Vehicle theft,2020-01-17,16:17:00,2020,1,Friday,16,17.311367,76.829974,Public Transport,3,None,383734,Under Investigation,FIR/2020/025/0708,BU,[365],[144],1,147,7,9,32,4,4,6,73
709,26,Kalaburagi,Fraud,Insurance fraud,2024-12-15,12:11:00,2024,12,Sunday,12,17.276413,76.748896,Commercial,4,Firearm,107539,Pending Trial,FIR/2024/026/0709,BZ,[325],[304],1,300,7,4,14,1,2,5,78
710,38,Shivamogga,Cybercrime,Phishing,2020-02-16,20:25:00,2020,2,Sunday,20,13.872843,75.651255,Market,4,Firearm,0,Closed - Convicted,FIR/2020/038/0710,DI,[342],[424],1,345,11,2,8,2,2,2,113
711,2,Bengaluru Urban,Robbery,Dacoity,2022-07-07,10:21:00,2022,7,Thursday,10,12.878225,77.499771,Road,4,None,210424,Closed - Convicted,FIR/2022/002/0711,F,[87],[585],0,,1,7,24,6,4,2,6
712,3,Bengaluru Urban,Drug Offence,Possession,2022-03-08,11:14:00,2022,3,Tuesday,11,12.916855,77.588897,Road,4,Knife,0,Open,FIR/2022/003/0712,H,"[247, 337]","[281, 547]",0,32,1,3,10,6,3,4,8
713,5,Bengaluru Urban,Fraud,Impersonation,2022-06-05,23:04:00,2022,6,Sunday,23,13.06969,77.496474,Road,3,None,444816,Under Investigation,FIR/2022/005/0713,O,[145],[86],0,272,1,4,13,6,4,6,15
714,36,Shivamogga,Fraud,Impersonation,2024-09-04,21:25:00,2024,9,Wednesday,21,14.04972,75.627618,Commercial,4,None,63959,Pending Trial,FIR/2024/036/0714,DD,[318],[253],1,,11,4,13,1,4,5,108
715,22,Belagavi,Robbery,Mugging,2021-09-30,12:13:00,2021,9,Thursday,12,15.747625,74.392432,Residence,5,Blunt Object,200360,Open,FIR/2021/022/0715,BM,[344],[103],1,,6,7,25,5,1,4,65
716,6,Bengaluru Urban,Fraud,Cheque fraud,2022-04-12,19:50:00,2022,4,Tuesday,19,12.991512,77.548865,Market,3,None,84710,Pending Trial,FIR/2022/006/0716,R,"[9, 70]",[476],0,48,1,4,12,2,4,5,18
717,8,Bengaluru Rural,Theft,Chain snatching,2023-05-10,21:08:00,2023,5,Wednesday,21,13.302733,77.46572,Public Transport,3,None,154436,Closed - Acquitted,FIR/2023/008/0717,V,"[110, 224, 244]","[378, 503]",1,,2,9,29,4,4,1,22
718,6,Bengaluru Urban,Theft,Chain snatching,2023-05-20,18:07:00,2023,5,Saturday,18,12.942548,77.66239,Commercial,2,None,459789,Open,FIR/2023/006/0718,P,"[87, 128, 329]",[357],1,170,1,9,29,1,4,4,16
719,4,Bengaluru Urban,Robbery,Dacoity,2024-11-09,14:11:00,2024,11,Saturday,14,12.949165,77.535385,Market,4,Knife,468410,Open,FIR/2024/004/0719,L,[86],"[180, 509]",1,,1,7,24,2,3,4,12
720,5,Bengaluru Urban,Kidnapping,Child abduction,2023-02-04,21:33:00,2023,2,Saturday,21,12.937733,77.568302,Road,5,Knife,0,Open,FIR/2023/005/0720,O,[292],"[227, 60]",1,340,1,5,16,6,3,4,15
721,26,Kalaburagi,Theft,House break-in,2025-08-29,08:56:00,2025,8,Friday,8,17.447426,76.821881,Market,3,None,189595,Under Investigation,FIR/2025/026/0721,BY,"[234, 80]",[137],1,12,7,9,30,2,4,6,77
722,3,Bengaluru Urban,Theft,House break-in,2021-03-31,23:00:00,2021,3,Wednesday,23,12.942338,77.630188,Public Transport,2,None,407911,Closed - Acquitted,FIR/2021/003/0722,H,"[93, 134, 21]",[525],1,,1,9,30,4,4,1,8
723,27,Dharwad,Robbery,Dacoity,2020-08-29,23:17:00,2020,8,Saturday,23,15.53191,74.91187,Residence,5,None,262931,Closed - Convicted,FIR/2020/027/0723,CC,[73],[418],0,,8,7,24,5,4,2,81
724,9,Bengaluru Rural,Theft,Vehicle theft,2022-01-11,09:35:00,2022,1,Tuesday,9,13.081761,77.514352,Park,3,None,309883,Closed - Convicted,FIR/2022/009/0724,Y,[80],[367],1,284,2,9,32,3,4,2,25
725,18,Dakshina Kannada,Assault,Brawl,2022-07-23,20:56:00,2022,7,Saturday,20,12.892887,75.094643,Commercial,3,Firearm,0,Pending Trial,FIR/2022/018/0725,BA,[16],"[322, 199]",0,4,5,1,1,1,2,5,53
726,28,Dharwad,Theft,House break-in,2025-06-27,17:02:00,2025,6,Friday,17,15.450347,74.945463,Road,3,None,469214,Under Investigation,FIR/2025/028/0726,CD,[277],[75],0,,8,9,30,6,4,6,82
727,22,Belagavi,Theft,Pickpocket,2023-09-25,19:50:00,2023,9,Monday,19,15.912328,74.400646,Commercial,3,None,384179,Pending Trial,FIR/2023/022/0727,BL,"[148, 241]",[466],1,262,6,9,31,1,4,5,64
728,36,Shivamogga,Sexual Assault,Molestation,2020-04-02,19:14:00,2020,4,Thursday,19,13.929353,75.667154,Park,5,None,0,Closed - Convicted,FIR/2020/036/0728,DB,"[13, 345]","[476, 572]",0,,11,8,27,3,4,2,106
729,29,Dharwad,Theft,Vehicle theft,2024-07-06,00:36:00,2024,7,Saturday,0,15.534337,75.020412,Park,3,None,398228,Under Investigation,FIR/2024/029/0729,CG,"[253, 191, 304]",[22],0,,8,9,32,3,4,6,85
730,28,Dharwad,Assault,Brawl,2023-05-05,09:57:00,2023,5,Friday,9,15.484757,75.018173,Commercial,4,Firearm,0,Under Investigation,FIR/2023/028/0730,CE,[35],[398],0,23,8,1,1,1,2,6,83
731,6,Bengaluru Urban,Robbery,Armed robbery,2024-12-24,22:05:00,2024,12,Tuesday,22,12.951981,77.609033,Residence,4,None,10745,Under Investigation,FIR/2024/006/0731,Q,[283],[367],0,,1,7,23,5,4,6,17
732,11,Mysuru,Cybercrime,Investment scam,2023-04-26,15:19:00,2023,4,Wednesday,15,12.376767,76.725724,Residence,3,None,0,Open,FIR/2023/011/0732,AG,[5],[189],1,,3,2,6,5,4,4,33
733,3,Bengaluru Urban,Theft,Chain snatching,2021-05-31,19:07:00,2021,5,Monday,19,12.933682,77.700751,Commercial,2,None,240404,Under Investigation,FIR/2021/003/0733,H,[56],[347],1,,1,9,29,1,4,6,8
734,37,Shivamogga,Fraud,Cheque fraud,2021-10-26,13:10:00,2021,10,Tuesday,13,13.824644,75.68732,Market,4,Blunt Object,152628,Under Investigation,FIR/2021/037/0734,DE,[337],[347],1,,11,4,12,2,1,6,109
735,9,Bengaluru Rural,Assault,Domestic violence,2020-07-07,21:01:00,2020,7,Tuesday,21,13.112157,77.55212,Public Transport,4,None,0,Open,FIR/2020/009/0735,Z,[354],[93],0,,2,1,2,4,4,4,26
736,2,Bengaluru Urban,Robbery,Mugging,2025-03-15,19:59:00,2025,3,Saturday,19,13.068841,77.560804,Public Transport,4,None,207730,Under Investigation,FIR/2025/002/0736,F,[91],"[392, 215]",0,,1,7,25,4,4,6,6
737,8,Bengaluru Rural,Fraud,Land grab,2025-08-10,16:19:00,2025,8,Sunday,16,13.303629,77.53369,Road,4,None,302228,Under Investigation,FIR/2025/008/0737,X,[24],[600],1,310,2,4,15,6,4,6,24
738,32,Ballari,Theft,Pickpocket,2020-01-09,01:41:00,2020,1,Thursday,1,15.189496,76.956927,Public Transport,3,None,375150,Closed - Convicted,FIR/2020/032/0738,CP,[193],[349],1,,9,9,31,4,4,2,94
739,23,Belagavi,Vandalism,Graffiti,2020-01-11,17:28:00,2020,1,Saturday,17,15.878896,74.593344,Market,3,None,0,Closed - Acquitted,FIR/2020/023/0739,BQ,[147],[353],0,198,6,10,34,2,4,1,69
740,41,Udupi,Assault,Brawl,2023-03-12,12:24:00,2023,3,Sunday,12,13.39704,74.823188,Commercial,3,None,0,Closed - Convicted,FIR/2023/041/0740,DQ,[379],[303],0,,12,1,1,1,4,2,121
741,32,Ballari,Assault,Gang fight,2024-10-19,13:03:00,2024,10,Saturday,13,15.17752,76.956945,Residence,4,Blunt Object,0,Open,FIR/2024/032/0741,CQ,"[35, 65]",[590],1,,9,1,3,5,1,4,95
742,27,Dharwad,Cybercrime,Online fraud,2021-09-30,06:15:00,2021,9,Thursday,6,15.366231,75.002631,Market,4,Firearm,0,Under Investigation,FIR/2021/027/0742,CB,[227],[490],1,,8,2,7,2,2,6,80
743,8,Bengaluru Rural,Assault,Domestic violence,2020-10-20,20:24:00,2020,10,Tuesday,20,13.202636,77.515976,Road,4,None,0,Under Investigation,FIR/2020/008/0743,W,[213],[510],1,15,2,1,2,6,4,6,23
744,16,Tumakuru,Assault,Road rage,2022-10-03,16:48:00,2022,10,Monday,16,13.435787,77.032941,Commercial,4,Firearm,0,Under Investigation,FIR/2022/016/0744,AU,[358],[147],0,314,4,1,4,1,2,6,47
745,14,Tumakuru,Theft,Chain snatching,2022-11-22,18:31:00,2022,11,Tuesday,18,13.266309,77.161223,Residence,3,None,482004,Under Investigation,FIR/2022/014/0745,AN,[292],[350],1,16,4,9,29,5,4,6,40
746,25,Kalaburagi,Fraud,Land grab,2024-10-18,09:18:00,2024,10,Friday,9,17.316528,76.904624,Public Transport,4,None,146617,Under Investigation,FIR/2024/025/0746,BV,[189],[148],0,,7,4,15,4,4,6,74
747,32,Ballari,Kidnapping,Child abduction,2024-05-25,19:59:00,2024,5,Saturday,19,15.166663,77.035983,Residence,5,None,0,Under Investigation,FIR/2024/032/0747,CR,[226],[437],1,62,9,5,16,5,4,6,96
748,2,Bengaluru Urban,Robbery,Dacoity,2021-07-19,22:00:00,2021,7,Monday,22,12.990463,77.707567,Road,4,None,429089,Closed - Convicted,FIR/2021/002/0748,F,[197],[342],0,,1,7,24,6,4,2,6
749,27,Dharwad,Drug Offence,Possession,2022-08-05,19:20:00,2022,8,Friday,19,15.486233,75.028034,Residence,5,Blunt Object,0,Open,FIR/2022/027/0749,CC,[351],"[142, 75]",1,76,8,3,10,5,1,4,81
750,13,Mysuru,Theft,Chain snatching,2025-03-05,18:54:00,2025,3,Wednesday,18,12.380904,76.679751,Residence,2,None,195863,Open,FIR/2025/013/0750,AK,"[147, 177]","[581, 475]",0,13,3,9,29,5,4,4,37
751,14,Tumakuru,Theft,Vehicle theft,2021-01-18,16:28:00,2021,1,Monday,16,13.41971,77.223798,Market,3,None,29412,Pending Trial,FIR/2021/014/0751,AN,"[397, 125, 99]",[160],1,,4,9,32,2,4,5,40
752,26,Kalaburagi,Assault,Gang fight,2020-02-18,14:12:00,2020,2,Tuesday,14,17.26243,76.74805,Road,4,None,0,Pending Trial,FIR/2020/026/0752,BX,"[267, 219]",[116],1,,7,1,3,6,4,5,76
753,4,Bengaluru Urban,Sexual Assault,Eve-teasing,2025-10-22,22:32:00,2025,10,Wednesday,22,12.88196,77.670706,Public Transport,5,Firearm,0,Closed - Convicted,FIR/2025/004/0753,J,"[279, 105]",[218],0,,1,8,26,4,2,2,10
754,35,Hassan,Cybercrime,Investment scam,2020-12-17,14:13:00,2020,12,Thursday,14,13.091237,76.133928,Park,4,Knife,0,Pending Trial,FIR/2020/035/0754,DA,[147],"[137, 25]",0,97,10,2,6,3,3,5,105
755,10,Mysuru,Theft,House break-in,2021-01-18,10:59:00,2021,1,Monday,10,12.18778,76.67614,Commercial,2,None,205261,Open,FIR/2021/010/0755,AB,"[1, 40]",[340],0,,3,9,30,1,4,4,28
756,4,Bengaluru Urban,Assault,Brawl,2022-06-06,16:46:00,2022,6,Monday,16,13.004941,77.649381,Commercial,3,None,0,Under Investigation,FIR/2022/004/0756,J,[131],[63],1,,1,1,1,1,4,6,10
757,22,Belagavi,Theft,Vehicle theft,2023-09-14,17:33:00,2023,9,Thursday,17,15.754427,74.501312,Park,3,None,26182,Open,FIR/2023/022/0757,BL,[159],[361],1,,6,9,32,3,4,4,64
758,34,Hassan,Kidnapping,Child abduction,2023-02-28,15:07:00,2023,2,Tuesday,15,13.082554,76.11204,Market,5,None,0,Under Investigation,FIR/2023/034/0758,CX,[312],[474],0,,10,5,16,2,4,6,102
759,14,Tumakuru,Assault,Brawl,2024-11-20,13:06:00,2024,11,Wednesday,13,13.440582,77.09913,Public Transport,4,Firearm,0,Under Investigation,FIR/2024/014/0759,AO,"[217, 58]",[585],1,212,4,1,1,4,2,6,41
760,5,Bengaluru Urban,Assault,Brawl,2023-08-07,22:21:00,2023,8,Monday,22,12.980314,77.564582,Public Transport,3,Knife,0,Under Investigation,FIR/2023/005/0760,N,[330],[357],1,123,1,1,1,4,3,6,14
761,16,Tumakuru,Assault,Domestic violence,2023-03-02,14:24:00,2023,3,Thursday,14,13.251986,77.10965,Market,4,Knife,0,Under Investigation,FIR/2023/016/0761,AU,"[247, 172]",[69],1,,4,1,2,2,3,6,47
762,14,Tumakuru,Theft,Vehicle theft,2020-01-27,16:50:00,2020,1,Monday,16,13.266982,77.213528,Park,3,None,293693,Closed - Acquitted,FIR/2020/014/0762,AN,[246],[441],1,,4,9,32,3,4,1,40
763,4,Bengaluru Urban,Theft,Vehicle theft,2025-10-22,14:19:00,2025,10,Wednesday,14,13.083987,77.47566,Park,2,None,484367,Under Investigation,FIR/2025/004/0763,L,[98],"[8, 549]",0,,1,9,32,3,4,6,12
764,15,Tumakuru,Assault,Domestic violence,2025-06-04,15:30:00,2025,6,Wednesday,15,13.397155,77.17866,Commercial,4,None,0,Closed - Convicted,FIR/2025/015/0764,AR,[390],[144],0,1,4,1,2,1,4,2,44
765,39,Udupi,Theft,Chain snatching,2020-12-05,05:04:00,2020,12,Saturday,5,13.254873,74.827912,Residence,2,None,465802,Closed - Convicted,FIR/2020/039/0765,DK,[152],[501],0,,12,9,29,5,4,2,115
766,29,Dharwad,Vandalism,Property destruction,2024-10-15,17:43:00,2024,10,Tuesday,17,15.490315,74.913801,Public Transport,3,None,0,Closed - Convicted,FIR/2024/029/0766,CH,[313],[409],1,,8,10,35,4,4,2,86
767,25,Kalaburagi,Assault,Domestic violence,2022-03-08,11:49:00,2022,3,Tuesday,11,17.213892,76.885516,Residence,4,Firearm,0,Closed - Convicted,FIR/2022/025/0767,BV,[145],"[389, 374]",1,39,7,1,2,5,2,2,74
768,17,Dakshina Kannada,Theft,Pickpocket,2025-02-21,18:23:00,2025,2,Friday,18,12.838578,74.928379,Road,2,None,475986,Pending Trial,FIR/2025/017/0768,AX,[59],[118],1,78,5,9,31,6,4,5,50
769,27,Dharwad,Theft,Pickpocket,2021-07-05,16:22:00,2021,7,Monday,16,15.511164,75.048462,Residence,3,None,115687,Under Investigation,FIR/2021/027/0769,CA,"[173, 307]",[570],0,46,8,9,31,5,4,6,79
770,39,Udupi,Theft,House break-in,2024-07-08,07:36:00,2024,7,Monday,7,13.281416,74.680292,Market,2,None,436078,Under Investigation,FIR/2024/039/0770,DK,"[259, 212]","[397, 291]",0,254,12,9,30,2,4,6,115
771,9,Bengaluru Rural,Fraud,Impersonation,2024-09-29,20:09:00,2024,9,Sunday,20,13.112677,77.541983,Commercial,4,None,20655,Closed - Acquitted,FIR/2024/009/0771,Z,[304],"[511, 132]",0,201,2,4,13,1,4,1,26
772,4,Bengaluru Urban,Theft,Chain snatching,2020-03-12,17:05:00,2020,3,Thursday,17,12.985875,77.555701,Public Transport,2,None,341679,Under Investigation,FIR/2020/004/0772,L,[74],[118],0,121,1,9,29,4,4,6,12
773,21,Belagavi,Sexual Assault,Eve-teasing,2022-06-08,19:38:00,2022,6,Wednesday,19,15.929525,74.425885,Park,5,None,0,Under Investigation,FIR/2022/021/0773,BK,[30],[39],1,,6,8,26,3,4,6,63
774,34,Hassan,Theft,Pickpocket,2023-06-22,09:02:00,2023,6,Thursday,9,13.041287,76.207905,Park,3,None,396360,Open,FIR/2023/034/0774,CV,[143],[557],0,135,10,9,31,3,4,4,100
775,15,Tumakuru,Cybercrime,Investment scam,2024-10-05,19:15:00,2024,10,Saturday,19,13.312438,77.12541,Market,4,None,0,Under Investigation,FIR/2024/015/0775,AS,"[263, 43]",[141],0,,4,2,6,2,4,6,45
776,37,Shivamogga,Robbery,Mugging,2022-11-16,00:54:00,2022,11,Wednesday,0,13.893296,75.620374,Market,5,Blunt Object,496436,Under Investigation,FIR/2022/037/0776,DE,[46],[358],1,,11,7,25,2,1,6,109
777,32,Ballari,Sexual Assault,Eve-teasing,2025-01-08,12:32:00,2025,1,Wednesday,12,15.052882,76.935248,Public Transport,5,Firearm,0,Closed - Convicted,FIR/2025/032/0777,CR,"[383, 158, 72]",[239],1,,9,8,26,4,2,2,96
778,26,Kalaburagi,Fraud,Impersonation,2025-05-15,07:55:00,2025,5,Thursday,7,17.328558,76.809851,Public Transport,4,None,226724,Under Investigation,FIR/2025/026/0778,BZ,"[337, 272]",[222],0,336,7,4,13,4,4,6,78
779,26,Kalaburagi,Murder,Domestic dispute,2025-02-26,17:11:00,2025,2,Wednesday,17,17.253878,76.818041,Market,5,None,0,Open,FIR/2025/026/0779,BZ,[354],[584],1,167,7,6,19,2,4,4,78
780,11,Mysuru,Theft,Pickpocket,2025-03-14,17:37:00,2025,3,Friday,17,12.369822,76.655144,Public Transport,2,None,243716,Open,FIR/2025/011/0780,AE,[166],[489],0,13,3,9,31,4,4,4,31
781,36,Shivamogga,Fraud,Insurance fraud,2025-12-19,02:20:00,2025,12,Friday,2,13.827286,75.61864,Commercial,4,Firearm,289111,Closed - Convicted,FIR/2025/036/0781,DD,"[64, 396, 226]",[397],0,181,11,4,14,1,2,2,108
782,26,Kalaburagi,Robbery,Armed robbery,2025-12-28,06:28:00,2025,12,Sunday,6,17.237096,76.948779,Road,5,None,376648,Closed - Convicted,FIR/2025/026/0782,BZ,[21],[370],0,,7,7,23,6,4,2,78
783,34,Hassan,Kidnapping,Human trafficking,2025-07-05,15:40:00,2025,7,Saturday,15,12.898749,76.036199,Road,5,None,0,Closed - Convicted,FIR/2025/034/0783,CX,[73],[19],0,260,10,5,17,6,4,2,102
784,26,Kalaburagi,Fraud,Cheque fraud,2025-07-13,17:10:00,2025,7,Sunday,17,17.442269,76.81066,Residence,4,Firearm,317051,Under Investigation,FIR/2025/026/0784,BZ,"[177, 77]","[166, 233]",0,22,7,4,12,5,2,6,78
785,1,Bengaluru Urban,Fraud,Impersonation,2022-03-12,20:08:00,2022,3,Saturday,20,13.040119,77.691728,Public Transport,3,Knife,125419,Under Investigation,FIR/2022/001/0785,A,"[217, 72]",[588],1,168,1,4,13,4,3,6,1
786,32,Ballari,Murder,Gang rivalry,2023-02-08,22:25:00,2023,2,Wednesday,22,15.250047,76.889595,Market,5,Firearm,0,Under Investigation,FIR/2023/032/0786,CR,[398],"[262, 51]",1,191,9,6,20,2,2,6,96
787,15,Tumakuru,Theft,Pickpocket,2023-02-23,14:41:00,2023,2,Thursday,14,13.349654,77.12605,Park,3,None,103965,Closed - Convicted,FIR/2023/015/0787,AQ,"[182, 264]",[275],0,,4,9,31,3,4,2,43
788,36,Shivamogga,Kidnapping,Human trafficking,2021-10-17,15:53:00,2021,10,Sunday,15,13.914102,75.542093,Market,5,Firearm,0,Under Investigation,FIR/2021/036/0788,DB,[161],[31],1,,11,5,17,2,2,6,106
789,39,Udupi,Theft,Vehicle theft,2024-07-31,10:35:00,2024,7,Wednesday,10,13.419889,74.682537,Park,2,None,16606,Under Investigation,FIR/2024/039/0789,DK,[374],[346],1,17,12,9,32,3,4,6,115
790,39,Udupi,Theft,House break-in,2024-06-30,19:10:00,2024,6,Sunday,19,13.222866,74.731993,Park,2,None,23948,Closed - Convicted,FIR/2024/039/0790,DK,[389],[201],0,,12,9,30,3,4,2,115
791,10,Mysuru,Fraud,Insurance fraud,2023-01-09,22:50:00,2023,1,Monday,22,12.335869,76.752079,Residence,3,Knife,293126,Cold Case,FIR/2023/010/0791,AD,[288],"[65, 432]",1,357,3,4,14,5,3,3,30
792,41,Udupi,Theft,House break-in,2020-04-04,22:11:00,2020,4,Saturday,22,13.243511,74.672432,Park,2,None,138843,Closed - Convicted,FIR/2020/041/0792,DR,[34],[476],0,,12,9,30,3,4,2,122
793,32,Ballari,Cybercrime,Phishing,2022-02-09,19:51:00,2022,2,Wednesday,19,15.236755,76.828202,Residence,4,Firearm,0,Under Investigation,FIR/2022/032/0793,CQ,[181],[282],0,223,9,2,8,5,2,6,95
794,25,Kalaburagi,Sexual Assault,Eve-teasing,2023-11-09,05:44:00,2023,11,Thursday,5,17.296935,76.767927,Commercial,5,Knife,0,Pending Trial,FIR/2023/025/0794,BW,[367],[357],0,,7,8,26,1,3,5,75
795,39,Udupi,Fraud,Cheque fraud,2022-08-08,06:06:00,2022,8,Monday,6,13.380635,74.843658,Market,3,Firearm,366234,Open,FIR/2022/039/0795,DM,[184],[226],1,56,12,4,12,2,2,4,117
796,27,Dharwad,Assault,Domestic violence,2024-12-16,07:24:00,2024,12,Monday,7,15.541326,75.090805,Commercial,4,None,0,Open,FIR/2024/027/0796,CC,"[244, 192]","[171, 436]",0,,8,1,2,1,4,4,81
797,33,Hassan,Vandalism,Arson,2024-12-15,00:10:00,2024,12,Sunday,0,13.035945,75.994511,Residence,3,None,0,Open,FIR/2024/033/0797,CT,[43],[442],0,,10,10,33,5,4,4,98
798,5,Bengaluru Urban,Assault,Gang fight,2020-08-30,03:21:00,2020,8,Sunday,3,12.930783,77.622331,Public Transport,3,None,0,Closed - Convicted,FIR/2020/005/0798,N,[74],"[129, 429]",0,118,1,1,3,4,4,2,14
799,34,Hassan,Sexual Assault,Eve-teasing,2020-06-06,13:32:00,2020,6,Saturday,13,13.111382,76.138117,Public Transport,5,Knife,0,Under Investigation,FIR/2020/034/0799,CX,"[30, 75]",[249],1,122,10,8,26,4,3,6,102
800,7,Bengaluru Rural,Theft,Vehicle theft,2025-04-14,13:49:00,2025,4,Monday,13,13.169463,77.492053,Market,3,None,149546,Closed - Convicted,FIR/2025/007/0800,S,"[57, 368]",[25],0,,2,9,32,2,4,2,19
801,20,Belagavi,Theft,House break-in,2022-07-10,04:56:00,2022,7,Sunday,4,15.886462,74.415328,Road,3,None,213909,Open,FIR/2022/020/0801,BF,"[248, 61, 348]",[329],0,,6,9,30,6,4,4,58
802,39,Udupi,Theft,House break-in,2020-09-20,21:13:00,2020,9,Sunday,21,13.343116,74.824145,Market,2,None,263936,Under Investigation,FIR/2020/039/0802,DK,[315],[55],1,282,12,9,30,2,4,6,115
803,16,Tumakuru,Robbery,Armed robbery,2023-08-12,18:13:00,2023,8,Saturday,18,13.322336,77.113471,Public Transport,5,None,231772,Closed - Convicted,FIR/2023/016/0803,AV,"[184, 71]",[463],0,,4,7,23,4,4,2,48
804,6,Bengaluru Urban,Robbery,Armed robbery,2020-08-19,12:17:00,2020,8,Wednesday,12,12.854085,77.711766,Residence,4,Blunt Object,259190,Closed - Convicted,FIR/2020/006/0804,Q,[398],[534],0,178,1,7,23,5,1,2,17
805,4,Bengaluru Urban,Theft,House break-in,2025-08-22,19:28:00,2025,8,Friday,19,12.862935,77.630258,Commercial,2,None,213955,Closed - Convicted,FIR/2025/004/0805,L,[5],[211],1,,1,9,30,1,4,2,12
806,35,Hassan,Drug Offence,Possession,2022-09-10,16:34:00,2022,9,Saturday,16,12.897517,76.19358,Road,5,Knife,0,Open,FIR/2022/035/0806,CZ,"[341, 68]",[74],1,159,10,3,10,6,3,4,104
807,11,Mysuru,Theft,Pickpocket,2022-08-20,16:42:00,2022,8,Saturday,16,12.262599,76.576051,Market,2,None,202760,Under Investigation,FIR/2022/011/0807,AE,[282],[79],1,5,3,9,31,2,4,6,31
808,16,Tumakuru,Assault,Brawl,2025-05-15,13:47:00,2025,5,Thursday,13,13.220931,77.177081,Public Transport,4,None,0,Open,FIR/2025/016/0808,AU,[157],[439],1,52,4,1,1,4,4,4,47
809,4,Bengaluru Urban,Vandalism,Property destruction,2025-02-13,11:27:00,2025,2,Thursday,11,12.986151,77.683727,Road,2,None,0,Open,FIR/2025/004/0809,K,[335],[329],0,57,1,10,35,6,4,4,11
810,38,Shivamogga,Drug Offence,Distribution,2022-12-20,13:19:00,2022,12,Tuesday,13,14.034238,75.548976,Public Transport,5,None,0,Closed - Convicted,FIR/2022/038/0810,DJ,[316],[347],0,229,11,3,9,4,4,2,114
811,8,Bengaluru Rural,Cybercrime,Investment scam,2021-08-02,17:15:00,2021,8,Monday,17,13.17479,77.479973,Residence,4,None,0,Under Investigation,FIR/2021/008/0811,X,[196],"[452, 557]",0,269,2,2,6,5,4,6,24
812,31,Ballari,Drug Offence,Possession,2021-11-10,10:08:00,2021,11,Wednesday,10,15.176666,76.973573,Public Transport,5,None,0,Under Investigation,FIR/2021/031/0812,CO,"[342, 195, 36]",[401],1,,9,3,10,4,4,6,93
813,8,Bengaluru Rural,Theft,Chain snatching,2024-08-31,12:43:00,2024,8,Saturday,12,13.22889,77.472244,Park,3,None,386464,Under Investigation,FIR/2024/008/0813,V,[262],[407],1,129,2,9,29,3,4,6,22
814,25,Kalaburagi,Robbery,Dacoity,2024-05-06,21:32:00,2024,5,Monday,21,17.432173,76.766248,Commercial,5,Blunt Object,115285,Under Investigation,FIR/2024/025/0814,BW,[400],"[4, 29]",1,,7,7,24,1,1,6,75
815,6,Bengaluru Urban,Drug Offence,Distribution,2022-01-11,20:09:00,2022,1,Tuesday,20,13.021267,77.70213,Public Transport,4,Knife,0,Closed - Convicted,FIR/2022/006/0815,R,[330],[60],1,194,1,3,9,4,3,2,18
816,10,Mysuru,Assault,Brawl,2025-01-24,16:08:00,2025,1,Friday,16,12.243184,76.549179,Market,3,Blunt Object,0,Closed - Convicted,FIR/2025/010/0816,AC,[45],[458],1,,3,1,1,2,1,2,29
817,22,Belagavi,Cybercrime,Phishing,2025-05-08,17:37:00,2025,5,Thursday,17,15.879528,74.391351,Road,4,Knife,0,Under Investigation,FIR/2025/022/0817,BN,[70],[128],0,49,6,2,8,6,3,6,66
818,36,Shivamogga,Cybercrime,Online fraud,2020-02-08,15:04:00,2020,2,Saturday,15,13.961542,75.612431,Residence,4,None,0,Open,FIR/2020/036/0818,DC,"[362, 161, 209]","[97, 418]",0,92,11,2,7,5,4,4,107
819,27,Dharwad,Theft,House break-in,2024-08-08,21:31:00,2024,8,Thursday,21,15.460608,74.909083,Road,3,None,205501,Under Investigation,FIR/2024/027/0819,CA,"[109, 270]","[595, 600]",1,7,8,9,30,6,4,6,79
820,32,Ballari,Theft,Chain snatching,2023-11-26,18:50:00,2023,11,Sunday,18,15.060618,76.894764,Residence,3,None,40308,Under Investigation,FIR/2023/032/0820,CP,"[354, 100]",[124],1,,9,9,29,5,4,6,94
821,3,Bengaluru Urban,Robbery,Dacoity,2020-08-18,18:30:00,2020,8,Tuesday,18,12.99593,77.654536,Commercial,4,None,220776,Pending Trial,FIR/2020/003/0821,I,[398],[231],0,,1,7,24,1,4,5,9
822,36,Shivamogga,Drug Offence,Possession,2021-09-19,11:54:00,2021,9,Sunday,11,13.985704,75.593002,Road,5,Firearm,0,Closed - Acquitted,FIR/2021/036/0822,DD,[165],[351],0,286,11,3,10,6,2,1,108
823,5,Bengaluru Urban,Cybercrime,Phishing,2025-07-14,09:57:00,2025,7,Monday,9,13.076014,77.671136,Public Transport,3,None,0,Closed - Convicted,FIR/2025/005/0823,O,"[362, 97, 208]","[125, 556]",1,,1,2,8,4,4,2,15
824,36,Shivamogga,Theft,Vehicle theft,2021-01-19,10:24:00,2021,1,Tuesday,10,13.822553,75.506267,Park,3,None,24191,Closed - Convicted,FIR/2021/036/0824,DB,"[241, 307]",[346],1,,11,9,32,3,4,2,106
825,38,Shivamogga,Assault,Domestic violence,2023-02-10,16:02:00,2023,2,Friday,16,13.989722,75.593384,Commercial,4,None,0,Pending Trial,FIR/2023/038/0825,DH,[56],[193],1,106,11,1,2,1,4,5,112
826,14,Tumakuru,Vandalism,Graffiti,2022-02-25,02:28:00,2022,2,Friday,2,13.384079,77.026346,Residence,3,None,0,Closed - Convicted,FIR/2022/014/0826,AP,"[362, 151]","[185, 313]",0,,4,10,34,5,4,2,42
827,7,Bengaluru Rural,Cybercrime,Identity theft,2020-09-08,21:43:00,2020,9,Tuesday,21,13.122959,77.504025,Road,4,None,0,Closed - Convicted,FIR/2020/007/0827,T,[8],[558],1,,2,2,5,6,4,2,20
828,36,Shivamogga,Murder,Property dispute,2021-09-28,03:42:00,2021,9,Tuesday,3,13.976251,75.506816,Public Transport,5,Firearm,0,Under Investigation,FIR/2021/036/0828,DC,"[189, 4]",[316],1,,11,6,22,4,2,6,107
829,28,Dharwad,Cybercrime,Phishing,2024-09-02,17:00:00,2024,9,Monday,17,15.47713,74.912532,Residence,4,Firearm,0,Open,FIR/2024/028/0829,CE,[99],[67],1,,8,2,8,5,2,4,83
830,6,Bengaluru Urban,Cybercrime,Online fraud,2025-09-14,21:24:00,2025,9,Sunday,21,13.011775,77.671834,Commercial,3,Blunt Object,0,Under Investigation,FIR/2025/006/0830,R,[330],[393],0,325,1,2,7,1,1,6,18
831,12,Mysuru,Theft,Chain snatching,2024-04-12,18:37:00,2024,4,Friday,18,12.415555,76.663388,Public Transport,2,None,48900,Closed - Convicted,FIR/2024/012/0831,AH,"[292, 178]",[551],0,,3,9,29,4,4,2,34
832,13,Mysuru,Cybercrime,Online fraud,2022-08-02,11:08:00,2022,8,Tuesday,11,12.327222,76.555111,Market,3,None,0,Under Investigation,FIR/2022/013/0832,AL,[218],[525],0,,3,2,7,2,4,6,38
833,35,Hassan,Cybercrime,Identity theft,2022-11-20,13:30:00,2022,11,Sunday,13,13.112177,76.157319,Park,4,Firearm,0,Closed - Convicted,FIR/2022/035/0833,DA,[314],[39],1,288,10,2,5,3,2,2,105
834,12,Mysuru,Robbery,Dacoity,2021-07-01,13:21:00,2021,7,Thursday,13,12.283744,76.568409,Market,4,Blunt Object,423079,Closed - Convicted,FIR/2021/012/0834,AJ,"[12, 296]","[168, 573]",1,,3,7,24,2,1,2,36
835,31,Ballari,Fraud,Cheque fraud,2022-10-15,20:27:00,2022,10,Saturday,20,15.164612,77.03184,Public Transport,4,Firearm,172038,Open,FIR/2022/031/0835,CN,[108],[99],0,,9,4,12,4,2,4,92
836,1,Bengaluru Urban,Theft,House break-in,2023-01-27,16:35:00,2023,1,Friday,16,12.960879,77.698895,Park,2,None,227351,Under Investigation,FIR/2023/001/0836,B,"[379, 374, 313]",[387],0,9,1,9,30,3,4,6,2
837,27,Dharwad,Drug Offence,Trafficking,2020-04-01,05:37:00,2020,4,Wednesday,5,15.542007,75.036894,Commercial,5,None,0,Pending Trial,FIR/2020/027/0837,CB,"[42, 14, 389]",[537],1,,8,3,11,1,4,5,80
838,23,Belagavi,Robbery,Dacoity,2023-08-27,13:41:00,2023,8,Sunday,13,15.859977,74.498944,Commercial,5,Blunt Object,464948,Closed - Convicted,FIR/2023/023/0838,BQ,"[352, 50, 197]",[300],1,189,6,7,24,1,1,2,69
839,40,Udupi,Murder,Hired killing,2025-10-19,21:01:00,2025,10,Sunday,21,13.459026,74.688877,Public Transport,5,None,0,Closed - Convicted,FIR/2025/040/0839,DO,"[9, 331]",[419],1,365,12,6,21,4,4,2,119
840,17,Dakshina Kannada,Sexual Assault,Eve-teasing,2024-11-15,20:30:00,2024,11,Friday,20,12.852694,74.910276,Residence,5,Knife,0,Open,FIR/2024/017/0840,AY,[229],[35],0,,5,8,26,5,3,4,51
841,32,Ballari,Assault,Domestic violence,2024-03-21,23:32:00,2024,3,Thursday,23,15.036523,76.900105,Market,4,Firearm,0,Closed - Acquitted,FIR/2024/032/0841,CQ,"[265, 332]",[251],0,263,9,1,2,2,2,1,95
842,23,Belagavi,Theft,Pickpocket,2020-03-30,19:54:00,2020,3,Monday,19,15.835126,74.516445,Commercial,3,None,336960,Pending Trial,FIR/2020/023/0842,BO,"[44, 313]",[2],1,,6,9,31,1,4,5,67
843,32,Ballari,Assault,Gang fight,2025-04-28,10:57:00,2025,4,Monday,10,15.098011,76.836603,Residence,4,None,0,Closed - Convicted,FIR/2025/032/0843,CQ,"[383, 217, 111]",[289],0,126,9,1,3,5,4,2,95
844,15,Tumakuru,Theft,Pickpocket,2021-09-08,13:14:00,2021,9,Wednesday,13,13.381011,77.018607,Road,3,None,464471,Under Investigation,FIR/2021/015/0844,AQ,"[381, 25]",[226],0,,4,9,31,6,4,6,43
845,12,Mysuru,Cybercrime,Identity theft,2024-05-08,15:25:00,2024,5,Wednesday,15,12.250959,76.529274,Commercial,3,Firearm,0,Pending Trial,FIR/2024/012/0845,AI,"[284, 310]",[508],0,,3,2,5,1,2,5,35
846,16,Tumakuru,Kidnapping,Human trafficking,2023-10-01,13:37:00,2023,10,Sunday,13,13.263562,77.177277,Public Transport,5,Firearm,0,Under Investigation,FIR/2023/016/0846,AV,"[15, 386]",[488],1,,4,5,17,4,2,6,48
847,2,Bengaluru Urban,Kidnapping,Child abduction,2024-09-21,06:22:00,2024,9,Saturday,6,12.994825,77.558776,Residence,5,None,0,Closed - Convicted,FIR/2024/002/0847,D,[39],[483],0,,1,5,16,5,4,2,4
848,3,Bengaluru Urban,Assault,Road rage,2020-05-17,14:23:00,2020,5,Sunday,14,13.025833,77.510604,Commercial,3,None,0,Closed - Convicted,FIR/2020/003/0848,G,"[370, 135]",[538],1,103,1,1,4,1,4,2,7
849,9,Bengaluru Rural,Kidnapping,Child abduction,2020-05-10,21:43:00,2020,5,Sunday,21,13.239666,77.450935,Road,5,None,0,Closed - Convicted,FIR/2020/009/0849,AA,"[134, 239, 15]","[585, 81]",0,,2,5,16,6,4,2,27
850,24,Kalaburagi,Fraud,Cheque fraud,2020-11-18,19:44:00,2020,11,Wednesday,19,17.330147,76.856277,Road,4,None,464902,Under Investigation,FIR/2020/024/0850,BR,[161],"[89, 561]",0,219,7,4,12,6,4,6,70
851,5,Bengaluru Urban,Robbery,Mugging,2025-04-10,22:27:00,2025,4,Thursday,22,12.974174,77.657988,Market,4,Firearm,384343,Closed - Convicted,FIR/2025/005/0851,O,[250],[288],0,,1,7,25,2,2,2,15
852,25,Kalaburagi,Assault,Domestic violence,2020-03-05,19:23:00,2020,3,Thursday,19,17.298226,76.796642,Commercial,4,None,0,Open,FIR/2020/025/0852,BV,"[192, 9]",[70],1,361,7,1,2,1,4,4,74
853,12,Mysuru,Assault,Road rage,2020-03-12,20:17:00,2020,3,Thursday,20,12.339098,76.668954,Commercial,3,None,0,Under Investigation,FIR/2020/012/0853,AI,[80],[57],1,249,3,1,4,1,4,6,35
854,20,Belagavi,Assault,Domestic violence,2022-05-23,20:37:00,2022,5,Monday,20,15.790499,74.553676,Commercial,4,None,0,Open,FIR/2022/020/0854,BG,[86],[307],1,345,6,1,2,1,4,4,59
855,11,Mysuru,Sexual Assault,Molestation,2025-08-28,10:41:00,2025,8,Thursday,10,12.261564,76.539101,Public Transport,5,Firearm,0,Under Investigation,FIR/2025/011/0855,AG,"[350, 359, 387]","[424, 318]",0,,3,8,27,4,2,6,33
856,5,Bengaluru Urban,Assault,Domestic violence,2020-02-05,16:22:00,2020,2,Wednesday,16,12.898543,77.690768,Park,3,Blunt Object,0,Closed - Convicted,FIR/2020/005/0856,N,"[396, 163, 274]","[358, 216]",1,282,1,1,2,3,1,2,14
857,39,Udupi,Robbery,Dacoity,2020-08-25,12:33:00,2020,8,Tuesday,12,13.433586,74.812577,Commercial,4,Knife,423441,Under Investigation,FIR/2020/039/0857,DL,[88],"[568, 385]",1,318,12,7,24,1,3,6,116
858,12,Mysuru,Theft,Vehicle theft,2021-02-01,12:14:00,2021,2,Monday,12,12.358729,76.656666,Residence,2,None,279377,Open,FIR/2021/012/0858,AH,[367],[57],1,311,3,9,32,5,4,4,34
859,12,Mysuru,Robbery,Armed robbery,2021-02-25,21:38:00,2021,2,Thursday,21,12.313616,76.698095,Road,4,Blunt Object,164833,Open,FIR/2021/012/0859,AJ,[391],"[105, 178]",1,,3,7,23,6,1,4,36
860,19,Dakshina Kannada,Drug Offence,Possession,2022-03-16,13:05:00,2022,3,Wednesday,13,12.877667,74.956986,Road,4,Knife,0,Under Investigation,FIR/2022/019/0860,BC,"[33, 165]",[195],0,,5,3,10,6,3,6,55
861,7,Bengaluru Rural,Sexual Assault,Eve-teasing,2024-07-26,16:39:00,2024,7,Friday,16,13.237875,77.522787,Market,5,Knife,0,Under Investigation,FIR/2024/007/0861,U,[380],"[443, 244]",1,,2,8,26,2,3,6,21
862,12,Mysuru,Assault,Brawl,2021-08-02,21:39:00,2021,8,Monday,21,12.319308,76.601298,Road,3,Firearm,0,Pending Trial,FIR/2021/012/0862,AI,[158],[106],0,316,3,1,1,6,2,5,35
863,6,Bengaluru Urban,Theft,Vehicle theft,2021-10-17,08:16:00,2021,10,Sunday,8,13.029213,77.571679,Market,2,None,424962,Under Investigation,FIR/2021/006/0863,P,[258],"[156, 86]",1,,1,9,32,2,4,6,16
864,40,Udupi,Assault,Gang fight,2021-08-21,09:33:00,2021,8,Saturday,9,13.285938,74.759604,Residence,3,None,0,Closed - Convicted,FIR/2021/040/0864,DP,"[45, 382, 2]",[583],0,,12,1,3,5,4,2,120
865,23,Belagavi,Assault,Domestic violence,2025-02-10,10:45:00,2025,2,Monday,10,15.764684,74.38889,Market,4,None,0,Under Investigation,FIR/2025/023/0865,BP,"[238, 137]",[506],0,313,6,1,2,2,4,6,68
866,23,Belagavi,Theft,House break-in,2022-02-01,04:51:00,2022,2,Tuesday,4,15.892154,74.500513,Road,3,None,422583,Under Investigation,FIR/2022/023/0866,BO,"[329, 12, 362]","[529, 410]",1,,6,9,30,6,4,6,67
867,12,Mysuru,Theft,Chain snatching,2024-01-08,15:56:00,2024,1,Monday,15,12.284077,76.712514,Road,2,None,134834,Closed - Acquitted,FIR/2024/012/0867,AH,"[311, 175]",[594],0,,3,9,29,6,4,1,34
868,22,Belagavi,Assault,Road rage,2022-04-16,21:06:00,2022,4,Saturday,21,15.808715,74.579539,Public Transport,4,Blunt Object,0,Under Investigation,FIR/2022/022/0868,BM,[69],[573],0,218,6,1,4,4,1,6,65
869,40,Udupi,Cybercrime,Identity theft,2020-10-30,18:24:00,2020,10,Friday,18,13.233492,74.777417,Road,3,None,0,Closed - Acquitted,FIR/2020/040/0869,DP,"[71, 303]",[91],1,302,12,2,5,6,4,1,120
870,18,Dakshina Kannada,Cybercrime,Investment scam,2020-11-22,01:39:00,2020,11,Sunday,1,12.845946,74.919755,Park,3,Knife,0,Closed - Convicted,FIR/2020/018/0870,BB,[370],[534],0,,5,2,6,3,3,2,54
871,20,Belagavi,Theft,Pickpocket,2022-11-29,16:51:00,2022,11,Tuesday,16,15.741167,74.464505,Road,3,None,385570,Under Investigation,FIR/2022/020/0871,BF,[66],[368],1,,6,9,31,6,4,6,58
872,15,Tumakuru,Theft,Chain snatching,2025-07-14,16:51:00,2025,7,Monday,16,13.425388,77.179493,Commercial,3,None,199228,Closed - Convicted,FIR/2025/015/0872,AQ,[321],[424],0,340,4,9,29,1,4,2,43
873,35,Hassan,Cybercrime,Identity theft,2025-11-22,16:45:00,2025,11,Saturday,16,12.887186,76.163646,Road,4,Firearm,0,Pending Trial,FIR/2025/035/0873,DA,[79],[215],1,,10,2,5,6,2,5,105
874,28,Dharwad,Assault,Gang fight,2025-07-21,17:01:00,2025,7,Monday,17,15.434714,74.965547,Commercial,4,Blunt Object,0,Under Investigation,FIR/2025/028/0874,CE,[246],"[288, 589]",1,,8,1,3,1,1,6,83
875,6,Bengaluru Urban,Kidnapping,Child abduction,2023-11-12,19:50:00,2023,11,Sunday,19,12.995528,77.512674,Market,5,Firearm,0,Pending Trial,FIR/2023/006/0875,P,[319],[551],1,,1,5,16,2,2,5,16
876,34,Hassan,Robbery,Armed robbery,2024-10-21,19:20:00,2024,10,Monday,19,13.088167,76.136759,Residence,5,Knife,321455,Under Investigation,FIR/2024/034/0876,CW,"[317, 253]",[343],1,329,10,7,23,5,3,6,101
877,28,Dharwad,Robbery,Armed robbery,2024-07-09,17:33:00,2024,7,Tuesday,17,15.39592,75.06123,Residence,5,None,437817,Open,FIR/2024/028/0877,CF,"[26, 290, 106]",[517],0,168,8,7,23,5,4,4,84
878,37,Shivamogga,Assault,Domestic violence,2021-12-07,08:09:00,2021,12,Tuesday,8,13.877283,75.578048,Public Transport,4,Firearm,0,Under Investigation,FIR/2021/037/0878,DG,"[157, 396]",[172],0,,11,1,2,4,2,6,111
879,28,Dharwad,Cybercrime,Online fraud,2020-12-05,16:55:00,2020,12,Saturday,16,15.346961,74.889746,Commercial,4,None,0,Under Investigation,FIR/2020/028/0879,CF,[154],[74],0,,8,2,7,1,4,6,84
880,26,Kalaburagi,Vandalism,Graffiti,2021-03-03,11:20:00,2021,3,Wednesday,11,17.309739,76.718085,Public Transport,3,None,0,Closed - Acquitted,FIR/2021/026/0880,BX,[79],"[42, 448]",0,70,7,10,34,4,4,1,76
881,4,Bengaluru Urban,Cybercrime,Identity theft,2024-06-06,20:54:00,2024,6,Thursday,20,13.001372,77.489712,Public Transport,3,Firearm,0,Closed - Convicted,FIR/2024/004/0881,K,[79],[358],0,22,1,2,5,4,2,2,11
882,11,Mysuru,Vandalism,Graffiti,2023-08-07,20:56:00,2023,8,Monday,20,12.331562,76.676926,Commercial,2,None,0,Closed - Acquitted,FIR/2023/011/0882,AF,[11],[465],1,94,3,10,34,1,4,1,32
883,27,Dharwad,Theft,House break-in,2024-06-16,16:41:00,2024,6,Sunday,16,15.408157,74.982702,Public Transport,3,None,435230,Under Investigation,FIR/2024/027/0883,CA,[313],[23],0,,8,9,30,4,4,6,79
884,39,Udupi,Assault,Gang fight,2025-06-02,06:23:00,2025,6,Monday,6,13.358321,74.787218,Commercial,3,None,0,Closed - Convicted,FIR/2025/039/0884,DM,[158],[170],0,345,12,1,3,1,4,2,117
885,16,Tumakuru,Assault,Road rage,2025-05-03,15:28:00,2025,5,Saturday,15,13.302021,77.184532,Commercial,4,Knife,0,Closed - Convicted,FIR/2025/016/0885,AU,[19],[371],0,157,4,1,4,1,3,2,47
886,15,Tumakuru,Vandalism,Graffiti,2025-04-12,07:31:00,2025,4,Saturday,7,13.424258,77.189469,Commercial,3,None,0,Closed - Convicted,FIR/2025/015/0886,AS,[73],[597],0,,4,10,34,1,4,2,45
887,16,Tumakuru,Theft,Pickpocket,2023-11-17,17:23:00,2023,11,Friday,17,13.329889,77.235886,Public Transport,3,None,450262,Under Investigation,FIR/2023/016/0887,AT,"[57, 64]","[259, 474]",0,37,4,9,31,4,4,6,46
888,17,Dakshina Kannada,Cybercrime,Investment scam,2021-06-30,22:22:00,2021,6,Wednesday,22,12.836192,74.990116,Market,3,None,0,Closed - Convicted,FIR/2021/017/0888,AY,[54],[277],1,333,5,2,6,2,4,2,51
889,24,Kalaburagi,Assault,Road rage,2021-09-13,08:55:00,2021,9,Monday,8,17.297712,76.803791,Commercial,4,Firearm,0,Closed - Convicted,FIR/2021/024/0889,BS,[397],[597],1,,7,1,4,1,2,2,71
890,27,Dharwad,Robbery,Armed robbery,2025-12-14,18:40:00,2025,12,Sunday,18,15.525307,74.986331,Public Transport,5,None,157592,Open,FIR/2025/027/0890,CB,[380],[310],1,,8,7,23,4,4,4,80
891,29,Dharwad,Cybercrime,Online fraud,2022-11-08,18:31:00,2022,11,Tuesday,18,15.456294,75.082046,Market,4,Knife,0,Closed - Convicted,FIR/2022/029/0891,CH,"[126, 149]",[358],0,,8,2,7,2,3,2,86
892,19,Dakshina Kannada,Robbery,Mugging,2020-05-31,02:29:00,2020,5,Sunday,2,12.869836,74.963193,Market,4,None,397399,Open,FIR/2020/019/0892,BC,[236],[32],0,,5,7,25,2,4,4,55
893,18,Dakshina Kannada,Assault,Gang fight,2024-11-06,09:38:00,2024,11,Wednesday,9,12.85076,74.945316,Park,3,None,0,Closed - Convicted,FIR/2024/018/0893,BA,[361],[374],1,128,5,1,3,3,4,2,53
894,23,Belagavi,Vandalism,Graffiti,2025-06-16,21:23:00,2025,6,Monday,21,15.92064,74.546475,Residence,3,None,0,Open,FIR/2025/023/0894,BP,[24],[466],1,110,6,10,34,5,4,4,68
895,15,Tumakuru,Fraud,Cheque fraud,2022-03-05,06:00:00,2022,3,Saturday,6,13.263395,77.142164,Public Transport,4,Firearm,446203,Closed - Convicted,FIR/2022/015/0895,AS,"[159, 85, 253]",[233],0,,4,4,12,4,2,2,45
896,37,Shivamogga,Robbery,Armed robbery,2023-01-02,10:01:00,2023,1,Monday,10,13.994135,75.681714,Market,5,Firearm,442226,Under Investigation,FIR/2023/037/0896,DE,"[341, 27]","[234, 373]",1,90,11,7,23,2,2,6,109
897,22,Belagavi,Theft,Chain snatching,2022-08-29,20:30:00,2022,8,Monday,20,15.956734,74.54751,Public Transport,3,None,492292,Closed - Convicted,FIR/2022/022/0897,BL,"[73, 260]","[536, 400]",0,,6,9,29,4,4,2,64
898,11,Mysuru,Theft,Vehicle theft,2023-08-13,13:51:00,2023,8,Sunday,13,12.397385,76.659939,Park,2,None,453586,Under Investigation,FIR/2023/011/0898,AE,"[280, 291]","[151, 342]",0,323,3,9,32,3,4,6,31
899,18,Dakshina Kannada,Robbery,Mugging,2022-05-29,18:23:00,2022,5,Sunday,18,12.799886,74.938738,Market,4,None,179625,Open,FIR/2022/018/0899,BB,[267],[546],1,,5,7,25,2,4,4,54
900,22,Belagavi,Theft,Vehicle theft,2021-02-14,10:37:00,2021,2,Sunday,10,15.9307,74.551046,Public Transport,3,None,492358,Open,FIR/2021/022/0900,BL,[400],[287],1,39,6,9,32,4,4,4,64
901,17,Dakshina Kannada,Cybercrime,Identity theft,2022-03-23,11:20:00,2022,3,Wednesday,11,12.73812,74.893387,Road,3,None,0,Open,FIR/2022/017/0901,AY,[87],[399],0,,5,2,5,6,4,4,51
902,31,Ballari,Theft,Pickpocket,2024-09-23,15:42:00,2024,9,Monday,15,15.045418,76.931831,Road,3,None,253326,Under Investigation,FIR/2024/031/0902,CM,"[194, 74]",[383],0,49,9,9,31,6,4,6,91
903,32,Ballari,Theft,House break-in,2025-11-14,16:25:00,2025,11,Friday,16,15.177025,76.826115,Market,3,None,84848,Under Investigation,FIR/2025/032/0903,CP,[295],[232],1,315,9,9,30,2,4,6,94
904,28,Dharwad,Assault,Brawl,2020-12-07,12:02:00,2020,12,Monday,12,15.55639,75.068456,Park,4,None,0,Pending Trial,FIR/2020/028/0904,CE,"[11, 199]",[257],0,67,8,1,1,3,4,5,83
905,22,Belagavi,Fraud,Cheque fraud,2025-01-19,08:03:00,2025,1,Sunday,8,15.746296,74.58491,Residence,4,Blunt Object,205132,Under Investigation,FIR/2025/022/0905,BN,[52],[558],1,171,6,4,12,5,1,6,66
906,16,Tumakuru,Theft,Vehicle theft,2024-06-18,20:08:00,2024,6,Tuesday,20,13.299723,77.038549,Market,3,None,487180,Closed - Convicted,FIR/2024/016/0906,AT,"[72, 90]",[586],0,,4,9,32,2,4,2,46
907,33,Hassan,Theft,Vehicle theft,2022-03-26,10:34:00,2022,3,Saturday,10,13.007637,76.05183,Commercial,3,None,235213,Under Investigation,FIR/2022/033/0907,CS,"[319, 328]",[419],0,,10,9,32,1,4,6,97
908,22,Belagavi,Sexual Assault,Rape,2022-06-10,13:45:00,2022,6,Friday,13,15.73594,74.416802,Park,5,None,0,Open,FIR/2022/022/0908,BM,[25],"[91, 155]",1,,6,8,28,3,4,4,65
909,38,Shivamogga,Drug Offence,Distribution,2020-02-18,20:21:00,2020,2,Tuesday,20,14.016857,75.557011,Market,5,None,0,Open,FIR/2020/038/0909,DJ,[253],[498],0,,11,3,9,2,4,4,114
910,37,Shivamogga,Robbery,Armed robbery,2022-11-04,00:24:00,2022,11,Friday,0,13.832273,75.542218,Park,5,Knife,109489,Under Investigation,FIR/2022/037/0910,DE,[119],[569],1,,11,7,23,3,3,6,109
911,30,Ballari,Drug Offence,Trafficking,2025-02-16,18:55:00,2025,2,Sunday,18,15.22525,76.803654,Market,5,None,0,Closed - Convicted,FIR/2025/030/0911,CL,[159],[466],0,,9,3,11,2,4,2,90
912,16,Tumakuru,Theft,Vehicle theft,2021-12-26,20:37:00,2021,12,Sunday,20,13.39752,77.170715,Road,3,None,408672,Open,FIR/2021/016/0912,AT,[387],"[271, 349]",0,,4,9,32,6,4,4,46
913,38,Shivamogga,Robbery,Mugging,2022-06-08,07:34:00,2022,6,Wednesday,7,13.892565,75.452788,Public Transport,5,Blunt Object,408656,Closed - Acquitted,FIR/2022/038/0913,DJ,[149],[53],0,,11,7,25,4,1,1,114
914,20,Belagavi,Fraud,Impersonation,2021-04-25,05:06:00,2021,4,Sunday,5,15.958507,74.515971,Public Transport,4,Knife,241872,Open,FIR/2021/020/0914,BH,[231],[360],1,296,6,4,13,4,3,4,60
915,14,Tumakuru,Theft,House break-in,2023-01-04,19:01:00,2023,1,Wednesday,19,13.357093,77.143425,Market,3,None,218555,Open,FIR/2023/014/0915,AN,[351],[358],0,,4,9,30,2,4,4,40
916,12,Mysuru,Sexual Assault,Eve-teasing,2024-07-28,16:13:00,2024,7,Sunday,16,12.399357,76.707029,Public Transport,5,Firearm,0,Under Investigation,FIR/2024/012/0916,AJ,[320],[454],1,,3,8,26,4,2,6,36
917,37,Shivamogga,Assault,Gang fight,2021-08-14,15:14:00,2021,8,Saturday,15,13.951322,75.659142,Road,4,Firearm,0,Closed - Convicted,FIR/2021/037/0917,DG,"[228, 36]",[88],1,,11,1,3,6,2,2,111
918,12,Mysuru,Theft,Pickpocket,2024-07-24,18:57:00,2024,7,Wednesday,18,12.216102,76.567812,Residence,2,None,113075,Closed - Convicted,FIR/2024/012/0918,AH,[351],"[248, 54]",1,206,3,9,31,5,4,2,34
919,2,Bengaluru Urban,Fraud,Impersonation,2022-11-25,18:14:00,2022,11,Friday,18,12.852153,77.621473,Commercial,3,None,313936,Under Investigation,FIR/2022/002/0919,D,"[98, 175]",[402],1,,1,4,13,1,4,6,4
920,4,Bengaluru Urban,Theft,Chain snatching,2022-12-21,21:33:00,2022,12,Wednesday,21,12.984965,77.543544,Park,2,None,331219,Closed - Convicted,FIR/2022/004/0920,L,[175],[120],0,186,1,9,29,3,4,2,12
921,23,Belagavi,Vandalism,Property destruction,2025-12-08,11:20:00,2025,12,Monday,11,15.836276,74.560132,Public Transport,3,None,0,Closed - Convicted,FIR/2025/023/0921,BQ,[68],[31],0,,6,10,35,4,4,2,69
922,35,Hassan,Robbery,Dacoity,2022-01-09,19:14:00,2022,1,Sunday,19,13.115029,76.020808,Park,5,None,473729,Under Investigation,FIR/2022/035/0922,CZ,[39],"[36, 96]",0,,10,7,24,3,4,6,104
923,37,Shivamogga,Cybercrime,Investment scam,2025-11-18,22:10:00,2025,11,Tuesday,22,13.934555,75.496816,Commercial,4,Firearm,0,Open,FIR/2025/037/0923,DF,"[40, 129]","[318, 582]",0,,11,2,6,1,2,4,110
924,26,Kalaburagi,Robbery,Armed robbery,2024-10-15,10:15:00,2024,10,Tuesday,10,17.25356,76.84791,Market,5,None,93741,Under Investigation,FIR/2024/026/0924,BY,[3],[81],0,11,7,7,23,2,4,6,77
925,10,Mysuru,Cybercrime,Online fraud,2020-12-02,15:56:00,2020,12,Wednesday,15,12.247214,76.746708,Market,3,None,0,Open,FIR/2020/010/0925,AD,[142],[141],1,239,3,2,7,2,4,4,30
926,21,Belagavi,Cybercrime,Online fraud,2021-02-04,14:10:00,2021,2,Thursday,14,15.893031,74.485056,Road,4,Firearm,0,Under Investigation,FIR/2021/021/0926,BK,[27],[408],1,,6,2,7,6,2,6,63
927,13,Mysuru,Theft,House break-in,2025-09-10,21:09:00,2025,9,Wednesday,21,12.341111,76.57128,Road,2,None,453209,Under Investigation,FIR/2025/013/0927,AK,[330],[51],1,249,3,9,30,6,4,6,37
928,5,Bengaluru Urban,Theft,House break-in,2025-08-10,17:06:00,2025,8,Sunday,17,12.962073,77.497557,Park,2,None,444084,Pending Trial,FIR/2025/005/0928,M,[55],[509],1,38,1,9,30,3,4,5,13
929,37,Shivamogga,Theft,Pickpocket,2021-09-25,19:46:00,2021,9,Saturday,19,13.840219,75.502543,Commercial,3,None,301648,Closed - Convicted,FIR/2021/037/0929,DF,[290],[4],0,,11,9,31,1,4,2,110
930,38,Shivamogga,Sexual Assault,Rape,2024-03-03,08:51:00,2024,3,Sunday,8,13.912946,75.498743,Road,5,Firearm,0,Under Investigation,FIR/2024/038/0930,DH,"[228, 43]",[169],0,159,11,8,28,6,2,6,112
931,12,Mysuru,Theft,Chain snatching,2022-09-02,09:26:00,2022,9,Friday,9,12.207069,76.66371,Residence,2,None,157485,Closed - Convicted,FIR/2022/012/0931,AH,[280],[72],0,331,3,9,29,5,4,2,34
932,28,Dharwad,Drug Offence,Trafficking,2025-05-20,19:56:00,2025,5,Tuesday,19,15.410196,75.040286,Public Transport,5,None,0,Closed - Convicted,FIR/2025/028/0932,CD,[176],"[474, 532]",1,208,8,3,11,4,4,2,82
933,20,Belagavi,Theft,Pickpocket,2021-10-03,17:58:00,2021,10,Sunday,17,15.912796,74.432035,Public Transport,3,None,304706,Closed - Acquitted,FIR/2021/020/0933,BF,"[332, 10, 329]",[301],1,147,6,9,31,4,4,1,58
934,1,Bengaluru Urban,Cybercrime,Investment scam,2023-12-22,15:14:00,2023,12,Friday,15,12.882187,77.685555,Residence,3,Knife,0,Under Investigation,FIR/2023/001/0934,C,[356],[142],1,,1,2,6,5,3,6,3
935,15,Tumakuru,Theft,Pickpocket,2023-01-04,21:03:00,2023,1,Wednesday,21,13.380805,77.032894,Residence,3,None,429702,Open,FIR/2023/015/0935,AQ,[364],[472],1,,4,9,31,5,4,4,43
936,22,Belagavi,Assault,Brawl,2020-02-17,16:04:00,2020,2,Monday,16,15.75991,74.52419,Public Transport,4,Knife,0,Open,FIR/2020/022/0936,BM,[169],[280],0,,6,1,1,4,3,4,65
937,21,Belagavi,Cybercrime,Investment scam,2025-05-25,22:51:00,2025,5,Sunday,22,15.965605,74.437507,Market,4,Knife,0,Under Investigation,FIR/2025/021/0937,BK,[87],[168],1,104,6,2,6,2,3,6,63
938,10,Mysuru,Cybercrime,Online fraud,2020-06-04,05:40:00,2020,6,Thursday,5,12.247947,76.628188,Public Transport,3,Blunt Object,0,Under Investigation,FIR/2020/010/0938,AD,[331],[150],1,,3,2,7,4,1,6,30
939,4,Bengaluru Urban,Drug Offence,Trafficking,2021-12-22,08:15:00,2021,12,Wednesday,8,13.000218,77.618286,Commercial,4,Knife,0,Pending Trial,FIR/2021/004/0939,K,"[384, 32]",[454],1,,1,3,11,1,3,5,11
940,37,Shivamogga,Robbery,Armed robbery,2023-02-09,10:54:00,2023,2,Thursday,10,13.996589,75.589691,Public Transport,5,Blunt Object,363810,Under Investigation,FIR/2023/037/0940,DE,[353],[526],1,,11,7,23,4,1,6,109
941,33,Hassan,Theft,Vehicle theft,2022-10-05,15:59:00,2022,10,Wednesday,15,12.953336,76.039953,Public Transport,3,None,162647,Open,FIR/2022/033/0941,CS,"[348, 107]",[236],1,,10,9,32,4,4,4,97
942,17,Dakshina Kannada,Theft,House break-in,2022-02-20,15:52:00,2022,2,Sunday,15,12.736992,74.925236,Residence,2,None,430702,Open,FIR/2022/017/0942,AX,[38],[129],0,183,5,9,30,5,4,4,50
943,21,Belagavi,Assault,Gang fight,2020-08-09,17:17:00,2020,8,Sunday,17,15.897283,74.443312,Public Transport,4,Knife,0,Open,FIR/2020/021/0943,BJ,[332],"[307, 350]",1,,6,1,3,4,3,4,62
944,6,Bengaluru Urban,Theft,Vehicle theft,2025-09-22,19:31:00,2025,9,Monday,19,12.869688,77.496472,Commercial,2,None,375126,Closed - Convicted,FIR/2025/006/0944,P,[376],"[354, 22]",0,36,1,9,32,1,4,2,16
945,40,Udupi,Drug Offence,Trafficking,2021-03-26,15:44:00,2021,3,Friday,15,13.402448,74.708006,Market,4,None,0,Open,FIR/2021/040/0945,DN,"[201, 222, 119]",[528],1,,12,3,11,2,4,4,118
946,28,Dharwad,Theft,Chain snatching,2021-07-03,18:42:00,2021,7,Saturday,18,15.467647,74.975324,Public Transport,3,None,228494,Pending Trial,FIR/2021/028/0946,CD,"[222, 122, 162]",[1],1,311,8,9,29,4,4,5,82
947,36,Shivamogga,Cybercrime,Phishing,2024-09-16,15:28:00,2024,9,Monday,15,13.828463,75.493663,Road,4,None,0,Closed - Convicted,FIR/2024/036/0947,DD,[217],[518],1,,11,2,8,6,4,2,108
948,27,Dharwad,Drug Offence,Possession,2022-06-05,15:09:00,2022,6,Sunday,15,15.462127,75.008001,Public Transport,5,None,0,Open,FIR/2022/027/0948,CC,[305],[288],0,261,8,3,10,4,4,4,81
949,31,Ballari,Drug Offence,Distribution,2023-12-14,20:33:00,2023,12,Thursday,20,15.104173,76.902311,Commercial,5,Firearm,0,Closed - Convicted,FIR/2023/031/0949,CO,[180],[391],1,18,9,3,9,1,2,2,93
950,1,Bengaluru Urban,Assault,Domestic violence,2025-06-22,00:52:00,2025,6,Sunday,0,13.004796,77.607554,Public Transport,3,None,0,Under Investigation,FIR/2025/001/0950,A,"[149, 230]",[198],0,365,1,1,2,4,4,6,1
951,2,Bengaluru Urban,Kidnapping,Ransom,2020-07-22,15:38:00,2020,7,Wednesday,15,13.063834,77.657056,Commercial,5,Knife,0,Closed - Convicted,FIR/2020/002/0951,D,[292],[262],0,199,1,5,18,1,3,2,4
952,31,Ballari,Theft,Pickpocket,2024-11-15,16:33:00,2024,11,Friday,16,15.119686,76.890818,Road,3,None,222815,Under Investigation,FIR/2024/031/0952,CM,"[173, 391]",[104],1,,9,9,31,6,4,6,91
953,24,Kalaburagi,Fraud,Land grab,2023-05-28,19:59:00,2023,5,Sunday,19,17.330607,76.934165,Residence,4,Knife,277482,Closed - Acquitted,FIR/2023/024/0953,BT,"[108, 302]","[17, 34]",1,,7,4,15,5,3,1,72
954,16,Tumakuru,Drug Offence,Distribution,2025-05-07,11:50:00,2025,5,Wednesday,11,13.380382,77.021161,Public Transport,5,None,0,Under Investigation,FIR/2025/016/0954,AV,[286],[165],0,53,4,3,9,4,4,6,48
955,10,Mysuru,Theft,Pickpocket,2021-07-21,12:52:00,2021,7,Wednesday,12,12.2529,76.677364,Market,2,None,295480,Closed - Convicted,FIR/2021/010/0955,AB,"[152, 303, 17]",[38],0,,3,9,31,2,4,2,28
956,41,Udupi,Assault,Gang fight,2021-07-07,07:24:00,2021,7,Wednesday,7,13.272393,74.670627,Road,3,None,0,Closed - Convicted,FIR/2021/041/0956,DQ,"[145, 128]",[61],1,,12,1,3,6,4,2,121
957,40,Udupi,Kidnapping,Ransom,2025-07-07,11:45:00,2025,7,Monday,11,13.325944,74.758453,Residence,5,Blunt Object,0,Closed - Convicted,FIR/2025/040/0957,DO,"[212, 161, 139]",[397],1,,12,5,18,5,1,2,119
958,25,Kalaburagi,Theft,House break-in,2021-09-27,12:49:00,2021,9,Monday,12,17.306713,76.715303,Road,3,None,195182,Under Investigation,FIR/2021/025/0958,BU,[20],[294],0,,7,9,30,6,4,6,73
959,7,Bengaluru Rural,Theft,Pickpocket,2024-02-20,19:36:00,2024,2,Tuesday,19,13.276856,77.472249,Road,3,None,176587,Open,FIR/2024/007/0959,S,[323],[520],1,,2,9,31,6,4,4,19
960,8,Bengaluru Rural,Fraud,Land grab,2021-06-04,16:33:00,2021,6,Friday,16,13.263718,77.564319,Public Transport,4,None,171119,Open,FIR/2021/008/0960,V,"[299, 286]",[199],1,,2,4,15,4,4,4,22
961,19,Dakshina Kannada,Robbery,Armed robbery,2020-03-01,20:10:00,2020,3,Sunday,20,12.786085,75.003277,Residence,4,Firearm,123053,Under Investigation,FIR/2020/019/0961,BC,[279],"[196, 73]",1,,5,7,23,5,2,6,55
962,8,Bengaluru Rural,Sexual Assault,Molestation,2021-09-16,14:43:00,2021,9,Thursday,14,13.219519,77.476928,Market,5,Blunt Object,0,Under Investigation,FIR/2021/008/0962,X,[63],[255],1,,2,8,27,2,1,6,24
963,6,Bengaluru Urban,Murder,Gang rivalry,2021-02-21,20:51:00,2021,2,Sunday,20,12.881647,77.550279,Market,5,Firearm,0,Under Investigation,FIR/2021/006/0963,Q,"[337, 347, 307]",[312],0,24,1,6,20,2,2,6,17
964,15,Tumakuru,Theft,House break-in,2021-01-16,06:48:00,2021,1,Saturday,6,13.242775,77.223828,Road,3,None,365642,Closed - Convicted,FIR/2021/015/0964,AQ,"[288, 325, 54]",[351],0,301,4,9,30,6,4,2,43
965,1,Bengaluru Urban,Robbery,Mugging,2020-06-06,14:23:00,2020,6,Saturday,14,12.989006,77.540574,Market,4,Blunt Object,240528,Under Investigation,FIR/2020/001/0965,B,[198],[304],1,182,1,7,25,2,1,6,2
966,25,Kalaburagi,Theft,Chain snatching,2021-05-27,12:29:00,2021,5,Thursday,12,17.444112,76.858214,Residence,3,None,449761,Cold Case,FIR/2021/025/0966,BU,"[233, 372]",[228],1,,7,9,29,5,4,3,73
967,40,Udupi,Sexual Assault,Eve-teasing,2025-01-16,22:38:00,2025,1,Thursday,22,13.280164,74.64767,Residence,5,None,0,Under Investigation,FIR/2025/040/0967,DN,[383],"[296, 92]",1,115,12,8,26,5,4,6,118
968,11,Mysuru,Assault,Gang fight,2023-12-07,19:04:00,2023,12,Thursday,19,12.309365,76.602844,Road,3,None,0,Cold Case,FIR/2023/011/0968,AG,"[204, 124, 45]",[38],0,49,3,1,3,6,4,3,33
969,11,Mysuru,Robbery,Mugging,2020-06-02,12:59:00,2020,6,Tuesday,12,12.190544,76.625195,Public Transport,4,None,333525,Closed - Convicted,FIR/2020/011/0969,AF,"[205, 238, 307]",[575],1,36,3,7,25,4,4,2,32
970,30,Ballari,Theft,Vehicle theft,2024-07-18,23:01:00,2024,7,Thursday,23,15.240525,76.910839,Residence,3,None,342801,Under Investigation,FIR/2024/030/0970,CJ,[386],[498],0,,9,9,32,5,4,6,88
971,3,Bengaluru Urban,Assault,Brawl,2021-03-29,07:28:00,2021,3,Monday,7,13.020436,77.57615,Residence,3,None,0,Under Investigation,FIR/2021/003/0971,G,[19],[25],0,,1,1,1,5,4,6,7
972,22,Belagavi,Fraud,Impersonation,2025-01-07,10:14:00,2025,1,Tuesday,10,15.88944,74.502256,Residence,4,None,297558,Cold Case,FIR/2025/022/0972,BN,"[374, 209]","[351, 384]",1,120,6,4,13,5,4,3,66
973,24,Kalaburagi,Theft,Pickpocket,2020-08-14,18:39:00,2020,8,Friday,18,17.35026,76.757527,Market,3,None,321610,Under Investigation,FIR/2020/024/0973,BR,"[179, 110]",[115],1,,7,9,31,2,4,6,70
974,14,Tumakuru,Vandalism,Graffiti,2024-10-17,09:58:00,2024,10,Thursday,9,13.339476,77.169538,Commercial,3,None,0,Closed - Acquitted,FIR/2024/014/0974,AO,[101],[574],0,319,4,10,34,1,4,1,41
975,10,Mysuru,Fraud,Impersonation,2025-01-30,11:05:00,2025,1,Thursday,11,12.194578,76.741493,Public Transport,3,Blunt Object,204743,Under Investigation,FIR/2025/010/0975,AC,[296],[128],1,329,3,4,13,4,1,6,29
976,7,Bengaluru Rural,Assault,Domestic violence,2023-08-01,08:38:00,2023,8,Tuesday,8,13.290001,77.476844,Park,4,None,0,Pending Trial,FIR/2023/007/0976,T,[13],[571],1,304,2,1,2,3,4,5,20
977,35,Hassan,Cybercrime,Investment scam,2020-03-04,18:18:00,2020,3,Wednesday,18,13.037614,76.058938,Commercial,4,None,0,Open,FIR/2020/035/0977,DA,[119],[244],0,,10,2,6,1,4,4,105
978,26,Kalaburagi,Kidnapping,Human trafficking,2021-09-10,08:20:00,2021,9,Friday,8,17.4098,76.869927,Road,5,None,0,Closed - Convicted,FIR/2021/026/0978,BX,[319],"[399, 55]",0,,7,5,17,6,4,2,76
979,6,Bengaluru Urban,Fraud,Impersonation,2020-10-29,20:04:00,2020,10,Thursday,20,12.961922,77.609444,Road,3,None,496793,Open,FIR/2020/006/0979,R,"[395, 383]",[527],1,,1,4,13,6,4,4,18
980,33,Hassan,Theft,Vehicle theft,2025-12-14,23:42:00,2025,12,Sunday,23,13.08653,76.130178,Residence,3,None,103097,Closed - Convicted,FIR/2025/033/0980,CS,"[352, 363]","[415, 490]",1,,10,9,32,5,4,2,97
981,34,Hassan,Theft,Chain snatching,2022-09-30,21:26:00,2022,9,Friday,21,13.112085,76.212963,Park,3,None,286759,Open,FIR/2022/034/0981,CV,"[36, 311]",[74],1,,10,9,29,3,4,4,100
982,34,Hassan,Drug Offence,Trafficking,2023-03-23,14:30:00,2023,3,Thursday,14,13.039938,76.130871,Road,5,None,0,Closed - Convicted,FIR/2023/034/0982,CX,"[15, 80]",[269],1,321,10,3,11,6,4,2,102
983,40,Udupi,Assault,Gang fight,2025-03-09,01:17:00,2025,3,Sunday,1,13.279416,74.676179,Market,3,None,0,Pending Trial,FIR/2025/040/0983,DO,[35],[234],1,,12,1,3,2,4,5,119
984,26,Kalaburagi,Fraud,Cheque fraud,2021-12-17,17:56:00,2021,12,Friday,17,17.320363,76.776709,Commercial,4,None,475527,Closed - Convicted,FIR/2021/026/0984,BZ,"[291, 165]","[170, 191]",1,,7,4,12,1,4,2,78
985,18,Dakshina Kannada,Drug Offence,Possession,2024-10-24,16:46:00,2024,10,Thursday,16,12.845551,75.079306,Residence,4,None,0,Under Investigation,FIR/2024/018/0985,BB,"[39, 159]",[228],0,288,5,3,10,5,4,6,54
986,32,Ballari,Assault,Road rage,2023-07-23,17:22:00,2023,7,Sunday,17,15.177782,76.96802,Public Transport,4,Blunt Object,0,Open,FIR/2023/032/0986,CQ,"[199, 358]","[494, 544]",1,137,9,1,4,4,1,4,95
987,25,Kalaburagi,Kidnapping,Child abduction,2021-11-20,09:26:00,2021,11,Saturday,9,17.383575,76.809541,Commercial,5,None,0,Under Investigation,FIR/2021/025/0987,BW,"[111, 75]",[521],0,318,7,5,16,1,4,6,75
988,38,Shivamogga,Assault,Gang fight,2025-04-02,15:46:00,2025,4,Wednesday,15,14.029968,75.5852,Road,4,Blunt Object,0,Pending Trial,FIR/2025/038/0988,DI,"[184, 251]","[324, 355]",1,,11,1,3,6,1,5,113
989,6,Bengaluru Urban,Theft,Chain snatching,2022-06-06,15:59:00,2022,6,Monday,15,12.90402,77.601249,Public Transport,2,None,54564,Open,FIR/2022/006/0989,P,[182],[475],1,,1,9,29,4,4,4,16
990,14,Tumakuru,Theft,Pickpocket,2020-06-24,22:25:00,2020,6,Wednesday,22,13.225598,77.224756,Residence,3,None,268056,Under Investigation,FIR/2020/014/0990,AN,"[296, 86]",[573],0,242,4,9,31,5,4,6,40
991,34,Hassan,Assault,Brawl,2021-12-04,10:28:00,2021,12,Saturday,10,12.989222,76.065054,Residence,4,None,0,Open,FIR/2021/034/0991,CW,"[279, 179, 77]",[484],0,241,10,1,1,5,4,4,101
992,17,Dakshina Kannada,Fraud,Cheque fraud,2024-11-24,09:45:00,2024,11,Sunday,9,12.870937,74.973172,Park,3,None,383077,Under Investigation,FIR/2024/017/0992,AW,"[323, 203]",[161],0,187,5,4,12,3,4,6,49
993,6,Bengaluru Urban,Theft,Pickpocket,2023-05-28,19:34:00,2023,5,Sunday,19,13.022001,77.505517,Public Transport,2,None,5628,Cold Case,FIR/2023/006/0993,P,"[107, 354]",[215],1,335,1,9,31,4,4,3,16
994,34,Hassan,Theft,Vehicle theft,2023-01-17,21:09:00,2023,1,Tuesday,21,13.040339,76.027698,Park,3,None,74210,Closed - Acquitted,FIR/2023/034/0994,CV,[105],[446],0,213,10,9,32,3,4,1,100
995,26,Kalaburagi,Theft,Chain snatching,2024-10-12,20:24:00,2024,10,Saturday,20,17.322799,76.876555,Commercial,3,None,477040,Under Investigation,FIR/2024/026/0995,BY,[106],"[261, 383]",1,298,7,9,29,1,4,6,77
996,30,Ballari,Theft,House break-in,2023-04-03,16:21:00,2023,4,Monday,16,15.043365,76.976328,Public Transport,3,None,435230,Closed - Convicted,FIR/2023/030/0996,CJ,[209],[595],0,61,9,9,30,4,4,2,88
997,23,Belagavi,Theft,Pickpocket,2024-07-28,23:36:00,2024,7,Sunday,23,15.829469,74.553094,Residence,3,None,366021,Under Investigation,FIR/2024/023/0997,BO,"[63, 169]","[340, 382]",0,,6,9,31,5,4,6,67
998,4,Bengaluru Urban,Robbery,Dacoity,2022-03-01,15:41:00,2022,3,Tuesday,15,12.924599,77.558562,Public Transport,4,None,492002,Under Investigation,FIR/2022/004/0998,J,[30],"[314, 509]",1,55,1,7,24,4,4,6,10
999,6,Bengaluru Urban,Theft,House break-in,2021-10-13,16:20:00,2021,10,Wednesday,16,12.956096,77.518178,Public Transport,2,None,21169,Under Investigation,FIR/2021/006/0999,P,[279],[182],0,122,1,9,30,4,4,6,16
1000,2,Bengaluru Urban,Theft,House break-in,2025-12-25,19:00:00,2025,12,Thursday,19,12.993922,77.502856,Residence,2,None,93370,Closed - Convicted,FIR/2025/002/1000,D,[35],[317],1,,1,9,30,5,4,2,4
1001,19,Dakshina Kannada,Cybercrime,Phishing,2022-01-11,19:20:00,2022,1,Tuesday,19,12.80843,74.967624,Road,3,None,0,Open,FIR/2022/019/1001,BE,[254],[91],0,363,5,2,8,6,4,4,57
1002,20,Belagavi,Drug Offence,Trafficking,2024-08-13,21:28:00,2024,8,Tuesday,21,15.807733,74.586016,Commercial,5,Blunt Object,0,Closed - Convicted,FIR/2024/020/1002,BH,[200],[584],0,,6,3,11,1,1,2,60
1003,11,Mysuru,Theft,Vehicle theft,2022-04-05,16:45:00,2022,4,Tuesday,16,12.362245,76.533989,Residence,2,None,352121,Under Investigation,FIR/2022/011/1003,AE,"[101, 140, 235]",[73],0,,3,9,32,5,4,6,31
1004,1,Bengaluru Urban,Cybercrime,Investment scam,2023-02-24,07:57:00,2023,2,Friday,7,12.87964,77.53374,Park,3,None,0,Under Investigation,FIR/2023/001/1004,C,"[310, 387]",[592],0,,1,2,6,3,4,6,3
1005,15,Tumakuru,Theft,Chain snatching,2025-10-27,21:22:00,2025,10,Monday,21,13.252828,77.085019,Market,3,None,55004,Under Investigation,FIR/2025/015/1005,AQ,"[288, 315]",[525],0,,4,9,29,2,4,6,43
1006,30,Ballari,Robbery,Armed robbery,2020-07-28,21:58:00,2020,7,Tuesday,21,15.021453,76.802377,Park,5,None,342608,Closed - Acquitted,FIR/2020/030/1006,CK,[301],[597],1,,9,7,23,3,4,1,89
1007,17,Dakshina Kannada,Fraud,Insurance fraud,2023-02-09,22:54:00,2023,2,Thursday,22,12.832256,75.009567,Commercial,3,None,121770,Under Investigation,FIR/2023/017/1007,AW,"[381, 219]",[352],0,201,5,4,14,1,4,6,49
1008,2,Bengaluru Urban,Kidnapping,Human trafficking,2022-11-27,17:21:00,2022,11,Sunday,17,13.072305,77.524832,Market,5,None,0,Under Investigation,FIR/2022/002/1008,E,"[169, 321]",[582],0,161,1,5,17,2,4,6,5
1009,29,Dharwad,Assault,Domestic violence,2025-07-28,18:26:00,2025,7,Monday,18,15.530268,74.90509,Market,4,None,0,Under Investigation,FIR/2025/029/1009,CI,[159],"[224, 314]",1,344,8,1,2,2,4,6,87
1010,7,Bengaluru Rural,Fraud,Impersonation,2025-03-22,21:06:00,2025,3,Saturday,21,13.24326,77.654071,Public Transport,4,Blunt Object,280285,Under Investigation,FIR/2025/007/1010,U,[14],[3],1,365,2,4,13,4,1,6,21
1011,33,Hassan,Robbery,Armed robbery,2022-08-25,17:26:00,2022,8,Thursday,17,13.031764,76.011475,Residence,5,None,401069,Cold Case,FIR/2022/033/1011,CT,[350],[192],0,82,10,7,23,5,4,3,98
1012,30,Ballari,Theft,House break-in,2021-05-01,15:39:00,2021,5,Saturday,15,15.082396,76.966993,Public Transport,3,None,39235,Under Investigation,FIR/2021/030/1012,CJ,[66],[494],1,125,9,9,30,4,4,6,88
1013,23,Belagavi,Robbery,Mugging,2025-01-23,23:58:00,2025,1,Thursday,23,15.738519,74.476358,Commercial,5,Knife,295489,Under Investigation,FIR/2025/023/1013,BQ,[38],[317],1,283,6,7,25,1,3,6,69
1014,37,Shivamogga,Theft,Pickpocket,2021-08-27,19:43:00,2021,8,Friday,19,13.998467,75.650357,Residence,3,None,88531,Closed - Acquitted,FIR/2021/037/1014,DF,[225],[106],1,,11,9,31,5,4,1,110
1015,2,Bengaluru Urban,Robbery,Mugging,2023-03-06,18:35:00,2023,3,Monday,18,12.9112,77.475649,Park,4,Knife,26767,Open,FIR/2023/002/1015,F,[190],[349],0,256,1,7,25,3,3,4,6
1016,32,Ballari,Assault,Road rage,2022-06-05,08:41:00,2022,6,Sunday,8,15.117786,77.038079,Road,4,None,0,Under Investigation,FIR/2022/032/1016,CQ,[308],[421],1,339,9,1,4,6,4,6,95
1017,10,Mysuru,Kidnapping,Child abduction,2020-03-12,09:43:00,2020,3,Thursday,9,12.190697,76.625989,Public Transport,5,None,0,Pending Trial,FIR/2020/010/1017,AC,"[347, 12, 206]",[39],0,175,3,5,16,4,4,5,29
1018,7,Bengaluru Rural,Theft,Pickpocket,2022-04-28,10:54:00,2022,4,Thursday,10,13.152841,77.45566,Residence,3,None,381742,Open,FIR/2022/007/1018,S,[244],"[118, 392]",0,,2,9,31,5,4,4,19
1019,15,Tumakuru,Assault,Brawl,2021-10-07,13:58:00,2021,10,Thursday,13,13.373612,77.032509,Road,4,None,0,Open,FIR/2021/015/1019,AR,[173],[492],0,,4,1,1,6,4,4,44
1020,9,Bengaluru Rural,Murder,Domestic dispute,2025-03-12,11:47:00,2025,3,Wednesday,11,13.187567,77.460694,Park,5,Firearm,0,Closed - Convicted,FIR/2025/009/1020,AA,[287],[555],0,100,2,6,19,3,2,2,27
1021,10,Mysuru,Theft,Pickpocket,2020-11-20,23:26:00,2020,11,Friday,23,12.308618,76.735769,Park,2,None,169892,Open,FIR/2020/010/1021,AB,[361],[516],0,291,3,9,31,3,4,4,28
1022,27,Dharwad,Fraud,Cheque fraud,2024-10-13,09:28:00,2024,10,Sunday,9,15.489531,75.107836,Public Transport,4,None,131390,Under Investigation,FIR/2024/027/1022,CB,"[91, 186, 237]",[564],1,357,8,4,12,4,4,6,80
1023,39,Udupi,Theft,House break-in,2025-05-14,19:29:00,2025,5,Wednesday,19,13.233586,74.726254,Residence,2,None,286133,Under Investigation,FIR/2025/039/1023,DK,[315],[465],1,,12,9,30,5,4,6,115
1024,33,Hassan,Fraud,Land grab,2024-06-30,06:46:00,2024,6,Sunday,6,13.041336,76.070937,Public Transport,4,None,338414,Under Investigation,FIR/2024/033/1024,CU,[14],[201],1,,10,4,15,4,4,6,99
1025,26,Kalaburagi,Assault,Brawl,2022-04-04,20:44:00,2022,4,Monday,20,17.363603,76.80502,Park,4,Blunt Object,0,Open,FIR/2022/026/1025,BX,"[296, 189, 326]",[478],0,,7,1,1,3,1,4,76
1026,9,Bengaluru Rural,Assault,Road rage,2022-09-02,18:43:00,2022,9,Friday,18,13.098569,77.543438,Market,4,Knife,0,Closed - Convicted,FIR/2022/009/1026,Z,[296],[570],1,,2,1,4,2,3,2,26
1027,31,Ballari,Theft,Chain snatching,2025-06-13,09:23:00,2025,6,Friday,9,15.134489,76.957127,Residence,3,None,117930,Under Investigation,FIR/2025/031/1027,CM,"[29, 242]","[60, 292]",1,195,9,9,29,5,4,6,91
1028,29,Dharwad,Cybercrime,Phishing,2024-08-15,05:42:00,2024,8,Thursday,5,15.572767,74.909782,Road,4,Firearm,0,Closed - Convicted,FIR/2024/029/1028,CH,"[293, 1, 27]",[53],0,25,8,2,8,6,2,2,86
1029,10,Mysuru,Robbery,Mugging,2025-04-23,19:43:00,2025,4,Wednesday,19,12.326212,76.688199,Park,4,Firearm,191089,Pending Trial,FIR/2025/010/1029,AD,"[17, 42]",[177],0,,3,7,25,3,2,5,30
1030,22,Belagavi,Cybercrime,Investment scam,2023-08-09,19:55:00,2023,8,Wednesday,19,15.838013,74.451916,Market,4,None,0,Open,FIR/2023/022/1030,BN,"[86, 178]",[265],1,109,6,2,6,2,4,4,66
1031,29,Dharwad,Theft,House break-in,2021-01-15,15:15:00,2021,1,Friday,15,15.526334,75.034826,Market,3,None,300641,Closed - Convicted,FIR/2021/029/1031,CG,[228],[405],1,,8,9,30,2,4,2,85
1032,25,Kalaburagi,Drug Offence,Possession,2025-12-11,15:21:00,2025,12,Thursday,15,17.230917,76.905272,Park,5,Knife,0,Closed - Convicted,FIR/2025/025/1032,BV,[337],[372],0,302,7,3,10,3,3,2,74
1033,40,Udupi,Theft,Pickpocket,2022-05-16,14:32:00,2022,5,Monday,14,13.288878,74.632932,Park,2,None,323591,Closed - Convicted,FIR/2022/040/1033,DO,[131],[28],1,125,12,9,31,3,4,2,119
1034,21,Belagavi,Theft,Chain snatching,2021-03-23,08:57:00,2021,3,Tuesday,8,15.895654,74.391321,Public Transport,3,None,355167,Under Investigation,FIR/2021/021/1034,BI,"[191, 355]","[548, 257]",0,,6,9,29,4,4,6,61
1035,21,Belagavi,Assault,Domestic violence,2020-11-08,20:22:00,2020,11,Sunday,20,15.828592,74.497719,Market,4,Knife,0,Closed - Convicted,FIR/2020/021/1035,BJ,[338],[204],1,,6,1,2,2,3,2,62
1036,10,Mysuru,Theft,Chain snatching,2022-12-20,17:22:00,2022,12,Tuesday,17,12.403385,76.678447,Residence,2,None,431298,Closed - Convicted,FIR/2022/010/1036,AB,[172],"[304, 560]",0,,3,9,29,5,4,2,28
1037,7,Bengaluru Rural,Drug Offence,Possession,2020-09-20,23:30:00,2020,9,Sunday,23,13.139892,77.622623,Residence,5,Blunt Object,0,Under Investigation,FIR/2020/007/1037,T,[157],[302],0,,2,3,10,5,1,6,20
1038,17,Dakshina Kannada,Cybercrime,Identity theft,2020-11-26,06:27:00,2020,11,Thursday,6,12.767759,74.950628,Park,3,None,0,Under Investigation,FIR/2020/017/1038,AY,[139],[148],0,,5,2,5,3,4,6,51
1039,40,Udupi,Assault,Gang fight,2025-04-11,11:18:00,2025,4,Friday,11,13.343953,74.834135,Park,3,None,0,Closed - Convicted,FIR/2025/040/1039,DP,"[36, 121]",[119],1,,12,1,3,3,4,2,120
1040,1,Bengaluru Urban,Cybercrime,Investment scam,2022-01-15,13:29:00,2022,1,Saturday,13,13.089451,77.711689,Park,3,Blunt Object,0,Open,FIR/2022/001/1040,C,[129],[256],0,,1,2,6,3,1,4,3
1041,19,Dakshina Kannada,Assault,Domestic violence,2024-09-24,18:50:00,2024,9,Tuesday,18,12.82151,75.091069,Residence,3,None,0,Open,FIR/2024/019/1041,BE,[185],[412],0,,5,1,2,5,4,4,57
1042,2,Bengaluru Urban,Cybercrime,Phishing,2022-10-30,21:01:00,2022,10,Sunday,21,13.083872,77.499113,Residence,3,None,0,Open,FIR/2022/002/1042,E,[362],[307],0,334,1,2,8,5,4,4,5
1043,32,Ballari,Theft,Chain snatching,2021-10-25,15:19:00,2021,10,Monday,15,15.229241,76.901809,Park,3,None,366230,Open,FIR/2021/032/1043,CP,"[54, 67]",[215],0,,9,9,29,3,4,4,94
1044,4,Bengaluru Urban,Sexual Assault,Rape,2020-11-13,21:44:00,2020,11,Friday,21,12.934812,77.681424,Public Transport,5,Knife,0,Closed - Convicted,FIR/2020/004/1044,J,[206],[363],0,322,1,8,28,4,3,2,10
1045,36,Shivamogga,Cybercrime,Identity theft,2023-10-18,22:04:00,2023,10,Wednesday,22,14.029469,75.573695,Park,4,Knife,0,Under Investigation,FIR/2023/036/1045,DB,[222],[324],0,275,11,2,5,3,3,6,106
1046,33,Hassan,Sexual Assault,Eve-teasing,2025-12-21,21:28:00,2025,12,Sunday,21,12.965601,75.990969,Park,5,Firearm,0,Open,FIR/2025/033/1046,CT,[113],"[172, 554]",1,9,10,8,26,3,2,4,98
1047,14,Tumakuru,Fraud,Impersonation,2025-11-12,08:18:00,2025,11,Wednesday,8,13.324103,77.206748,Market,4,None,407789,Under Investigation,FIR/2025/014/1047,AP,[200],[555],0,,4,4,13,2,4,6,42
1048,2,Bengaluru Urban,Drug Offence,Possession,2020-01-26,15:58:00,2020,1,Sunday,15,12.986249,77.674079,Residence,4,None,0,Under Investigation,FIR/2020/002/1048,F,[41],"[8, 417]",1,,1,3,10,5,4,6,6
1049,41,Udupi,Drug Offence,Trafficking,2022-09-21,14:57:00,2022,9,Wednesday,14,13.267191,74.77819,Road,4,Knife,0,Under Investigation,FIR/2022/041/1049,DR,"[232, 256]",[38],1,,12,3,11,6,3,6,122
1050,14,Tumakuru,Theft,Vehicle theft,2025-03-08,18:47:00,2025,3,Saturday,18,13.415879,77.038152,Market,3,None,85572,Closed - Convicted,FIR/2025/014/1050,AN,[230],"[24, 320]",1,211,4,9,32,2,4,2,40
1051,34,Hassan,Cybercrime,Identity theft,2025-01-16,04:41:00,2025,1,Thursday,4,12.911823,76.080037,Market,4,Knife,0,Under Investigation,FIR/2025/034/1051,CX,"[276, 36, 185]",[432],1,176,10,2,5,2,3,6,102
1052,25,Kalaburagi,Cybercrime,Phishing,2023-02-14,22:42:00,2023,2,Tuesday,22,17.273194,76.875371,Park,4,None,0,Pending Trial,FIR/2023/025/1052,BW,[117],[183],0,274,7,2,8,3,4,5,75
1053,30,Ballari,Sexual Assault,Rape,2020-04-28,20:42:00,2020,4,Tuesday,20,15.23328,76.858796,Public Transport,5,Knife,0,Open,FIR/2020/030/1053,CL,"[161, 299]","[286, 164]",0,,9,8,28,4,3,4,90
1054,14,Tumakuru,Theft,Vehicle theft,2020-07-12,22:55:00,2020,7,Sunday,22,13.356121,77.004245,Public Transport,3,None,75382,Under Investigation,FIR/2020/014/1054,AN,[370],"[511, 94]",1,,4,9,32,4,4,6,40
1055,21,Belagavi,Sexual Assault,Eve-teasing,2020-11-06,18:34:00,2020,11,Friday,18,15.956895,74.465534,Commercial,5,Firearm,0,Under Investigation,FIR/2020/021/1055,BK,[235],[203],0,,6,8,26,1,2,6,63
1056,33,Hassan,Drug Offence,Possession,2023-07-29,17:23:00,2023,7,Saturday,17,13.045212,76.068642,Commercial,5,Blunt Object,0,Under Investigation,FIR/2023/033/1056,CU,"[298, 342]","[362, 507]",0,176,10,3,10,1,1,6,99
1057,21,Belagavi,Sexual Assault,Molestation,2024-05-03,19:36:00,2024,5,Friday,19,15.749615,74.405236,Park,5,Knife,0,Pending Trial,FIR/2024/021/1057,BK,[147],"[573, 230]",1,,6,8,27,3,3,5,63
1058,24,Kalaburagi,Theft,Pickpocket,2025-01-30,16:49:00,2025,1,Thursday,16,17.444064,76.753666,Park,3,None,329857,Closed - Convicted,FIR/2025/024/1058,BR,"[202, 333]",[69],0,152,7,9,31,3,4,2,70
1059,19,Dakshina Kannada,Robbery,Armed robbery,2022-04-17,20:50:00,2022,4,Sunday,20,12.756322,75.021362,Market,4,Blunt Object,74184,Under Investigation,FIR/2022/019/1059,BC,"[135, 238]",[526],0,124,5,7,23,2,1,6,55
1060,12,Mysuru,Drug Offence,Possession,2021-11-21,21:18:00,2021,11,Sunday,21,12.244375,76.696228,Commercial,4,None,0,Closed - Acquitted,FIR/2021/012/1060,AJ,[103],"[447, 240]",0,46,3,3,10,1,4,1,36
1061,36,Shivamogga,Sexual Assault,Rape,2021-11-05,17:30:00,2021,11,Friday,17,13.949819,75.462771,Road,5,None,0,Closed - Acquitted,FIR/2021/036/1061,DC,[245],[259],0,209,11,8,28,6,4,1,107
1062,1,Bengaluru Urban,Theft,Pickpocket,2021-04-11,12:51:00,2021,4,Sunday,12,13.082776,77.709175,Road,2,None,105973,Under Investigation,FIR/2021/001/1062,B,[258],[485],0,,1,9,31,6,4,6,2
1063,30,Ballari,Assault,Gang fight,2020-12-23,11:31:00,2020,12,Wednesday,11,15.216053,76.829234,Market,4,None,0,Under Investigation,FIR/2020/030/1063,CL,[14],[89],1,157,9,1,3,2,4,6,90
1064,36,Shivamogga,Theft,Pickpocket,2025-12-03,17:04:00,2025,12,Wednesday,17,13.972483,75.520584,Road,3,None,354471,Closed - Convicted,FIR/2025/036/1064,DB,[97],[587],0,112,11,9,31,6,4,2,106
1065,13,Mysuru,Robbery,Dacoity,2022-04-27,22:28:00,2022,4,Wednesday,22,12.231841,76.622849,Market,4,None,36283,Pending Trial,FIR/2022/013/1065,AM,"[205, 251]",[308],0,281,3,7,24,2,4,5,39
1066,37,Shivamogga,Theft,Pickpocket,2025-09-04,03:18:00,2025,9,Thursday,3,14.005054,75.455341,Residence,3,None,142832,Pending Trial,FIR/2025/037/1066,DF,[106],[24],1,253,11,9,31,5,4,5,110
1067,5,Bengaluru Urban,Theft,Chain snatching,2024-05-19,20:03:00,2024,5,Sunday,20,12.970624,77.557821,Residence,2,None,39448,Closed - Acquitted,FIR/2024/005/1067,M,"[184, 363]","[471, 156]",1,101,1,9,29,5,4,1,13
1068,32,Ballari,Kidnapping,Human trafficking,2020-11-10,23:41:00,2020,11,Tuesday,23,15.180641,77.035785,Residence,5,Blunt Object,0,Closed - Convicted,FIR/2020/032/1068,CR,[395],"[451, 32]",1,237,9,5,17,5,1,2,96
1069,2,Bengaluru Urban,Theft,House break-in,2024-07-07,20:55:00,2024,7,Sunday,20,12.946857,77.639341,Residence,2,None,361770,Under Investigation,FIR/2024/002/1069,D,[367],[254],1,,1,9,30,5,4,6,4
1070,34,Hassan,Fraud,Cheque fraud,2025-07-22,18:17:00,2025,7,Tuesday,18,13.021064,76.027796,Public Transport,4,Knife,466381,Under Investigation,FIR/2025/034/1070,CX,[153],[32],1,,10,4,12,4,3,6,102
1071,34,Hassan,Assault,Domestic violence,2022-09-23,17:21:00,2022,9,Friday,17,12.888049,76.118965,Market,4,None,0,Closed - Convicted,FIR/2022/034/1071,CW,[269],"[333, 555]",0,58,10,1,2,2,4,2,101
1072,14,Tumakuru,Cybercrime,Online fraud,2024-09-19,22:13:00,2024,9,Thursday,22,13.342551,77.036922,Park,4,None,0,Under Investigation,FIR/2024/014/1072,AO,"[220, 254]",[212],0,124,4,2,7,3,4,6,41
1073,35,Hassan,Theft,House break-in,2022-08-22,14:16:00,2022,8,Monday,14,13.011332,76.079491,Market,3,None,139328,Open,FIR/2022/035/1073,CY,"[141, 265]",[492],0,205,10,9,30,2,4,4,103
1074,15,Tumakuru,Theft,House break-in,2023-11-14,15:36:00,2023,11,Tuesday,15,13.313813,77.026539,Road,3,None,392847,Closed - Convicted,FIR/2023/015/1074,AQ,[155],[106],1,58,4,9,30,6,4,2,43
1075,20,Belagavi,Drug Offence,Distribution,2024-04-02,14:04:00,2024,4,Tuesday,14,15.82119,74.402175,Road,5,Blunt Object,0,Closed - Convicted,FIR/2024/020/1075,BG,[16],"[385, 78]",0,364,6,3,9,6,1,2,59
1076,41,Udupi,Theft,House break-in,2022-11-23,14:47:00,2022,11,Wednesday,14,13.453646,74.713246,Commercial,2,None,423076,Open,FIR/2022/041/1076,DR,"[399, 119]",[92],1,,12,9,30,1,4,4,122
1077,18,Dakshina Kannada,Vandalism,Arson,2023-12-21,20:26:00,2023,12,Thursday,20,12.730679,74.925408,Market,2,None,0,Pending Trial,FIR/2023/018/1077,BA,[45],[424],0,,5,10,33,2,4,5,53
1078,34,Hassan,Robbery,Dacoity,2025-04-15,08:43:00,2025,4,Tuesday,8,12.910556,76.186038,Residence,5,Blunt Object,192754,Closed - Convicted,FIR/2025/034/1078,CV,"[228, 381, 107]",[544],0,348,10,7,24,5,1,2,100
1079,41,Udupi,Assault,Domestic violence,2022-11-25,19:49:00,2022,11,Friday,19,13.358561,74.719633,Public Transport,3,None,0,Closed - Convicted,FIR/2022/041/1079,DQ,"[185, 17, 279]",[194],1,,12,1,2,4,4,2,121
1080,41,Udupi,Theft,House break-in,2022-02-12,20:30:00,2022,2,Saturday,20,13.229042,74.787947,Commercial,2,None,459419,Closed - Convicted,FIR/2022/041/1080,DR,[250],"[339, 591]",0,146,12,9,30,1,4,2,122
1081,40,Udupi,Drug Offence,Trafficking,2023-09-10,20:08:00,2023,9,Sunday,20,13.456333,74.802478,Public Transport,4,None,0,Under Investigation,FIR/2023/040/1081,DN,[357],[363],1,213,12,3,11,4,4,6,118
1082,5,Bengaluru Urban,Cybercrime,Investment scam,2022-04-18,15:19:00,2022,4,Monday,15,13.010543,77.542896,Public Transport,3,None,0,Under Investigation,FIR/2022/005/1082,O,"[300, 95]",[121],1,,1,2,6,4,4,6,15
1083,33,Hassan,Cybercrime,Online fraud,2020-07-08,15:05:00,2020,7,Wednesday,15,12.99843,76.212129,Market,4,None,0,Under Investigation,FIR/2020/033/1083,CT,[350],[291],0,139,10,2,7,2,4,6,98
1084,37,Shivamogga,Robbery,Mugging,2021-01-03,21:58:00,2021,1,Sunday,21,13.851595,75.617447,Park,5,None,335495,Under Investigation,FIR/2021/037/1084,DE,"[126, 161]",[154],0,,11,7,25,3,4,6,109
1085,23,Belagavi,Fraud,Impersonation,2021-05-25,05:13:00,2021,5,Tuesday,5,15.762945,74.590162,Road,4,None,179123,Under Investigation,FIR/2021/023/1085,BP,[327],[484],0,,6,4,13,6,4,6,68
1086,30,Ballari,Kidnapping,Human trafficking,2025-11-07,06:17:00,2025,11,Friday,6,15.192568,76.801887,Commercial,5,Firearm,0,Under Investigation,FIR/2025/030/1086,CK,"[62, 60]","[123, 78]",1,299,9,5,17,1,2,6,89
1087,33,Hassan,Theft,Chain snatching,2024-01-27,19:11:00,2024,1,Saturday,19,12.959274,76.200695,Market,3,None,401287,Under Investigation,FIR/2024/033/1087,CS,[375],"[529, 560]",1,,10,9,29,2,4,6,97
1088,31,Ballari,Vandalism,Arson,2025-07-22,05:00:00,2025,7,Tuesday,5,15.153876,77.014365,Residence,3,None,0,Open,FIR/2025/031/1088,CN,"[175, 125]",[98],0,,9,10,33,5,4,4,92
1089,11,Mysuru,Drug Offence,Trafficking,2025-06-01,06:37:00,2025,6,Sunday,6,12.273984,76.616808,Park,4,None,0,Closed - Acquitted,FIR/2025/011/1089,AG,"[76, 278]",[209],0,207,3,3,11,3,4,1,33
1090,34,Hassan,Theft,Pickpocket,2020-01-05,18:12:00,2020,1,Sunday,18,13.065606,75.98261,Public Transport,3,None,272727,Closed - Convicted,FIR/2020/034/1090,CV,"[304, 11]",[252],0,,10,9,31,4,4,2,100
1091,28,Dharwad,Drug Offence,Distribution,2022-07-09,15:02:00,2022,7,Saturday,15,15.540657,75.068391,Commercial,5,Blunt Object,0,Open,FIR/2022/028/1091,CF,[264],[517],0,226,8,3,9,1,1,4,84
1092,27,Dharwad,Kidnapping,Ransom,2024-08-05,21:03:00,2024,8,Monday,21,15.530526,75.049367,Residence,5,Firearm,0,Under Investigation,FIR/2024/027/1092,CC,[175],[453],1,,8,5,18,5,2,6,81
1093,33,Hassan,Theft,Pickpocket,2025-01-03,15:17:00,2025,1,Friday,15,13.025375,75.981138,Residence,3,None,31986,Open,FIR/2025/033/1093,CS,"[21, 100, 158]",[136],0,,10,9,31,5,4,4,97
1094,4,Bengaluru Urban,Theft,Chain snatching,2022-11-13,22:10:00,2022,11,Sunday,22,12.940692,77.580992,Commercial,2,None,406616,Closed - Convicted,FIR/2022/004/1094,L,[314],"[34, 473]",1,264,1,9,29,1,4,2,12
1095,22,Belagavi,Theft,Vehicle theft,2023-01-18,19:25:00,2023,1,Wednesday,19,15.818043,74.407735,Park,3,None,12962,Open,FIR/2023/022/1095,BL,"[103, 247]",[589],0,,6,9,32,3,4,4,64
1096,26,Kalaburagi,Drug Offence,Trafficking,2022-05-05,15:08:00,2022,5,Thursday,15,17.265032,76.952598,Park,5,None,0,Under Investigation,FIR/2022/026/1096,BY,[273],"[410, 164]",0,173,7,3,11,3,4,6,77
1097,38,Shivamogga,Theft,Pickpocket,2022-08-12,15:45:00,2022,8,Friday,15,13.993937,75.615851,Residence,3,None,343398,Under Investigation,FIR/2022/038/1097,DH,"[4, 279]",[320],1,137,11,9,31,5,4,6,112
1098,13,Mysuru,Theft,Vehicle theft,2021-05-22,16:40:00,2021,5,Saturday,16,12.370367,76.56993,Residence,2,None,188768,Closed - Convicted,FIR/2021/013/1098,AK,[205],[85],0,238,3,9,32,5,4,2,37
1099,15,Tumakuru,Assault,Road rage,2021-04-10,17:26:00,2021,4,Saturday,17,13.310454,77.001275,Commercial,4,Knife,0,Closed - Convicted,FIR/2021/015/1099,AR,"[322, 198, 152]",[366],1,,4,1,4,1,3,2,44
1100,35,Hassan,Fraud,Impersonation,2021-10-06,03:18:00,2021,10,Wednesday,3,12.936302,76.015213,Park,4,Knife,323349,Under Investigation,FIR/2021/035/1100,CZ,"[102, 332]","[439, 535]",0,,10,4,13,3,3,6,104
1101,41,Udupi,Fraud,Cheque fraud,2022-06-24,17:29:00,2022,6,Friday,17,13.366625,74.841389,Market,3,Knife,11983,Under Investigation,FIR/2022/041/1101,DS,"[266, 112]",[83],0,,12,4,12,2,3,6,123
1102,27,Dharwad,Vandalism,Graffiti,2020-11-26,19:43:00,2020,11,Thursday,19,15.369564,74.890604,Market,3,None,0,Closed - Convicted,FIR/2020/027/1102,CB,[378],[415],0,153,8,10,34,2,4,2,80
1103,32,Ballari,Robbery,Armed robbery,2023-05-04,18:36:00,2023,5,Thursday,18,15.122255,76.835558,Residence,5,Blunt Object,175609,Open,FIR/2023/032/1103,CR,[371],[1],1,167,9,7,23,5,1,4,96
1104,23,Belagavi,Assault,Gang fight,2022-09-18,12:28:00,2022,9,Sunday,12,15.867163,74.614289,Park,4,Knife,0,Open,FIR/2022/023/1104,BP,[310],[345],1,,6,1,3,3,3,4,68
1105,19,Dakshina Kannada,Robbery,Mugging,2024-02-16,15:04:00,2024,2,Friday,15,12.847051,74.922128,Market,4,Firearm,492838,Under Investigation,FIR/2024/019/1105,BC,[379],"[17, 150]",1,,5,7,25,2,2,6,55
1106,11,Mysuru,Robbery,Mugging,2025-03-04,19:46:00,2025,3,Tuesday,19,12.220413,76.746698,Residence,4,Blunt Object,34242,Under Investigation,FIR/2025/011/1106,AF,[259],[578],0,,3,7,25,5,1,6,32
1107,3,Bengaluru Urban,Cybercrime,Phishing,2025-10-28,19:25:00,2025,10,Tuesday,19,13.026142,77.65407,Commercial,3,Firearm,0,Closed - Convicted,FIR/2025/003/1107,I,[382],[317],0,241,1,2,8,1,2,2,9
1108,33,Hassan,Robbery,Mugging,2023-02-18,23:30:00,2023,2,Saturday,23,13.07759,76.169154,Public Transport,5,Knife,479876,Pending Trial,FIR/2023/033/1108,CT,"[12, 307]",[100],0,,10,7,25,4,3,5,98
1109,36,Shivamogga,Theft,House break-in,2023-12-04,11:52:00,2023,12,Monday,11,13.875156,75.552579,Residence,3,None,361059,Pending Trial,FIR/2023/036/1109,DB,[154],[506],1,,11,9,30,5,4,5,106
1110,4,Bengaluru Urban,Drug Offence,Distribution,2023-08-26,22:32:00,2023,8,Saturday,22,12.858799,77.554221,Park,4,Knife,0,Closed - Convicted,FIR/2023/004/1110,K,[45],[454],0,,1,3,9,3,3,2,11
1111,35,Hassan,Assault,Gang fight,2023-01-25,11:52:00,2023,1,Wednesday,11,12.897215,76.176959,Public Transport,4,None,0,Closed - Convicted,FIR/2023/035/1111,CZ,[317],[42],1,,10,1,3,4,4,2,104
1112,37,Shivamogga,Cybercrime,Investment scam,2023-02-22,17:51:00,2023,2,Wednesday,17,13.963447,75.511752,Park,4,Firearm,0,Closed - Convicted,FIR/2023/037/1112,DG,[397],"[367, 258]",1,183,11,2,6,3,2,2,111
1113,25,Kalaburagi,Theft,Vehicle theft,2025-08-28,00:04:00,2025,8,Thursday,0,17.340716,76.764598,Road,3,None,474328,Under Investigation,FIR/2025/025/1113,BU,"[215, 319]",[438],1,226,7,9,32,6,4,6,73
1114,18,Dakshina Kannada,Assault,Brawl,2020-12-01,09:05:00,2020,12,Tuesday,9,12.75159,74.951127,Commercial,3,Blunt Object,0,Closed - Convicted,FIR/2020/018/1114,BA,"[122, 373, 295]","[415, 321]",0,,5,1,1,1,1,2,53
1115,41,Udupi,Assault,Brawl,2020-06-22,12:07:00,2020,6,Monday,12,13.365423,74.673666,Road,3,None,0,Closed - Acquitted,FIR/2020/041/1115,DQ,[279],[411],1,14,12,1,1,6,4,1,121
1116,11,Mysuru,Assault,Gang fight,2022-03-01,07:00:00,2022,3,Tuesday,7,12.386033,76.52688,Park,3,None,0,Pending Trial,FIR/2022/011/1116,AG,[151],"[477, 97]",1,,3,1,3,3,4,5,33
1117,6,Bengaluru Urban,Assault,Brawl,2022-02-15,20:40:00,2022,2,Tuesday,20,12.941283,77.685101,Park,3,Firearm,0,Under Investigation,FIR/2022/006/1117,Q,[295],[228],1,,1,1,1,3,2,6,17
1118,5,Bengaluru Urban,Assault,Brawl,2023-06-28,17:09:00,2023,6,Wednesday,17,12.900562,77.513705,Public Transport,3,None,0,Open,FIR/2023/005/1118,N,"[286, 367]","[375, 18]",1,,1,1,1,4,4,4,14
1119,14,Tumakuru,Fraud,Cheque fraud,2022-03-08,13:36:00,2022,3,Tuesday,13,13.448713,77.007402,Residence,4,Firearm,457589,Closed - Convicted,FIR/2022/014/1119,AP,"[396, 136]",[54],1,,4,4,12,5,2,2,42
1120,25,Kalaburagi,Theft,Chain snatching,2022-11-10,14:00:00,2022,11,Thursday,14,17.235192,76.880021,Market,3,None,17209,Closed - Convicted,FIR/2022/025/1120,BU,"[93, 213]",[135],0,,7,9,29,2,4,2,73
1121,5,Bengaluru Urban,Assault,Gang fight,2021-01-17,08:07:00,2021,1,Sunday,8,12.955189,77.674151,Market,3,Blunt Object,0,Closed - Acquitted,FIR/2021/005/1121,N,[42],"[135, 236]",1,299,1,1,3,2,1,1,14
1122,33,Hassan,Drug Offence,Distribution,2021-07-09,20:27:00,2021,7,Friday,20,12.939879,76.170071,Market,5,Blunt Object,0,Cold Case,FIR/2021/033/1122,CU,"[175, 308]",[518],0,,10,3,9,2,1,3,99
1123,25,Kalaburagi,Cybercrime,Investment scam,2020-07-17,03:22:00,2020,7,Friday,3,17.248887,76.729925,Public Transport,4,Knife,0,Closed - Convicted,FIR/2020/025/1123,BW,"[112, 217]",[126],0,209,7,2,6,4,3,2,75
1124,3,Bengaluru Urban,Murder,Gang rivalry,2025-08-08,04:16:00,2025,8,Friday,4,13.037461,77.676387,Park,5,Knife,0,Open,FIR/2025/003/1124,I,[289],[288],0,,1,6,20,3,3,4,9
1125,22,Belagavi,Fraud,Cheque fraud,2024-08-22,22:44:00,2024,8,Thursday,22,15.792646,74.47331,Commercial,4,Blunt Object,342811,Open,FIR/2024/022/1125,BN,[113],[560],0,157,6,4,12,1,1,4,66
1126,10,Mysuru,Cybercrime,Online fraud,2023-04-04,15:22:00,2023,4,Tuesday,15,12.382055,76.67553,Commercial,3,Firearm,0,Under Investigation,FIR/2023/010/1126,AD,"[92, 162, 98]",[547],1,,3,2,7,1,2,6,30
1127,23,Belagavi,Theft,Pickpocket,2024-05-19,08:31:00,2024,5,Sunday,8,15.964998,74.473905,Park,3,None,167860,Closed - Convicted,FIR/2024/023/1127,BO,[151],[385],0,,6,9,31,3,4,2,67
1128,25,Kalaburagi,Theft,Chain snatching,2024-05-08,19:07:00,2024,5,Wednesday,19,17.302567,76.898795,Commercial,3,None,312876,Under Investigation,FIR/2024/025/1128,BU,[223],[195],0,,7,9,29,1,4,6,73
1129,41,Udupi,Vandalism,Arson,2024-08-18,05:41:00,2024,8,Sunday,5,13.3159,74.712935,Residence,2,None,0,Open,FIR/2024/041/1129,DS,"[382, 252]","[303, 46]",0,76,12,10,33,5,4,4,123
1130,21,Belagavi,Theft,Vehicle theft,2022-04-11,13:09:00,2022,4,Monday,13,15.907965,74.577174,Park,3,None,161952,Closed - Convicted,FIR/2022/021/1130,BI,[165],[536],0,29,6,9,32,3,4,2,61
1131,22,Belagavi,Drug Offence,Possession,2024-01-14,10:57:00,2024,1,Sunday,10,15.777512,74.398738,Road,5,Knife,0,Closed - Convicted,FIR/2024/022/1131,BM,"[264, 140]",[424],1,,6,3,10,6,3,2,65
1132,16,Tumakuru,Theft,Pickpocket,2020-01-28,21:05:00,2020,1,Tuesday,21,13.439026,77.136177,Market,3,None,335898,Closed - Convicted,FIR/2020/016/1132,AT,"[382, 116, 372]",[284],0,,4,9,31,2,4,2,46
1133,32,Ballari,Assault,Road rage,2022-03-17,18:53:00,2022,3,Thursday,18,15.229628,76.917011,Road,4,None,0,Under Investigation,FIR/2022/032/1133,CQ,"[78, 353]","[47, 153]",1,319,9,1,4,6,4,6,95
1134,37,Shivamogga,Fraud,Cheque fraud,2025-08-19,01:41:00,2025,8,Tuesday,1,13.820132,75.611556,Commercial,4,Firearm,272272,Closed - Convicted,FIR/2025/037/1134,DG,[160],[419],0,,11,4,12,1,2,2,111
1135,24,Kalaburagi,Assault,Gang fight,2023-03-02,08:55:00,2023,3,Thursday,8,17.26087,76.882845,Market,4,None,0,Under Investigation,FIR/2023/024/1135,BS,[273],[506],1,168,7,1,3,2,4,6,71
1136,8,Bengaluru Rural,Theft,Chain snatching,2025-11-26,19:35:00,2025,11,Wednesday,19,13.211449,77.527168,Residence,3,None,267798,Pending Trial,FIR/2025/008/1136,V,"[129, 173, 188]",[540],0,243,2,9,29,5,4,5,22
1137,28,Dharwad,Robbery,Mugging,2020-06-30,16:08:00,2020,6,Tuesday,16,15.571669,74.959615,Road,5,None,247798,Under Investigation,FIR/2020/028/1137,CF,"[257, 229]",[133],0,200,8,7,25,6,4,6,84
1138,36,Shivamogga,Robbery,Armed robbery,2021-02-24,19:49:00,2021,2,Wednesday,19,13.842603,75.478915,Commercial,5,None,1988,Closed - Convicted,FIR/2021/036/1138,DC,"[18, 247]","[85, 264]",0,147,11,7,23,1,4,2,107
1139,23,Belagavi,Theft,Chain snatching,2023-06-06,15:45:00,2023,6,Tuesday,15,15.794793,74.426838,Market,3,None,446322,Under Investigation,FIR/2023/023/1139,BO,[314],"[100, 126]",0,,6,9,29,2,4,6,67
1140,29,Dharwad,Theft,Chain snatching,2025-03-29,02:05:00,2025,3,Saturday,2,15.34987,74.937245,Commercial,3,None,387392,Closed - Convicted,FIR/2025/029/1140,CG,"[116, 151]",[509],0,,8,9,29,1,4,2,85
1141,41,Udupi,Theft,Pickpocket,2025-05-04,05:25:00,2025,5,Sunday,5,13.391433,74.845393,Public Transport,2,None,318245,Under Investigation,FIR/2025/041/1141,DR,"[60, 188]",[158],0,66,12,9,31,4,4,6,122
1142,32,Ballari,Sexual Assault,Eve-teasing,2020-07-03,08:13:00,2020,7,Friday,8,15.059571,76.856387,Road,5,Knife,0,Under Investigation,FIR/2020/032/1142,CR,"[136, 286]",[450],0,,9,8,26,6,3,6,96
1143,34,Hassan,Theft,Chain snatching,2025-03-12,15:29:00,2025,3,Wednesday,15,13.092841,76.041701,Commercial,3,None,210877,Open,FIR/2025/034/1143,CV,[114],[421],1,,10,9,29,1,4,4,100
1144,11,Mysuru,Fraud,Land grab,2021-05-07,18:50:00,2021,5,Friday,18,12.305104,76.548421,Residence,3,Firearm,291292,Closed - Convicted,FIR/2021/011/1144,AE,"[109, 258]",[551],1,111,3,4,15,5,2,2,31
1145,39,Udupi,Theft,Pickpocket,2023-05-11,13:49:00,2023,5,Thursday,13,13.361595,74.823347,Public Transport,2,None,346099,Pending Trial,FIR/2023/039/1145,DK,[340],[412],0,,12,9,31,4,4,5,115
1146,7,Bengaluru Rural,Theft,House break-in,2022-12-19,16:21:00,2022,12,Monday,16,13.253081,77.586487,Commercial,3,None,51421,Open,FIR/2022/007/1146,S,"[47, 58, 267]",[444],1,,2,9,30,1,4,4,19
1147,16,Tumakuru,Assault,Brawl,2025-04-24,12:01:00,2025,4,Thursday,12,13.388377,77.222412,Market,4,Firearm,0,Closed - Convicted,FIR/2025/016/1147,AU,"[130, 321]","[98, 86]",0,,4,1,1,2,2,2,47
1148,36,Shivamogga,Fraud,Insurance fraud,2022-11-22,17:04:00,2022,11,Tuesday,17,13.929814,75.629229,Commercial,4,Blunt Object,260332,Open,FIR/2022/036/1148,DD,"[107, 391, 210]",[404],1,,11,4,14,1,1,4,108
1149,32,Ballari,Robbery,Armed robbery,2024-01-18,06:27:00,2024,1,Thursday,6,15.219428,76.875464,Residence,5,Blunt Object,12313,Pending Trial,FIR/2024/032/1149,CR,[305],[355],0,252,9,7,23,5,1,5,96
1150,9,Bengaluru Rural,Theft,Pickpocket,2025-06-30,13:07:00,2025,6,Monday,13,13.085216,77.470254,Park,3,None,116,Under Investigation,FIR/2025/009/1150,Y,[313],[316],1,317,2,9,31,3,4,6,25
1151,11,Mysuru,Drug Offence,Trafficking,2020-02-22,21:00:00,2020,2,Saturday,21,12.301698,76.613907,Market,4,Blunt Object,0,Open,FIR/2020/011/1151,AF,"[197, 398]","[257, 472]",0,,3,3,11,2,1,4,32
1152,37,Shivamogga,Kidnapping,Child abduction,2025-05-25,18:33:00,2025,5,Sunday,18,13.816323,75.557105,Residence,5,None,0,Closed - Convicted,FIR/2025/037/1152,DG,"[196, 237, 342]",[463],1,100,11,5,16,5,4,2,111
1153,30,Ballari,Theft,House break-in,2022-07-05,05:11:00,2022,7,Tuesday,5,15.14154,76.894269,Road,3,None,348427,Closed - Acquitted,FIR/2022/030/1153,CJ,[82],"[372, 481]",1,,9,9,30,6,4,1,88
1154,40,Udupi,Theft,Chain snatching,2025-03-27,08:07:00,2025,3,Thursday,8,13.301454,74.784779,Market,2,None,423821,Open,FIR/2025/040/1154,DO,[239],[211],1,,12,9,29,2,4,4,119
1155,28,Dharwad,Assault,Gang fight,2025-09-13,16:44:00,2025,9,Saturday,16,15.492704,75.019871,Residence,4,Knife,0,Under Investigation,FIR/2025/028/1155,CE,"[18, 388]",[486],1,357,8,1,3,5,3,6,83
1156,13,Mysuru,Vandalism,Graffiti,2023-01-26,15:56:00,2023,1,Thursday,15,12.216172,76.567583,Park,2,None,0,Under Investigation,FIR/2023/013/1156,AL,[253],[360],0,,3,10,34,3,4,6,38
1157,25,Kalaburagi,Robbery,Mugging,2022-12-21,06:47:00,2022,12,Wednesday,6,17.29456,76.865106,Market,5,None,68004,Under Investigation,FIR/2022/025/1157,BV,"[141, 227]","[328, 37]",1,,7,7,25,2,4,6,74
1158,39,Udupi,Cybercrime,Phishing,2025-11-17,12:25:00,2025,11,Monday,12,13.275378,74.771798,Commercial,3,Blunt Object,0,Closed - Acquitted,FIR/2025/039/1158,DL,[14],[358],0,273,12,2,8,1,1,1,116
1159,14,Tumakuru,Theft,House break-in,2024-07-08,09:12:00,2024,7,Monday,9,13.363619,77.056742,Road,3,None,248889,Under Investigation,FIR/2024/014/1159,AN,"[156, 380]",[284],0,,4,9,30,6,4,6,40
1160,6,Bengaluru Urban,Robbery,Dacoity,2024-05-01,20:11:00,2024,5,Wednesday,20,13.021166,77.675823,Commercial,4,Blunt Object,120827,Closed - Acquitted,FIR/2024/006/1160,Q,[24],"[145, 418]",0,150,1,7,24,1,1,1,17
1161,26,Kalaburagi,Assault,Gang fight,2022-12-27,22:50:00,2022,12,Tuesday,22,17.304283,76.817952,Residence,4,Blunt Object,0,Closed - Convicted,FIR/2022/026/1161,BX,[112],"[140, 498]",1,28,7,1,3,5,1,2,76
1162,37,Shivamogga,Theft,Pickpocket,2020-08-06,09:01:00,2020,8,Thursday,9,13.927316,75.458881,Public Transport,3,None,156777,Pending Trial,FIR/2020/037/1162,DF,"[57, 350]","[336, 118]",0,,11,9,31,4,4,5,110
1163,41,Udupi,Assault,Domestic violence,2022-08-24,07:27:00,2022,8,Wednesday,7,13.281287,74.835567,Park,3,Blunt Object,0,Under Investigation,FIR/2022/041/1163,DQ,[336],[485],0,,12,1,2,3,1,6,121
1164,12,Mysuru,Robbery,Armed robbery,2025-03-29,14:46:00,2025,3,Saturday,14,12.302486,76.599589,Market,4,None,493585,Open,FIR/2025/012/1164,AJ,"[31, 247]",[555],0,49,3,7,23,2,4,4,36
1165,14,Tumakuru,Assault,Domestic violence,2022-02-07,11:29:00,2022,2,Monday,11,13.361473,77.13848,Residence,4,Firearm,0,Under Investigation,FIR/2022/014/1165,AO,"[345, 53, 359]",[213],1,,4,1,2,5,2,6,41
1166,33,Hassan,Drug Offence,Possession,2025-06-27,19:04:00,2025,6,Friday,19,13.037512,76.161221,Road,5,Firearm,0,Open,FIR/2025/033/1166,CU,"[187, 61]","[438, 274]",1,,10,3,10,6,2,4,99
1167,20,Belagavi,Assault,Road rage,2025-09-29,00:51:00,2025,9,Monday,0,15.790733,74.579642,Market,4,Knife,0,Closed - Convicted,FIR/2025/020/1167,BG,[110],[337],0,,6,1,4,2,3,2,59
1168,31,Ballari,Theft,Pickpocket,2020-02-10,21:07:00,2020,2,Monday,21,15.152379,76.998,Residence,3,None,387636,Pending Trial,FIR/2020/031/1168,CM,[340],[263],0,320,9,9,31,5,4,5,91
1169,33,Hassan,Fraud,Insurance fraud,2022-12-30,16:35:00,2022,12,Friday,16,13.024209,76.056008,Market,4,None,241784,Closed - Convicted,FIR/2022/033/1169,CU,"[111, 13]",[191],1,,10,4,14,2,4,2,99
1170,22,Belagavi,Theft,Pickpocket,2021-05-23,09:23:00,2021,5,Sunday,9,15.929717,74.533454,Public Transport,3,None,102673,Under Investigation,FIR/2021/022/1170,BL,"[311, 307]",[412],0,205,6,9,31,4,4,6,64
1171,23,Belagavi,Theft,Pickpocket,2022-09-29,17:28:00,2022,9,Thursday,17,15.87206,74.570479,Residence,3,None,13503,Open,FIR/2022/023/1171,BO,[31],"[475, 214]",0,286,6,9,31,5,4,4,67
1172,21,Belagavi,Theft,House break-in,2021-06-08,18:05:00,2021,6,Tuesday,18,15.857308,74.545648,Commercial,3,None,277005,Closed - Acquitted,FIR/2021/021/1172,BI,"[355, 197]","[130, 57]",0,,6,9,30,1,4,1,61
1173,4,Bengaluru Urban,Sexual Assault,Rape,2023-05-02,19:18:00,2023,5,Tuesday,19,12.903803,77.598489,Park,5,Blunt Object,0,Pending Trial,FIR/2023/004/1173,J,[249],[210],0,349,1,8,28,3,1,5,10
1174,21,Belagavi,Theft,Pickpocket,2024-03-14,09:34:00,2024,3,Thursday,9,15.764582,74.540538,Road,3,None,264473,Under Investigation,FIR/2024/021/1174,BI,"[71, 224]","[135, 364]",1,,6,9,31,6,4,6,61
1175,27,Dharwad,Drug Offence,Distribution,2020-11-20,13:57:00,2020,11,Friday,13,15.348744,74.900673,Commercial,5,Knife,0,Closed - Convicted,FIR/2020/027/1175,CC,[295],[337],1,,8,3,9,1,3,2,81
1176,1,Bengaluru Urban,Fraud,Insurance fraud,2025-09-30,17:18:00,2025,9,Tuesday,17,12.879231,77.645719,Market,3,Knife,151050,Under Investigation,FIR/2025/001/1176,A,[16],[140],1,228,1,4,14,2,3,6,1
1177,27,Dharwad,Assault,Road rage,2023-11-20,18:38:00,2023,11,Monday,18,15.524562,74.938279,Park,4,None,0,Open,FIR/2023/027/1177,CC,"[261, 262]",[64],1,229,8,1,4,3,4,4,81
1178,29,Dharwad,Cybercrime,Investment scam,2023-01-17,21:36:00,2023,1,Tuesday,21,15.427685,75.098852,Commercial,4,None,0,Closed - Convicted,FIR/2023/029/1178,CH,[112],[152],0,,8,2,6,1,4,2,86
1179,3,Bengaluru Urban,Theft,Pickpocket,2023-03-13,13:57:00,2023,3,Monday,13,13.087585,77.605981,Commercial,2,None,483405,Closed - Convicted,FIR/2023/003/1179,H,[353],[473],1,348,1,9,31,1,4,2,8
1180,37,Shivamogga,Robbery,Mugging,2025-06-24,13:09:00,2025,6,Tuesday,13,13.95057,75.530541,Public Transport,5,Knife,327189,Closed - Convicted,FIR/2025/037/1180,DE,[87],[442],1,,11,7,25,4,3,2,109
1181,10,Mysuru,Assault,Gang fight,2024-06-15,20:12:00,2024,6,Saturday,20,12.401859,76.715489,Market,3,None,0,Open,FIR/2024/010/1181,AC,"[356, 322, 104]",[509],1,149,3,1,3,2,4,4,29
1182,23,Belagavi,Robbery,Mugging,2024-01-29,09:51:00,2024,1,Monday,9,15.759226,74.615805,Market,5,Firearm,217454,Under Investigation,FIR/2024/023/1182,BQ,"[340, 110, 105]",[496],1,298,6,7,25,2,2,6,69
1183,6,Bengaluru Urban,Theft,Chain snatching,2020-07-27,06:12:00,2020,7,Monday,6,12.872911,77.693172,Market,2,None,376542,Closed - Convicted,FIR/2020/006/1183,P,"[287, 165]",[96],1,,1,9,29,2,4,2,16
1184,3,Bengaluru Urban,Drug Offence,Distribution,2022-09-20,18:42:00,2022,9,Tuesday,18,12.860251,77.612781,Road,4,None,0,Under Investigation,FIR/2022/003/1184,I,"[266, 260, 280]",[26],1,56,1,3,9,6,4,6,9
1185,24,Kalaburagi,Fraud,Land grab,2020-06-28,12:25:00,2020,6,Sunday,12,17.217615,76.884259,Public Transport,4,None,262025,Closed - Convicted,FIR/2020/024/1185,BT,"[376, 122]",[585],0,,7,4,15,4,4,2,72
1186,35,Hassan,Assault,Gang fight,2025-10-25,23:41:00,2025,10,Saturday,23,12.901868,76.108051,Park,4,None,0,Closed - Convicted,FIR/2025/035/1186,CZ,[153],[461],1,140,10,1,3,3,4,2,104
1187,9,Bengaluru Rural,Drug Offence,Distribution,2022-08-10,18:32:00,2022,8,Wednesday,18,13.123143,77.492423,Market,5,Firearm,0,Under Investigation,FIR/2022/009/1187,AA,"[223, 150]",[153],1,,2,3,9,2,2,6,27
1188,13,Mysuru,Drug Offence,Possession,2025-07-20,14:52:00,2025,7,Sunday,14,12.233308,76.661932,Public Transport,4,Firearm,0,Closed - Acquitted,FIR/2025/013/1188,AM,"[266, 48]",[563],0,199,3,3,10,4,2,1,39
1189,34,Hassan,Assault,Brawl,2023-06-07,20:24:00,2023,6,Wednesday,20,12.938934,76.170661,Commercial,4,Firearm,0,Under Investigation,FIR/2023/034/1189,CW,"[172, 128]",[335],1,79,10,1,1,1,2,6,101
1190,41,Udupi,Robbery,Dacoity,2020-02-15,20:36:00,2020,2,Saturday,20,13.285285,74.851336,Road,4,None,346705,Cold Case,FIR/2020/041/1190,DS,[215],[532],0,,12,7,24,6,4,3,123
1191,16,Tumakuru,Cybercrime,Identity theft,2022-12-26,15:35:00,2022,12,Monday,15,13.262477,77.009889,Commercial,4,None,0,Cold Case,FIR/2022/016/1191,AV,[118],[572],1,155,4,2,5,1,4,3,48
1192,34,Hassan,Vandalism,Graffiti,2025-08-15,22:03:00,2025,8,Friday,22,13.075734,76.058986,Market,3,None,0,Under Investigation,FIR/2025/034/1192,CX,[167],[461],0,,10,10,34,2,4,6,102
1193,30,Ballari,Assault,Brawl,2020-08-09,06:21:00,2020,8,Sunday,6,15.195743,77.021375,Park,4,Knife,0,Under Investigation,FIR/2020/030/1193,CL,"[246, 334]",[262],1,211,9,1,1,3,3,6,90
1194,7,Bengaluru Rural,Theft,Chain snatching,2023-12-25,11:56:00,2023,12,Monday,11,13.139367,77.457855,Public Transport,3,None,131103,Under Investigation,FIR/2023/007/1194,S,[45],"[523, 442]",1,43,2,9,29,4,4,6,19
1195,41,Udupi,Assault,Road rage,2020-03-29,13:26:00,2020,3,Sunday,13,13.245208,74.675812,Market,3,Knife,0,Cold Case,FIR/2020/041/1195,DQ,"[281, 164]",[90],0,,12,1,4,2,3,3,121
1196,31,Ballari,Sexual Assault,Rape,2022-04-18,15:54:00,2022,4,Monday,15,15.161251,76.973399,Road,5,Firearm,0,Open,FIR/2022/031/1196,CN,"[66, 107]",[99],0,252,9,8,28,6,2,4,92
1197,3,Bengaluru Urban,Theft,Vehicle theft,2021-06-03,16:05:00,2021,6,Thursday,16,12.935497,77.690643,Park,2,None,313837,Open,FIR/2021/003/1197,H,"[152, 298]","[417, 371]",0,,1,9,32,3,4,4,8
1198,23,Belagavi,Cybercrime,Investment scam,2021-01-26,12:51:00,2021,1,Tuesday,12,15.805667,74.612927,Public Transport,4,None,0,Pending Trial,FIR/2021/023/1198,BP,"[23, 160]","[7, 496]",1,40,6,2,6,4,4,5,68
1199,1,Bengaluru Urban,Assault,Domestic violence,2021-07-27,16:25:00,2021,7,Tuesday,16,12.960986,77.555997,Road,3,Knife,0,Under Investigation,FIR/2021/001/1199,A,"[236, 57, 145]","[245, 159]",1,45,1,1,2,6,3,6,1
1200,12,Mysuru,Robbery,Mugging,2023-12-10,04:54:00,2023,12,Sunday,4,12.228999,76.615809,Commercial,4,Firearm,170846,Under Investigation,FIR/2023/012/1200,AJ,"[183, 174, 262]",[150],0,28,3,7,25,1,2,6,36
1201,16,Tumakuru,Robbery,Mugging,2020-08-23,19:29:00,2020,8,Sunday,19,13.244956,76.999149,Public Transport,5,Blunt Object,1436,Under Investigation,FIR/2020/016/1201,AV,"[384, 351, 224]",[43],0,268,4,7,25,4,1,6,48
1202,6,Bengaluru Urban,Fraud,Impersonation,2022-04-09,13:15:00,2022,4,Saturday,13,13.042578,77.612444,Commercial,3,Blunt Object,147784,Closed - Convicted,FIR/2022/006/1202,R,[357],"[18, 380]",0,,1,4,13,1,1,2,18
1203,27,Dharwad,Robbery,Armed robbery,2024-12-16,09:18:00,2024,12,Monday,9,15.545465,75.057303,Market,5,Knife,216145,Closed - Convicted,FIR/2024/027/1203,CB,[76],[406],0,,8,7,23,2,3,2,80
1204,8,Bengaluru Rural,Assault,Domestic violence,2020-05-21,21:04:00,2020,5,Thursday,21,13.235187,77.46325,Road,4,None,0,Closed - Convicted,FIR/2020/008/1204,W,"[279, 259]",[324],1,127,2,1,2,6,4,2,23
1205,15,Tumakuru,Vandalism,Property destruction,2022-09-02,15:20:00,2022,9,Friday,15,13.403239,77.165277,Park,3,None,0,Pending Trial,FIR/2022/015/1205,AS,[359],"[3, 592]",0,231,4,10,35,3,4,5,45
1206,29,Dharwad,Theft,Vehicle theft,2021-01-27,20:00:00,2021,1,Wednesday,20,15.518106,74.993601,Park,3,None,471084,Closed - Convicted,FIR/2021/029/1206,CG,[95],[174],0,,8,9,32,3,4,2,85
1207,41,Udupi,Fraud,Impersonation,2021-01-14,20:41:00,2021,1,Thursday,20,13.350278,74.713464,Road,3,Knife,316830,Open,FIR/2021/041/1207,DS,[194],[384],0,,12,4,13,6,3,4,123
1208,16,Tumakuru,Theft,Pickpocket,2020-08-22,19:22:00,2020,8,Saturday,19,13.432095,77.138819,Market,3,None,341028,Open,FIR/2020/016/1208,AT,"[311, 394]",[254],0,330,4,9,31,2,4,4,46
1209,32,Ballari,Theft,House break-in,2023-05-13,13:24:00,2023,5,Saturday,13,15.19157,76.952475,Commercial,3,None,244886,Open,FIR/2023/032/1209,CP,"[182, 77, 379]",[208],0,134,9,9,30,1,4,4,94
1210,26,Kalaburagi,Theft,Pickpocket,2025-04-04,18:56:00,2025,4,Friday,18,17.311791,76.870913,Public Transport,3,None,13667,Closed - Convicted,FIR/2025/026/1210,BY,"[231, 57]",[164],0,,7,9,31,4,4,2,77
1211,5,Bengaluru Urban,Theft,Chain snatching,2025-09-30,08:47:00,2025,9,Tuesday,8,13.089166,77.687276,Park,2,None,145929,Closed - Acquitted,FIR/2025/005/1211,M,"[224, 2]",[70],1,,1,9,29,3,4,1,13
1212,4,Bengaluru Urban,Murder,Domestic dispute,2025-08-08,18:25:00,2025,8,Friday,18,12.978172,77.557334,Public Transport,5,Firearm,0,Closed - Acquitted,FIR/2025/004/1212,K,"[343, 342]",[473],1,,1,6,19,4,2,1,11
1213,30,Ballari,Theft,Chain snatching,2025-09-05,22:56:00,2025,9,Friday,22,15.044643,76.882004,Commercial,3,None,227548,Open,FIR/2025/030/1213,CJ,"[396, 377]",[411],1,305,9,9,29,1,4,4,88
1214,24,Kalaburagi,Robbery,Dacoity,2021-04-04,09:52:00,2021,4,Sunday,9,17.218561,76.921977,Market,5,None,240943,Closed - Convicted,FIR/2021/024/1214,BT,"[62, 105, 189]",[583],0,,7,7,24,2,4,2,72
1215,23,Belagavi,Theft,Chain snatching,2024-01-01,15:27:00,2024,1,Monday,15,15.793464,74.572214,Park,3,None,63254,Closed - Convicted,FIR/2024/023/1215,BO,[328],[372],0,,6,9,29,3,4,2,67
1216,33,Hassan,Assault,Road rage,2025-08-06,10:38:00,2025,8,Wednesday,10,13.093996,76.127712,Residence,4,Blunt Object,0,Under Investigation,FIR/2025/033/1216,CT,"[348, 171]",[315],0,,10,1,4,5,1,6,98
1217,8,Bengaluru Rural,Theft,Vehicle theft,2020-05-27,10:39:00,2020,5,Wednesday,10,13.245887,77.661794,Public Transport,3,None,58686,Closed - Convicted,FIR/2020/008/1217,V,[296],[391],0,,2,9,32,4,4,2,22
1218,14,Tumakuru,Robbery,Dacoity,2020-06-02,06:40:00,2020,6,Tuesday,6,13.401417,77.112114,Residence,5,Blunt Object,418299,Closed - Convicted,FIR/2020/014/1218,AP,[165],[544],1,170,4,7,24,5,1,2,42
1219,12,Mysuru,Assault,Domestic violence,2020-08-06,18:38:00,2020,8,Thursday,18,12.361932,76.748865,Park,3,None,0,Under Investigation,FIR/2020/012/1219,AI,[259],[191],0,189,3,1,2,3,4,6,35
1220,8,Bengaluru Rural,Assault,Domestic violence,2021-06-06,10:37:00,2021,6,Sunday,10,13.184319,77.558122,Market,4,Knife,0,Closed - Convicted,FIR/2021/008/1220,W,[5],[582],1,,2,1,2,2,3,2,23
1221,4,Bengaluru Urban,Robbery,Mugging,2025-07-20,20:30:00,2025,7,Sunday,20,12.986611,77.584683,Commercial,4,None,167386,Under Investigation,FIR/2025/004/1221,J,[65],[217],0,354,1,7,25,1,4,6,10
1222,22,Belagavi,Assault,Brawl,2021-07-30,05:10:00,2021,7,Friday,5,15.794902,74.386013,Public Transport,4,None,0,Under Investigation,FIR/2021/022/1222,BM,"[195, 303]",[383],0,103,6,1,1,4,4,6,65
1223,37,Shivamogga,Theft,Chain snatching,2025-03-01,16:51:00,2025,3,Saturday,16,13.885602,75.452077,Market,3,None,480179,Under Investigation,FIR/2025/037/1223,DF,[140],[594],1,,11,9,29,2,4,6,110
1224,2,Bengaluru Urban,Theft,Chain snatching,2025-04-25,09:39:00,2025,4,Friday,9,12.918417,77.614889,Road,2,None,264728,Under Investigation,FIR/2025/002/1224,D,[1],[538],1,,1,9,29,6,4,6,4
1225,40,Udupi,Cybercrime,Identity theft,2021-09-29,11:37:00,2021,9,Wednesday,11,13.328492,74.850878,Road,3,None,0,Under Investigation,FIR/2021/040/1225,DP,[158],[80],0,190,12,2,5,6,4,6,120
1226,26,Kalaburagi,Theft,Pickpocket,2024-08-14,22:53:00,2024,8,Wednesday,22,17.374608,76.806544,Residence,3,None,1702,Pending Trial,FIR/2024/026/1226,BY,[172],"[291, 427]",1,200,7,9,31,5,4,5,77
1227,40,Udupi,Drug Offence,Possession,2021-08-13,17:15:00,2021,8,Friday,17,13.221852,74.822868,Residence,4,Knife,0,Under Investigation,FIR/2021/040/1227,DN,[228],[303],0,,12,3,10,5,3,6,118
1228,17,Dakshina Kannada,Assault,Brawl,2020-07-26,20:03:00,2020,7,Sunday,20,12.78376,75.006963,Road,3,Firearm,0,Open,FIR/2020/017/1228,AX,"[40, 27]",[367],1,,5,1,1,6,2,4,50
1229,6,Bengaluru Urban,Drug Offence,Possession,2021-11-29,17:18:00,2021,11,Monday,17,12.968625,77.570446,Commercial,4,None,0,Closed - Acquitted,FIR/2021/006/1229,R,[22],"[346, 447]",1,346,1,3,10,1,4,1,18
1230,13,Mysuru,Assault,Road rage,2020-02-20,13:33:00,2020,2,Thursday,13,12.40149,76.71143,Park,3,None,0,Under Investigation,FIR/2020/013/1230,AL,[221],[328],0,,3,1,4,3,4,6,38
1231,36,Shivamogga,Theft,Pickpocket,2023-09-10,20:47:00,2023,9,Sunday,20,13.952136,75.488944,Residence,3,None,299069,Closed - Convicted,FIR/2023/036/1231,DB,"[60, 330]",[290],0,146,11,9,31,5,4,2,106
1232,1,Bengaluru Urban,Drug Offence,Possession,2025-10-03,19:44:00,2025,10,Friday,19,13.067907,77.614059,Residence,4,None,0,Pending Trial,FIR/2025/001/1232,B,[146],"[423, 330]",0,231,1,3,10,5,4,5,2
1233,20,Belagavi,Sexual Assault,Molestation,2020-07-30,16:57:00,2020,7,Thursday,16,15.802354,74.451434,Commercial,5,Blunt Object,0,Under Investigation,FIR/2020/020/1233,BH,"[258, 263]","[401, 413]",1,308,6,8,27,1,1,6,60
1234,8,Bengaluru Rural,Theft,Chain snatching,2025-02-15,22:20:00,2025,2,Saturday,22,13.306995,77.666854,Road,3,None,476503,Pending Trial,FIR/2025/008/1234,V,[140],[591],0,,2,9,29,6,4,5,22
1235,2,Bengaluru Urban,Sexual Assault,Molestation,2022-02-20,12:33:00,2022,2,Sunday,12,12.884575,77.499162,Commercial,5,None,0,Under Investigation,FIR/2022/002/1235,E,[274],[242],0,129,1,8,27,1,4,6,5
1236,26,Kalaburagi,Theft,Chain snatching,2025-05-06,11:40:00,2025,5,Tuesday,11,17.396986,76.716707,Residence,3,None,281488,Under Investigation,FIR/2025/026/1236,BY,[127],"[260, 163]",0,,7,9,29,5,4,6,77
1237,2,Bengaluru Urban,Robbery,Armed robbery,2022-03-21,22:40:00,2022,3,Monday,22,13.010162,77.654911,Public Transport,4,Knife,27162,Pending Trial,FIR/2022/002/1237,F,[362],"[437, 405]",0,21,1,7,23,4,3,5,6
1238,29,Dharwad,Cybercrime,Identity theft,2023-04-11,01:03:00,2023,4,Tuesday,1,15.538714,75.05555,Residence,4,Knife,0,Closed - Convicted,FIR/2023/029/1238,CH,"[190, 38]",[505],1,178,8,2,5,5,3,2,86
1239,19,Dakshina Kannada,Murder,Hired killing,2025-12-18,10:42:00,2025,12,Thursday,10,12.766492,75.109541,Park,5,Knife,0,Closed - Convicted,FIR/2025/019/1239,BD,[371],"[240, 595]",0,,5,6,21,3,3,2,56
1240,11,Mysuru,Fraud,Land grab,2024-04-10,23:12:00,2024,4,Wednesday,23,12.326174,76.705896,Public Transport,3,None,481618,Open,FIR/2024/011/1240,AG,[334],[22],0,234,3,4,15,4,4,4,33
1241,15,Tumakuru,Theft,House break-in,2022-08-21,06:52:00,2022,8,Sunday,6,13.320232,77.136163,Residence,3,None,163819,Closed - Convicted,FIR/2022/015/1241,AQ,[42],[327],1,,4,9,30,5,4,2,43
1242,1,Bengaluru Urban,Assault,Road rage,2020-01-26,16:35:00,2020,1,Sunday,16,13.037438,77.546008,Residence,3,Knife,0,Under Investigation,FIR/2020/001/1242,A,[296],[410],0,37,1,1,4,5,3,6,1
1243,16,Tumakuru,Assault,Brawl,2023-08-25,06:22:00,2023,8,Friday,6,13.405374,77.059029,Residence,4,Knife,0,Closed - Convicted,FIR/2023/016/1243,AU,[184],[176],1,,4,1,1,5,3,2,47
1244,13,Mysuru,Drug Offence,Distribution,2023-09-03,13:04:00,2023,9,Sunday,13,12.198904,76.618633,Park,4,Firearm,0,Under Investigation,FIR/2023/013/1244,AM,"[182, 57]","[102, 27]",0,,3,3,9,3,2,6,39
1245,28,Dharwad,Theft,House break-in,2020-02-10,03:46:00,2020,2,Monday,3,15.354473,74.944764,Market,3,None,255257,Closed - Acquitted,FIR/2020/028/1245,CD,"[73, 122]",[430],0,,8,9,30,2,4,1,82
1246,13,Mysuru,Murder,Domestic dispute,2022-06-05,16:52:00,2022,6,Sunday,16,12.209383,76.538643,Commercial,5,Knife,0,Closed - Convicted,FIR/2022/013/1246,AL,[270],"[584, 236]",0,72,3,6,19,1,3,2,38
1247,8,Bengaluru Rural,Theft,Vehicle theft,2024-12-12,22:20:00,2024,12,Thursday,22,13.180147,77.629481,Park,3,None,441063,Pending Trial,FIR/2024/008/1247,V,[112],[314],0,,2,9,32,3,4,5,22
1248,33,Hassan,Robbery,Armed robbery,2020-08-08,19:46:00,2020,8,Saturday,19,13.074353,76.119852,Road,5,Blunt Object,420041,Open,FIR/2020/033/1248,CT,[14],[546],1,,10,7,23,6,1,4,98
1249,6,Bengaluru Urban,Cybercrime,Online fraud,2021-06-12,09:32:00,2021,6,Saturday,9,12.869793,77.535279,Commercial,3,Firearm,0,Open,FIR/2021/006/1249,R,[230],[531],0,324,1,2,7,1,2,4,18
1250,13,Mysuru,Theft,Pickpocket,2023-02-27,17:38:00,2023,2,Monday,17,12.382651,76.724369,Market,2,None,163256,Closed - Convicted,FIR/2023/013/1250,AK,[66],"[287, 193]",0,67,3,9,31,2,4,2,37
1251,7,Bengaluru Rural,Theft,House break-in,2020-09-28,01:51:00,2020,9,Monday,1,13.281029,77.448167,Residence,3,None,176280,Under Investigation,FIR/2020/007/1251,S,[150],[125],0,242,2,9,30,5,4,6,19
1252,10,Mysuru,Cybercrime,Identity theft,2022-08-08,14:22:00,2022,8,Monday,14,12.38235,76.685588,Market,3,Blunt Object,0,Closed - Acquitted,FIR/2022/010/1252,AD,[44],[79],0,,3,2,5,2,1,1,30
1253,36,Shivamogga,Sexual Assault,Rape,2025-07-04,19:30:00,2025,7,Friday,19,14.030178,75.655644,Residence,5,None,0,Closed - Convicted,FIR/2025/036/1253,DD,[246],[79],0,234,11,8,28,5,4,2,108
1254,41,Udupi,Fraud,Cheque fraud,2023-02-11,10:30:00,2023,2,Saturday,10,13.286879,74.650158,Park,3,None,338270,Closed - Convicted,FIR/2023/041/1254,DR,[175],[420],1,,12,4,12,3,4,2,122
1255,2,Bengaluru Urban,Assault,Gang fight,2023-06-30,04:43:00,2023,6,Friday,4,13.001931,77.665486,Park,3,None,0,Pending Trial,FIR/2023/002/1255,E,[249],"[523, 340]",0,201,1,1,3,3,4,5,5
1256,9,Bengaluru Rural,Theft,House break-in,2023-06-06,19:12:00,2023,6,Tuesday,19,13.218647,77.555234,Residence,3,None,270827,Under Investigation,FIR/2023/009/1256,Y,"[162, 129]",[421],1,,2,9,30,5,4,6,25
1257,30,Ballari,Vandalism,Property destruction,2023-12-25,16:29:00,2023,12,Monday,16,15.086385,76.814641,Residence,3,None,0,Closed - Convicted,FIR/2023/030/1257,CK,"[184, 350]",[345],0,,9,10,35,5,4,2,89
1258,29,Dharwad,Drug Offence,Distribution,2024-08-19,18:29:00,2024,8,Monday,18,15.459701,75.013952,Road,5,None,0,Closed - Convicted,FIR/2024/029/1258,CI,"[301, 85, 330]",[139],0,142,8,3,9,6,4,2,87
1259,2,Bengaluru Urban,Drug Offence,Distribution,2023-06-25,22:48:00,2023,6,Sunday,22,13.08852,77.66235,Market,4,Firearm,0,Under Investigation,FIR/2023/002/1259,F,[55],[376],1,,1,3,9,2,2,6,6
1260,20,Belagavi,Assault,Gang fight,2025-06-03,14:33:00,2025,6,Tuesday,14,15.957949,74.413444,Road,4,None,0,Under Investigation,FIR/2025/020/1260,BG,[395],[510],0,9,6,1,3,6,4,6,59
1261,8,Bengaluru Rural,Assault,Gang fight,2020-02-26,09:15:00,2020,2,Wednesday,9,13.189779,77.458981,Public Transport,4,None,0,Open,FIR/2020/008/1261,W,[151],[30],0,,2,1,3,4,4,4,23
1262,37,Shivamogga,Vandalism,Graffiti,2022-11-16,20:51:00,2022,11,Wednesday,20,13.824262,75.49941,Public Transport,3,None,0,Under Investigation,FIR/2022/037/1262,DG,"[134, 117]",[104],0,,11,10,34,4,4,6,111
1263,17,Dakshina Kannada,Robbery,Dacoity,2021-10-20,01:29:00,2021,10,Wednesday,1,12.929018,74.899091,Commercial,4,None,71250,Under Investigation,FIR/2021/017/1263,AW,"[349, 99, 31]",[437],0,,5,7,24,1,4,6,49
1264,24,Kalaburagi,Theft,Pickpocket,2021-11-11,17:23:00,2021,11,Thursday,17,17.425109,76.828211,Commercial,3,None,103709,Closed - Convicted,FIR/2021/024/1264,BR,[139],[472],0,,7,9,31,1,4,2,70
1265,31,Ballari,Theft,House break-in,2022-05-10,12:08:00,2022,5,Tuesday,12,15.229481,76.962621,Market,3,None,34844,Open,FIR/2022/031/1265,CM,[38],"[265, 112]",0,6,9,9,30,2,4,4,91
1266,32,Ballari,Theft,Chain snatching,2022-04-15,03:50:00,2022,4,Friday,3,15.228474,76.843769,Public Transport,3,None,342876,Cold Case,FIR/2022/032/1266,CP,"[159, 136, 84]",[435],0,,9,9,29,4,4,3,94
1267,9,Bengaluru Rural,Robbery,Mugging,2021-05-06,14:53:00,2021,5,Thursday,14,13.309797,77.522741,Market,5,None,216576,Closed - Convicted,FIR/2021/009/1267,AA,"[293, 367]",[277],1,,2,7,25,2,4,2,27
1268,21,Belagavi,Theft,House break-in,2021-09-23,08:33:00,2021,9,Thursday,8,15.883577,74.466199,Road,3,None,95930,Closed - Convicted,FIR/2021/021/1268,BI,[139],"[595, 319]",1,118,6,9,30,6,4,2,61
1269,23,Belagavi,Assault,Domestic violence,2023-09-27,16:10:00,2023,9,Wednesday,16,15.736962,74.384424,Park,4,None,0,Pending Trial,FIR/2023/023/1269,BP,"[162, 24]","[521, 91]",0,151,6,1,2,3,4,5,68
1270,9,Bengaluru Rural,Robbery,Mugging,2025-04-22,15:31:00,2025,4,Tuesday,15,13.147066,77.666039,Road,5,Knife,223943,Under Investigation,FIR/2025/009/1270,AA,[136],[252],1,273,2,7,25,6,3,6,27
1271,33,Hassan,Sexual Assault,Rape,2023-05-04,08:27:00,2023,5,Thursday,8,13.064812,76.090094,Park,5,Knife,0,Pending Trial,FIR/2023/033/1271,CU,"[107, 255]",[234],0,299,10,8,28,3,3,5,99
1272,7,Bengaluru Rural,Theft,Pickpocket,2022-11-07,09:29:00,2022,11,Monday,9,13.165111,77.642058,Road,3,None,396186,Under Investigation,FIR/2022/007/1272,S,[102],[45],0,,2,9,31,6,4,6,19
1273,10,Mysuru,Fraud,Insurance fraud,2025-04-03,16:28:00,2025,4,Thursday,16,12.271113,76.552058,Road,3,None,206696,Closed - Convicted,FIR/2025/010/1273,AC,"[54, 362]",[207],1,,3,4,14,6,4,2,29
1274,15,Tumakuru,Drug Offence,Distribution,2023-05-02,18:43:00,2023,5,Tuesday,18,13.339944,77.124779,Market,5,None,0,Under Investigation,FIR/2023/015/1274,AS,"[80, 236, 286]",[160],0,213,4,3,9,2,4,6,45
1275,17,Dakshina Kannada,Robbery,Mugging,2023-12-22,13:39:00,2023,12,Friday,13,12.833341,74.991698,Public Transport,4,None,458270,Under Investigation,FIR/2023/017/1275,AW,[230],[112],0,55,5,7,25,4,4,6,49
1276,34,Hassan,Theft,Vehicle theft,2023-02-20,10:10:00,2023,2,Monday,10,13.118398,76.074893,Public Transport,3,None,481360,Closed - Acquitted,FIR/2023/034/1276,CV,"[67, 244]",[473],0,21,10,9,32,4,4,1,100
1277,18,Dakshina Kannada,Drug Offence,Trafficking,2023-10-09,07:23:00,2023,10,Monday,7,12.763009,74.960666,Residence,4,None,0,Closed - Acquitted,FIR/2023/018/1277,BB,[63],"[359, 7]",0,245,5,3,11,5,4,1,54
1278,19,Dakshina Kannada,Cybercrime,Phishing,2023-12-31,22:50:00,2023,12,Sunday,22,12.850013,75.04236,Public Transport,3,Knife,0,Open,FIR/2023/019/1278,BD,[400],"[431, 503]",1,118,5,2,8,4,3,4,56
1279,41,Udupi,Vandalism,Graffiti,2022-03-03,08:50:00,2022,3,Thursday,8,13.326612,74.853314,Commercial,2,None,0,Open,FIR/2022/041/1279,DS,"[395, 383]",[82],1,,12,10,34,1,4,4,123
1280,11,Mysuru,Theft,Vehicle theft,2022-10-26,14:33:00,2022,10,Wednesday,14,12.38633,76.679356,Road,2,None,189368,Pending Trial,FIR/2022/011/1280,AE,[176],[509],1,93,3,9,32,6,4,5,31
1281,1,Bengaluru Urban,Assault,Domestic violence,2020-09-25,10:29:00,2020,9,Friday,10,13.011264,77.611003,Public Transport,3,Firearm,0,Closed - Acquitted,FIR/2020/001/1281,A,[244],[239],1,244,1,1,2,4,2,1,1
1282,13,Mysuru,Murder,Property dispute,2020-12-16,16:19:00,2020,12,Wednesday,16,12.188201,76.754289,Park,5,None,0,Closed - Acquitted,FIR/2020/013/1282,AM,[354],[383],0,10,3,6,22,3,4,1,39
1283,1,Bengaluru Urban,Cybercrime,Investment scam,2021-09-09,16:01:00,2021,9,Thursday,16,13.002381,77.495094,Commercial,3,Knife,0,Open,FIR/2021/001/1283,C,[386],[599],0,,1,2,6,1,3,4,3
1284,3,Bengaluru Urban,Theft,Vehicle theft,2020-11-04,17:51:00,2020,11,Wednesday,17,13.038744,77.624321,Park,2,None,15495,Open,FIR/2020/003/1284,H,"[180, 59]",[457],0,,1,9,32,3,4,4,8
1285,35,Hassan,Theft,Chain snatching,2020-01-13,22:18:00,2020,1,Monday,22,12.998366,75.983129,Public Transport,3,None,269083,Closed - Convicted,FIR/2020/035/1285,CY,"[376, 144, 63]","[25, 49]",0,,10,9,29,4,4,2,103
1286,32,Ballari,Robbery,Dacoity,2023-10-16,13:37:00,2023,10,Monday,13,15.200134,76.874279,Residence,5,Firearm,216164,Closed - Convicted,FIR/2023/032/1286,CR,[317],"[449, 181]",1,220,9,7,24,5,2,2,96
1287,22,Belagavi,Theft,Pickpocket,2023-03-25,04:08:00,2023,3,Saturday,4,15.920075,74.598226,Market,3,None,361116,Under Investigation,FIR/2023/022/1287,BL,"[139, 392]",[48],1,,6,9,31,2,4,6,64
1288,17,Dakshina Kannada,Cybercrime,Phishing,2022-04-04,12:57:00,2022,4,Monday,12,12.825979,75.080917,Public Transport,3,Blunt Object,0,Pending Trial,FIR/2022/017/1288,AY,"[386, 194, 230]",[35],0,262,5,2,8,4,1,5,51
1289,24,Kalaburagi,Assault,Gang fight,2023-01-13,22:04:00,2023,1,Friday,22,17.23035,76.80917,Commercial,4,None,0,Under Investigation,FIR/2023/024/1289,BS,"[224, 235]",[440],0,,7,1,3,1,4,6,71
1290,40,Udupi,Sexual Assault,Molestation,2025-02-04,06:03:00,2025,2,Tuesday,6,13.259326,74.760098,Market,5,None,0,Closed - Convicted,FIR/2025/040/1290,DP,"[57, 221]",[365],0,,12,8,27,2,4,2,120
1291,29,Dharwad,Assault,Road rage,2024-12-08,04:18:00,2024,12,Sunday,4,15.489684,74.936017,Park,4,None,0,Cold Case,FIR/2024/029/1291,CI,[261],"[383, 404]",1,113,8,1,4,3,4,3,87
1292,11,Mysuru,Assault,Domestic violence,2023-11-03,08:07:00,2023,11,Friday,8,12.269254,76.635504,Road,3,None,0,Closed - Convicted,FIR/2023/011/1292,AG,[38],[256],0,,3,1,2,6,4,2,33
1293,23,Belagavi,Fraud,Cheque fraud,2024-02-13,19:09:00,2024,2,Tuesday,19,15.773291,74.563842,Commercial,4,Firearm,425301,Under Investigation,FIR/2024/023/1293,BQ,[4],[1],0,,6,4,12,1,2,6,69
1294,14,Tumakuru,Theft,House break-in,2020-10-26,18:52:00,2020,10,Monday,18,13.299111,77.042672,Commercial,3,None,323240,Pending Trial,FIR/2020/014/1294,AN,[166],[549],0,,4,9,30,1,4,5,40
1295,2,Bengaluru Urban,Drug Offence,Possession,2024-10-11,15:01:00,2024,10,Friday,15,13.076874,77.498435,Road,4,None,0,Closed - Convicted,FIR/2024/002/1295,D,[123],[456],1,,1,3,10,6,4,2,4
1296,32,Ballari,Vandalism,Graffiti,2022-03-17,14:35:00,2022,3,Thursday,14,15.177876,76.954263,Public Transport,3,None,0,Open,FIR/2022/032/1296,CR,"[196, 123]",[470],0,,9,10,34,4,4,4,96
1297,20,Belagavi,Fraud,Insurance fraud,2022-11-10,16:53:00,2022,11,Thursday,16,15.83268,74.503346,Road,4,Knife,89307,Under Investigation,FIR/2022/020/1297,BH,[277],[315],0,310,6,4,14,6,3,6,60
1298,33,Hassan,Assault,Domestic violence,2024-09-09,11:45:00,2024,9,Monday,11,13.024069,76.000018,Park,4,Blunt Object,0,Pending Trial,FIR/2024/033/1298,CS,[105],[591],1,,10,1,2,3,1,5,97
1299,2,Bengaluru Urban,Theft,Pickpocket,2022-05-16,18:42:00,2022,5,Monday,18,12.921072,77.540145,Public Transport,2,None,37261,Under Investigation,FIR/2022/002/1299,D,[400],[465],1,,1,9,31,4,4,6,4
1300,30,Ballari,Cybercrime,Investment scam,2024-05-18,12:18:00,2024,5,Saturday,12,15.150934,77.002478,Commercial,4,Firearm,0,Closed - Convicted,FIR/2024/030/1300,CK,[51],[318],0,,9,2,6,1,2,2,89
1301,26,Kalaburagi,Kidnapping,Child abduction,2024-11-08,21:25:00,2024,11,Friday,21,17.325058,76.808872,Market,5,None,0,Closed - Convicted,FIR/2024/026/1301,BZ,[65],[351],0,,7,5,16,2,4,2,78
1302,5,Bengaluru Urban,Assault,Brawl,2023-03-23,16:39:00,2023,3,Thursday,16,12.970426,77.506846,Commercial,3,None,0,Under Investigation,FIR/2023/005/1302,N,[250],"[480, 370]",1,,1,1,1,1,4,6,14
1303,36,Shivamogga,Robbery,Armed robbery,2024-08-23,17:10:00,2024,8,Friday,17,13.93859,75.636173,Road,5,None,199178,Closed - Acquitted,FIR/2024/036/1303,DC,[270],[283],1,,11,7,23,6,4,1,107
1304,13,Mysuru,Assault,Domestic violence,2021-10-26,11:16:00,2021,10,Tuesday,11,12.222355,76.649957,Road,3,None,0,Open,FIR/2021/013/1304,AL,[291],"[245, 248]",1,182,3,1,2,6,4,4,38
1305,17,Dakshina Kannada,Assault,Road rage,2023-11-06,12:31:00,2023,11,Monday,12,12.755823,74.939492,Commercial,3,None,0,Under Investigation,FIR/2023/017/1305,AX,[202],[77],1,,5,1,4,1,4,6,50
1306,34,Hassan,Theft,Pickpocket,2025-01-29,16:56:00,2025,1,Wednesday,16,13.04284,76.089806,Public Transport,3,None,479129,Closed - Convicted,FIR/2025/034/1306,CV,"[337, 124, 169]",[407],0,278,10,9,31,4,4,2,100
1307,37,Shivamogga,Robbery,Dacoity,2024-11-26,06:16:00,2024,11,Tuesday,6,13.966698,75.669722,Market,5,None,314575,Closed - Convicted,FIR/2024/037/1307,DE,[350],[48],0,,11,7,24,2,4,2,109
1308,28,Dharwad,Theft,Chain snatching,2023-06-09,14:30:00,2023,6,Friday,14,15.566655,75.029859,Public Transport,3,None,275361,Closed - Acquitted,FIR/2023/028/1308,CD,[351],"[291, 141]",0,,8,9,29,4,4,1,82
1309,13,Mysuru,Assault,Brawl,2021-01-05,18:08:00,2021,1,Tuesday,18,12.399132,76.723207,Market,3,None,0,Closed - Convicted,FIR/2021/013/1309,AL,"[311, 389]",[321],1,,3,1,1,2,4,2,38
1310,30,Ballari,Theft,Vehicle theft,2021-05-23,06:40:00,2021,5,Sunday,6,15.029352,76.867164,Market,3,None,141904,Under Investigation,FIR/2021/030/1310,CJ,[196],[313],1,218,9,9,32,2,4,6,88
1311,27,Dharwad,Theft,Vehicle theft,2022-05-18,03:22:00,2022,5,Wednesday,3,15.376258,74.933067,Road,3,None,144973,Open,FIR/2022/027/1311,CA,[66],[552],0,305,8,9,32,6,4,4,79
1312,34,Hassan,Fraud,Cheque fraud,2023-01-25,08:03:00,2023,1,Wednesday,8,12.95474,76.051706,Road,4,None,314703,Under Investigation,FIR/2023/034/1312,CX,"[178, 26]",[378],0,,10,4,12,6,4,6,102
1313,38,Shivamogga,Cybercrime,Investment scam,2020-04-10,11:16:00,2020,4,Friday,11,13.882447,75.637156,Road,4,None,0,Closed - Convicted,FIR/2020/038/1313,DI,[318],[496],1,,11,2,6,6,4,2,113
1314,9,Bengaluru Rural,Drug Offence,Trafficking,2025-04-28,10:41:00,2025,4,Monday,10,13.18328,77.530055,Commercial,5,Firearm,0,Pending Trial,FIR/2025/009/1314,Z,[34],[455],1,,2,3,11,1,2,5,26
1315,19,Dakshina Kannada,Assault,Brawl,2022-01-06,14:26:00,2022,1,Thursday,14,12.805301,75.034002,Park,3,Knife,0,Open,FIR/2022/019/1315,BE,[396],[131],0,,5,1,1,3,3,4,57
1316,23,Belagavi,Theft,Pickpocket,2022-04-30,21:53:00,2022,4,Saturday,21,15.882481,74.514355,Park,3,None,337659,Pending Trial,FIR/2022/023/1316,BO,[242],[553],0,,6,9,31,3,4,5,67
1317,31,Ballari,Theft,Pickpocket,2021-06-23,17:55:00,2021,6,Wednesday,17,15.029816,76.909381,Commercial,3,None,314286,Under Investigation,FIR/2021/031/1317,CM,[308],[453],1,,9,9,31,1,4,6,91
1318,6,Bengaluru Urban,Kidnapping,Ransom,2020-12-11,14:05:00,2020,12,Friday,14,13.013202,77.710526,Park,5,None,0,Open,FIR/2020/006/1318,Q,[362],[334],0,129,1,5,18,3,4,4,17
1319,14,Tumakuru,Robbery,Mugging,2022-10-25,09:52:00,2022,10,Tuesday,9,13.404653,77.191307,Market,5,None,3908,Closed - Convicted,FIR/2022/014/1319,AP,[48],[161],1,,4,7,25,2,4,2,42
1320,29,Dharwad,Robbery,Dacoity,2022-09-05,15:10:00,2022,9,Monday,15,15.35017,75.038328,Road,5,Blunt Object,480248,Under Investigation,FIR/2022/029/1320,CI,"[229, 280, 164]",[109],1,302,8,7,24,6,1,6,87
1321,3,Bengaluru Urban,Sexual Assault,Eve-teasing,2024-09-28,23:40:00,2024,9,Saturday,23,12.933706,77.650012,Public Transport,5,Knife,0,Closed - Convicted,FIR/2024/003/1321,I,[244],"[339, 291]",1,,1,8,26,4,3,2,9
1322,30,Ballari,Cybercrime,Identity theft,2023-03-30,14:51:00,2023,3,Thursday,14,15.071384,76.845515,Park,4,Knife,0,Pending Trial,FIR/2023/030/1322,CK,[194],[424],1,,9,2,5,3,3,5,89
1323,13,Mysuru,Robbery,Mugging,2023-07-04,12:13:00,2023,7,Tuesday,12,12.412947,76.535716,Park,4,None,202692,Under Investigation,FIR/2023/013/1323,AM,"[188, 56, 374]","[512, 406]",1,,3,7,25,3,4,6,39
1324,21,Belagavi,Fraud,Cheque fraud,2020-06-20,19:58:00,2020,6,Saturday,19,15.952502,74.546981,Public Transport,4,None,142631,Under Investigation,FIR/2020/021/1324,BJ,[162],[584],1,,6,4,12,4,4,6,62
1325,12,Mysuru,Vandalism,Property destruction,2023-08-28,11:46:00,2023,8,Monday,11,12.26055,76.739674,Residence,2,None,0,Under Investigation,FIR/2023/012/1325,AI,"[369, 102]",[134],1,220,3,10,35,5,4,6,35
1326,20,Belagavi,Theft,Vehicle theft,2025-04-16,06:34:00,2025,4,Wednesday,6,15.919318,74.414961,Commercial,3,None,334691,Closed - Convicted,FIR/2025/020/1326,BF,[74],[206],1,311,6,9,32,1,4,2,58
1327,41,Udupi,Robbery,Armed robbery,2023-06-05,21:25:00,2023,6,Monday,21,13.354578,74.628239,Residence,4,Blunt Object,28539,Pending Trial,FIR/2023/041/1327,DS,"[347, 331]",[337],0,,12,7,23,5,1,5,123
1328,19,Dakshina Kannada,Drug Offence,Trafficking,2025-02-18,02:39:00,2025,2,Tuesday,2,12.952012,74.975192,Public Transport,4,Blunt Object,0,Under Investigation,FIR/2025/019/1328,BD,[156],[402],1,,5,3,11,4,1,6,56
1329,1,Bengaluru Urban,Cybercrime,Phishing,2022-05-11,16:26:00,2022,5,Wednesday,16,13.062511,77.653017,Commercial,3,None,0,Under Investigation,FIR/2022/001/1329,C,"[9, 272, 168]",[186],0,290,1,2,8,1,4,6,3
1330,10,Mysuru,Theft,Vehicle theft,2023-09-03,20:47:00,2023,9,Sunday,20,12.292882,76.671082,Road,2,None,381501,Closed - Convicted,FIR/2023/010/1330,AB,[212],"[170, 485]",1,,3,9,32,6,4,2,28
1331,16,Tumakuru,Theft,House break-in,2024-10-29,07:25:00,2024,10,Tuesday,7,13.302725,77.222262,Park,3,None,25269,Cold Case,FIR/2024/016/1331,AT,[374],[90],1,,4,9,30,3,4,3,46
1332,36,Shivamogga,Robbery,Dacoity,2025-10-30,22:33:00,2025,10,Thursday,22,14.036135,75.595958,Road,5,None,356610,Pending Trial,FIR/2025/036/1332,DC,[129],[261],0,,11,7,24,6,4,5,107
1333,6,Bengaluru Urban,Assault,Gang fight,2023-08-20,07:51:00,2023,8,Sunday,7,13.011733,77.540137,Road,3,Blunt Object,0,Under Investigation,FIR/2023/006/1333,Q,"[277, 117]",[241],1,,1,1,3,6,1,6,17
1334,18,Dakshina Kannada,Assault,Brawl,2021-07-07,20:53:00,2021,7,Wednesday,20,12.772638,75.101733,Road,3,None,0,Closed - Acquitted,FIR/2021/018/1334,BA,"[127, 324]","[565, 3]",1,257,5,1,1,6,4,1,53
1335,24,Kalaburagi,Theft,Pickpocket,2021-09-19,07:37:00,2021,9,Sunday,7,17.246157,76.731867,Market,3,None,34900,Under Investigation,FIR/2021/024/1335,BR,[203],[223],0,249,7,9,31,2,4,6,70
1336,3,Bengaluru Urban,Theft,Pickpocket,2024-10-12,03:11:00,2024,10,Saturday,3,12.878575,77.623982,Public Transport,2,None,333239,Under Investigation,FIR/2024/003/1336,H,"[126, 51]",[468],0,358,1,9,31,4,4,6,8
1337,1,Bengaluru Urban,Cybercrime,Online fraud,2025-03-11,13:55:00,2025,3,Tuesday,13,13.081876,77.525616,Residence,3,Blunt Object,0,Pending Trial,FIR/2025/001/1337,C,"[151, 159]",[264],1,146,1,2,7,5,1,5,3
1338,32,Ballari,Robbery,Dacoity,2021-04-17,23:29:00,2021,4,Saturday,23,15.03346,76.973128,Park,5,None,475064,Open,FIR/2021/032/1338,CR,[6],[145],1,267,9,7,24,3,4,4,96
1339,1,Bengaluru Urban,Fraud,Land grab,2023-03-05,17:45:00,2023,3,Sunday,17,12.878968,77.67557,Road,3,Knife,451475,Closed - Convicted,FIR/2023/001/1339,B,[195],[13],1,,1,4,15,6,3,2,2
1340,35,Hassan,Theft,House break-in,2022-02-04,14:28:00,2022,2,Friday,14,12.973427,76.13763,Road,3,None,228931,Under Investigation,FIR/2022/035/1340,CY,[84],[115],1,,10,9,30,6,4,6,103
1341,14,Tumakuru,Theft,Chain snatching,2025-07-16,07:01:00,2025,7,Wednesday,7,13.39969,77.093514,Public Transport,3,None,386324,Open,FIR/2025/014/1341,AN,[58],"[480, 550]",1,97,4,9,29,4,4,4,40
1342,33,Hassan,Robbery,Mugging,2021-11-24,10:28:00,2021,11,Wednesday,10,12.890578,76.021368,Residence,5,None,449382,Open,FIR/2021/033/1342,CT,"[154, 43]",[347],1,312,10,7,25,5,4,4,98
1343,34,Hassan,Theft,Pickpocket,2020-09-05,02:21:00,2020,9,Saturday,2,12.964164,76.057035,Commercial,3,None,216457,Pending Trial,FIR/2020/034/1343,CV,[257],[561],1,,10,9,31,1,4,5,100
1344,17,Dakshina Kannada,Assault,Gang fight,2020-07-21,16:00:00,2020,7,Tuesday,16,12.898058,75.109085,Commercial,3,Blunt Object,0,Under Investigation,FIR/2020/017/1344,AX,"[202, 140]",[42],1,,5,1,3,1,1,6,50
1345,29,Dharwad,Theft,Chain snatching,2022-09-19,16:08:00,2022,9,Monday,16,15.47443,74.916073,Road,3,None,393953,Open,FIR/2022/029/1345,CG,"[121, 67]",[111],1,101,8,9,29,6,4,4,85
1346,25,Kalaburagi,Assault,Brawl,2020-06-10,09:01:00,2020,6,Wednesday,9,17.21965,76.789852,Public Transport,4,None,0,Closed - Convicted,FIR/2020/025/1346,BV,[241],[280],0,181,7,1,1,4,4,2,74
1347,29,Dharwad,Assault,Gang fight,2022-03-10,07:42:00,2022,3,Thursday,7,15.553516,75.076303,Commercial,4,None,0,Under Investigation,FIR/2022/029/1347,CI,[29],[26],0,,8,1,3,1,4,6,87
1348,34,Hassan,Theft,Pickpocket,2021-05-24,22:48:00,2021,5,Monday,22,12.95265,76.198409,Public Transport,3,None,472970,Open,FIR/2021/034/1348,CV,"[256, 356]",[450],1,,10,9,31,4,4,4,100
1349,2,Bengaluru Urban,Theft,Pickpocket,2021-09-19,14:28:00,2021,9,Sunday,14,12.931065,77.698277,Residence,2,None,463633,Open,FIR/2021/002/1349,D,[239],[42],1,,1,9,31,5,4,4,4
1350,23,Belagavi,Kidnapping,Child abduction,2025-01-25,09:55:00,2025,1,Saturday,9,15.840208,74.410336,Market,5,Blunt Object,0,Closed - Convicted,FIR/2025/023/1350,BQ,"[374, 77]",[362],1,,6,5,16,2,1,2,69
1351,31,Ballari,Fraud,Insurance fraud,2025-08-18,23:11:00,2025,8,Monday,23,15.249156,76.950056,Market,4,Firearm,467533,Closed - Convicted,FIR/2025/031/1351,CO,"[98, 111]",[348],0,314,9,4,14,2,2,2,93
1352,16,Tumakuru,Assault,Gang fight,2024-10-01,17:45:00,2024,10,Tuesday,17,13.344742,77.18109,Residence,4,Blunt Object,0,Closed - Convicted,FIR/2024/016/1352,AU,[147],[466],0,364,4,1,3,5,1,2,47
1353,16,Tumakuru,Cybercrime,Investment scam,2025-02-02,20:10:00,2025,2,Sunday,20,13.255225,77.057043,Road,4,None,0,Under Investigation,FIR/2025/016/1353,AV,"[116, 121, 160]","[400, 162]",1,135,4,2,6,6,4,6,48
1354,9,Bengaluru Rural,Theft,Chain snatching,2022-03-14,18:56:00,2022,3,Monday,18,13.161008,77.68105,Park,3,None,219986,Open,FIR/2022/009/1354,Y,[206],[541],1,142,2,9,29,3,4,4,25
1355,18,Dakshina Kannada,Robbery,Dacoity,2021-04-25,21:58:00,2021,4,Sunday,21,12.950191,74.918813,Commercial,4,Knife,466306,Closed - Convicted,FIR/2021/018/1355,BB,"[76, 44]",[479],1,,5,7,24,1,3,2,54
1356,11,Mysuru,Drug Offence,Possession,2025-12-16,09:19:00,2025,12,Tuesday,9,12.32591,76.591461,Park,4,None,0,Open,FIR/2025/011/1356,AF,[57],"[77, 166]",0,,3,3,10,3,4,4,32
1357,12,Mysuru,Sexual Assault,Eve-teasing,2024-05-05,17:11:00,2024,5,Sunday,17,12.386626,76.757167,Residence,5,None,0,Pending Trial,FIR/2024/012/1357,AI,[226],[331],0,331,3,8,26,5,4,5,35
1358,37,Shivamogga,Fraud,Insurance fraud,2022-09-09,15:03:00,2022,9,Friday,15,14.004185,75.510762,Public Transport,4,Blunt Object,93020,Pending Trial,FIR/2022/037/1358,DG,"[334, 39, 271]",[285],1,,11,4,14,4,1,5,111
1359,36,Shivamogga,Theft,House break-in,2022-03-16,19:01:00,2022,3,Wednesday,19,13.83193,75.508339,Residence,3,None,161763,Under Investigation,FIR/2022/036/1359,DB,"[123, 381, 245]",[394],1,213,11,9,30,5,4,6,106
1360,1,Bengaluru Urban,Assault,Gang fight,2021-04-12,13:01:00,2021,4,Monday,13,13.059181,77.624997,Road,3,Blunt Object,0,Pending Trial,FIR/2021/001/1360,A,[229],"[105, 151]",1,218,1,1,3,6,1,5,1
1361,5,Bengaluru Urban,Fraud,Insurance fraud,2024-11-28,17:22:00,2024,11,Thursday,17,12.87617,77.690694,Road,3,Firearm,23121,Open,FIR/2024/005/1361,O,[72],[196],1,,1,4,14,6,2,4,15
1362,11,Mysuru,Assault,Gang fight,2025-09-25,08:40:00,2025,9,Thursday,8,12.397921,76.533819,Commercial,3,None,0,Under Investigation,FIR/2025/011/1362,AG,[41],[562],0,,3,1,3,1,4,6,33
1363,40,Udupi,Cybercrime,Investment scam,2025-08-31,03:10:00,2025,8,Sunday,3,13.235697,74.638288,Road,3,None,0,Under Investigation,FIR/2025/040/1363,DP,[139],[402],1,,12,2,6,6,4,6,120
1364,35,Hassan,Sexual Assault,Molestation,2023-12-20,09:23:00,2023,12,Wednesday,9,13.055911,76.182634,Market,5,Firearm,0,Closed - Convicted,FIR/2023/035/1364,DA,"[363, 308]",[332],0,,10,8,27,2,2,2,105
1365,11,Mysuru,Assault,Brawl,2023-10-24,15:31:00,2023,10,Tuesday,15,12.288415,76.716391,Public Transport,3,Knife,0,Closed - Convicted,FIR/2023/011/1365,AG,"[107, 200]",[17],1,140,3,1,1,4,3,2,33
1366,35,Hassan,Theft,Pickpocket,2023-02-23,05:36:00,2023,2,Thursday,5,12.943532,76.21384,Park,3,None,331703,Under Investigation,FIR/2023/035/1366,CY,[14],"[544, 365]",1,317,10,9,31,3,4,6,103
1367,27,Dharwad,Theft,House break-in,2025-03-31,21:01:00,2025,3,Monday,21,15.417297,74.907453,Residence,3,None,204168,Open,FIR/2025/027/1367,CA,[30],[298],1,,8,9,30,5,4,4,79
1368,7,Bengaluru Rural,Assault,Domestic violence,2023-02-10,12:37:00,2023,2,Friday,12,13.19901,77.68354,Commercial,4,None,0,Closed - Acquitted,FIR/2023/007/1368,T,"[120, 165]",[247],0,,2,1,2,1,4,1,20
1369,38,Shivamogga,Robbery,Mugging,2024-09-05,13:59:00,2024,9,Thursday,13,13.995676,75.558199,Market,5,None,81112,Under Investigation,FIR/2024/038/1369,DJ,[130],[362],0,,11,7,25,2,4,6,114
1370,36,Shivamogga,Fraud,Impersonation,2025-02-18,18:54:00,2025,2,Tuesday,18,13.82965,75.566126,Park,4,Knife,294968,Closed - Convicted,FIR/2025/036/1370,DD,[87],"[492, 180]",1,320,11,4,13,3,3,2,108
1371,26,Kalaburagi,Assault,Brawl,2021-08-05,10:52:00,2021,8,Thursday,10,17.333782,76.778909,Commercial,4,Blunt Object,0,Closed - Convicted,FIR/2021/026/1371,BX,[31],[92],1,,7,1,1,1,1,2,76
1372,21,Belagavi,Assault,Road rage,2022-06-25,13:34:00,2022,6,Saturday,13,15.89942,74.426112,Park,4,Knife,0,Under Investigation,FIR/2022/021/1372,BJ,"[247, 193, 362]",[165],0,,6,1,4,3,3,6,62
1373,2,Bengaluru Urban,Theft,House break-in,2021-07-30,20:25:00,2021,7,Friday,20,12.900678,77.687035,Public Transport,2,None,99014,Under Investigation,FIR/2021/002/1373,D,[270],[539],0,,1,9,30,4,4,6,4
1374,39,Udupi,Sexual Assault,Molestation,2022-06-14,04:32:00,2022,6,Tuesday,4,13.245478,74.851168,Residence,5,None,0,Cold Case,FIR/2022/039/1374,DM,[44],"[394, 50]",1,,12,8,27,5,4,3,117
1375,24,Kalaburagi,Theft,Pickpocket,2025-12-07,11:19:00,2025,12,Sunday,11,17.366346,76.921905,Road,3,None,116663,Under Investigation,FIR/2025/024/1375,BR,[93],[204],1,35,7,9,31,6,4,6,70
1376,3,Bengaluru Urban,Assault,Gang fight,2025-06-11,22:46:00,2025,6,Wednesday,22,12.971281,77.584444,Public Transport,3,Knife,0,Under Investigation,FIR/2025/003/1376,G,[123],"[351, 468]",0,129,1,1,3,4,3,6,7
1377,33,Hassan,Theft,House break-in,2022-10-21,19:22:00,2022,10,Friday,19,13.06006,76.006191,Commercial,3,None,194754,Under Investigation,FIR/2022/033/1377,CS,[196],[588],0,,10,9,30,1,4,6,97
1378,9,Bengaluru Rural,Theft,Vehicle theft,2022-02-11,07:56:00,2022,2,Friday,7,13.166254,77.62655,Market,3,None,411810,Open,FIR/2022/009/1378,Y,[336],[345],1,71,2,9,32,2,4,4,25
1379,28,Dharwad,Theft,Chain snatching,2023-02-26,12:06:00,2023,2,Sunday,12,15.578678,75.066924,Road,3,None,488922,Pending Trial,FIR/2023/028/1379,CD,[260],[161],0,131,8,9,29,6,4,5,82
1380,9,Bengaluru Rural,Assault,Gang fight,2022-10-17,17:11:00,2022,10,Monday,17,13.091483,77.583729,Residence,4,None,0,Closed - Convicted,FIR/2022/009/1380,Z,"[87, 177]",[35],0,237,2,1,3,5,4,2,26
1381,8,Bengaluru Rural,Theft,Vehicle theft,2022-12-19,16:49:00,2022,12,Monday,16,13.293163,77.589718,Road,3,None,201375,Closed - Convicted,FIR/2022/008/1381,V,"[368, 302]","[308, 367]",0,,2,9,32,6,4,2,22
1382,38,Shivamogga,Theft,Chain snatching,2023-04-15,11:27:00,2023,4,Saturday,11,13.887043,75.505282,Residence,3,None,158942,Closed - Acquitted,FIR/2023/038/1382,DH,[16],[380],1,,11,9,29,5,4,1,112
1383,22,Belagavi,Theft,Pickpocket,2020-10-10,15:37:00,2020,10,Saturday,15,15.846836,74.542698,Road,3,None,392487,Pending Trial,FIR/2020/022/1383,BL,"[64, 351]",[463],1,329,6,9,31,6,4,5,64
1384,22,Belagavi,Sexual Assault,Eve-teasing,2021-06-09,02:44:00,2021,6,Wednesday,2,15.92109,74.452001,Residence,5,Knife,0,Closed - Convicted,FIR/2021/022/1384,BN,[248],"[34, 508]",0,51,6,8,26,5,3,2,66
1385,15,Tumakuru,Cybercrime,Online fraud,2025-06-19,08:39:00,2025,6,Thursday,8,13.382356,77.018373,Public Transport,4,Knife,0,Under Investigation,FIR/2025/015/1385,AS,"[180, 247]",[182],0,,4,2,7,4,3,6,45
1386,13,Mysuru,Fraud,Impersonation,2025-06-29,16:57:00,2025,6,Sunday,16,12.396702,76.749673,Road,3,Knife,187995,Closed - Convicted,FIR/2025/013/1386,AK,"[217, 201]",[521],1,214,3,4,13,6,3,2,37
1387,6,Bengaluru Urban,Fraud,Impersonation,2023-05-20,11:36:00,2023,5,Saturday,11,13.075813,77.531956,Commercial,3,Knife,62609,Closed - Convicted,FIR/2023/006/1387,R,[328],[583],1,,1,4,13,1,3,2,18
1388,27,Dharwad,Vandalism,Property destruction,2021-06-23,13:58:00,2021,6,Wednesday,13,15.356814,74.923462,Road,3,None,0,Pending Trial,FIR/2021/027/1388,CB,[207],[132],0,,8,10,35,6,4,5,80
1389,20,Belagavi,Assault,Gang fight,2025-06-14,16:19:00,2025,6,Saturday,16,15.866756,74.576247,Public Transport,4,None,0,Open,FIR/2025/020/1389,BG,"[210, 379]",[586],0,105,6,1,3,4,4,4,59
1390,25,Kalaburagi,Assault,Domestic violence,2022-01-09,16:52:00,2022,1,Sunday,16,17.228559,76.774406,Public Transport,4,Blunt Object,0,Pending Trial,FIR/2022/025/1390,BV,[62],[289],1,56,7,1,2,4,1,5,74
1391,39,Udupi,Theft,Chain snatching,2022-09-25,18:43:00,2022,9,Sunday,18,13.421745,74.709177,Residence,2,None,101003,Open,FIR/2022/039/1391,DK,[199],[154],1,181,12,9,29,5,4,4,115
1392,32,Ballari,Assault,Gang fight,2023-03-31,17:49:00,2023,3,Friday,17,15.093653,76.816972,Public Transport,4,None,0,Open,FIR/2023/032/1392,CQ,"[5, 364]",[164],1,,9,1,3,4,4,4,95
1393,29,Dharwad,Robbery,Dacoity,2024-04-09,20:47:00,2024,4,Tuesday,20,15.369458,75.061711,Market,5,None,6745,Pending Trial,FIR/2024/029/1393,CH,"[212, 42]",[528],1,,8,7,24,2,4,5,86
1394,38,Shivamogga,Robbery,Dacoity,2024-08-18,06:42:00,2024,8,Sunday,6,13.890262,75.668535,Park,5,None,244649,Under Investigation,FIR/2024/038/1394,DJ,"[33, 364, 53]",[168],0,201,11,7,24,3,4,6,114
1395,28,Dharwad,Robbery,Armed robbery,2024-05-25,22:46:00,2024,5,Saturday,22,15.411792,74.929845,Park,5,Blunt Object,146738,Under Investigation,FIR/2024/028/1395,CF,[127],[335],0,,8,7,23,3,1,6,84
1396,4,Bengaluru Urban,Drug Offence,Distribution,2023-02-13,10:53:00,2023,2,Monday,10,12.938294,77.557409,Residence,4,None,0,Under Investigation,FIR/2023/004/1396,K,"[342, 381]",[206],0,353,1,3,9,5,4,6,11
1397,22,Belagavi,Robbery,Armed robbery,2023-11-03,20:52:00,2023,11,Friday,20,15.917781,74.437586,Public Transport,5,None,65956,Closed - Convicted,FIR/2023/022/1397,BM,[257],[64],1,319,6,7,23,4,4,2,65
1398,19,Dakshina Kannada,Fraud,Cheque fraud,2025-08-12,20:10:00,2025,8,Tuesday,20,12.867654,74.99128,Road,3,Knife,307810,Under Investigation,FIR/2025/019/1398,BE,[87],"[76, 336]",1,205,5,4,12,6,3,6,57
1399,6,Bengaluru Urban,Robbery,Mugging,2024-12-09,13:53:00,2024,12,Monday,13,12.973555,77.713429,Market,4,Knife,344220,Under Investigation,FIR/2024/006/1399,Q,"[361, 385, 199]",[582],0,,1,7,25,2,3,6,17
1400,9,Bengaluru Rural,Assault,Road rage,2023-04-29,21:42:00,2023,4,Saturday,21,13.274056,77.625385,Road,4,None,0,Pending Trial,FIR/2023/009/1400,Z,[246],"[420, 405]",0,175,2,1,4,6,4,5,26
1401,2,Bengaluru Urban,Drug Offence,Possession,2021-01-05,17:23:00,2021,1,Tuesday,17,13.024463,77.653355,Park,4,None,0,Under Investigation,FIR/2021/002/1401,E,[73],"[578, 374]",0,79,1,3,10,3,4,6,5
1402,41,Udupi,Assault,Gang fight,2024-04-17,19:35:00,2024,4,Wednesday,19,13.382025,74.720443,Residence,3,None,0,Closed - Convicted,FIR/2024/041/1402,DQ,"[253, 274]",[449],0,,12,1,3,5,4,2,121
1403,36,Shivamogga,Kidnapping,Ransom,2020-09-30,19:00:00,2020,9,Wednesday,19,13.948582,75.550562,Residence,5,None,0,Under Investigation,FIR/2020/036/1403,DD,"[220, 113]",[18],0,,11,5,18,5,4,6,108
1404,25,Kalaburagi,Robbery,Mugging,2020-01-04,07:40:00,2020,1,Saturday,7,17.360642,76.714902,Residence,5,Blunt Object,213929,Under Investigation,FIR/2020/025/1404,BW,[167],[294],1,,7,7,25,5,1,6,75
1405,13,Mysuru,Cybercrime,Online fraud,2024-05-26,17:46:00,2024,5,Sunday,17,12.317482,76.697647,Market,3,None,0,Closed - Convicted,FIR/2024/013/1405,AM,[218],"[546, 508]",0,,3,2,7,2,4,2,39
1406,35,Hassan,Theft,Vehicle theft,2023-09-15,08:06:00,2023,9,Friday,8,13.028351,76.022563,Park,3,None,469020,Open,FIR/2023/035/1406,CY,"[215, 66]",[508],1,8,10,9,32,3,4,4,103
1407,6,Bengaluru Urban,Drug Offence,Trafficking,2021-05-15,20:38:00,2021,5,Saturday,20,13.036056,77.477719,Public Transport,4,None,0,Under Investigation,FIR/2021/006/1407,R,[297],[36],1,,1,3,11,4,4,6,18
1408,15,Tumakuru,Cybercrime,Investment scam,2023-03-05,14:54:00,2023,3,Sunday,14,13.355289,77.194167,Residence,4,None,0,Closed - Convicted,FIR/2023/015/1408,AS,"[17, 284]",[108],1,113,4,2,6,5,4,2,45
1409,10,Mysuru,Theft,Pickpocket,2023-12-05,22:08:00,2023,12,Tuesday,22,12.305775,76.580149,Road,2,None,473427,Closed - Convicted,FIR/2023/010/1409,AB,"[90, 184]",[107],0,,3,9,31,6,4,2,28
1410,1,Bengaluru Urban,Assault,Domestic violence,2023-03-03,09:52:00,2023,3,Friday,9,12.987132,77.623747,Residence,3,None,0,Closed - Convicted,FIR/2023/001/1410,A,"[302, 19]",[234],0,,1,1,2,5,4,2,1
1411,25,Kalaburagi,Fraud,Cheque fraud,2024-05-05,19:53:00,2024,5,Sunday,19,17.348237,76.791143,Market,4,None,295790,Closed - Convicted,FIR/2024/025/1411,BW,"[37, 104, 400]","[318, 18]",1,,7,4,12,2,4,2,75
1412,19,Dakshina Kannada,Cybercrime,Identity theft,2020-03-28,16:06:00,2020,3,Saturday,16,12.821592,74.908659,Market,3,None,0,Open,FIR/2020/019/1412,BC,"[341, 105]",[459],1,3,5,2,5,2,4,4,55
1413,31,Ballari,Theft,House break-in,2020-11-23,08:20:00,2020,11,Monday,8,15.072983,77.009509,Commercial,3,None,229488,Closed - Acquitted,FIR/2020/031/1413,CM,[241],[58],0,,9,9,30,1,4,1,91
1414,36,Shivamogga,Assault,Domestic violence,2020-05-16,22:03:00,2020,5,Saturday,22,13.93726,75.683916,Park,4,Blunt Object,0,Closed - Convicted,FIR/2020/036/1414,DC,[225],[367],0,214,11,1,2,3,1,2,107
1415,1,Bengaluru Urban,Robbery,Mugging,2025-12-10,17:07:00,2025,12,Wednesday,17,13.006018,77.538509,Commercial,4,Firearm,33630,Open,FIR/2025/001/1415,B,[340],"[388, 332]",0,133,1,7,25,1,2,4,2
1416,24,Kalaburagi,Theft,House break-in,2023-07-19,13:28:00,2023,7,Wednesday,13,17.252348,76.820717,Park,3,None,76659,Cold Case,FIR/2023/024/1416,BR,[153],[531],0,,7,9,30,3,4,3,70
1417,39,Udupi,Assault,Brawl,2021-04-05,22:23:00,2021,4,Monday,22,13.403755,74.646826,Residence,3,Blunt Object,0,Closed - Acquitted,FIR/2021/039/1417,DM,[377],[256],0,216,12,1,1,5,1,1,117
1418,32,Ballari,Vandalism,Arson,2024-02-17,14:42:00,2024,2,Saturday,14,15.227158,77.038977,Market,3,None,0,Under Investigation,FIR/2024/032/1418,CQ,[312],[517],1,360,9,10,33,2,4,6,95
1419,4,Bengaluru Urban,Theft,Chain snatching,2023-08-03,05:27:00,2023,8,Thursday,5,13.072818,77.546407,Residence,2,None,407594,Under Investigation,FIR/2023/004/1419,L,"[177, 193]",[247],1,,1,9,29,5,4,6,12
1420,24,Kalaburagi,Theft,House break-in,2025-01-25,06:21:00,2025,1,Saturday,6,17.416958,76.92401,Park,3,None,285168,Open,FIR/2025/024/1420,BR,"[272, 327]",[197],0,,7,9,30,3,4,4,70
1421,10,Mysuru,Assault,Gang fight,2021-03-26,19:33:00,2021,3,Friday,19,12.269324,76.557969,Market,3,Knife,0,Under Investigation,FIR/2021/010/1421,AC,"[262, 324, 194]",[474],0,,3,1,3,2,3,6,29
1422,41,Udupi,Assault,Domestic violence,2023-11-12,15:17:00,2023,11,Sunday,15,13.402682,74.802604,Road,3,Blunt Object,0,Open,FIR/2023/041/1422,DQ,"[212, 270]",[194],0,365,12,1,2,6,1,4,121
1423,12,Mysuru,Kidnapping,Human trafficking,2022-07-02,19:32:00,2022,7,Saturday,19,12.176034,76.744769,Commercial,5,None,0,Open,FIR/2022/012/1423,AJ,"[201, 95, 179]",[594],1,33,3,5,17,1,4,4,36
1424,35,Hassan,Cybercrime,Phishing,2025-12-10,11:05:00,2025,12,Wednesday,11,12.887664,76.19403,Park,4,None,0,Under Investigation,FIR/2025/035/1424,DA,[116],[163],0,,10,2,8,3,4,6,105
1425,1,Bengaluru Urban,Robbery,Mugging,2024-04-06,07:28:00,2024,4,Saturday,7,13.050396,77.595499,Market,4,Knife,31290,Under Investigation,FIR/2024/001/1425,B,"[335, 72]",[152],1,,1,7,25,2,3,6,2
1426,25,Kalaburagi,Theft,Vehicle theft,2023-05-05,05:24:00,2023,5,Friday,5,17.37292,76.912061,Park,3,None,230352,Open,FIR/2023/025/1426,BU,"[90, 108, 11]",[371],0,341,7,9,32,3,4,4,73
1427,14,Tumakuru,Robbery,Armed robbery,2024-06-12,01:15:00,2024,6,Wednesday,1,13.350886,77.090287,Park,5,None,123530,Pending Trial,FIR/2024/014/1427,AP,[81],[156],1,146,4,7,23,3,4,5,42
1428,32,Ballari,Theft,Pickpocket,2021-01-04,23:51:00,2021,1,Monday,23,15.08039,76.957879,Road,3,None,373990,Pending Trial,FIR/2021/032/1428,CP,[349],[98],1,,9,9,31,6,4,5,94
1429,28,Dharwad,Theft,Vehicle theft,2025-11-16,20:23:00,2025,11,Sunday,20,15.412346,74.957425,Residence,3,None,85375,Pending Trial,FIR/2025/028/1429,CD,[326],[388],0,1,8,9,32,5,4,5,82
1430,33,Hassan,Robbery,Mugging,2020-11-22,19:24:00,2020,11,Sunday,19,13.072593,76.15969,Public Transport,5,Blunt Object,9220,Closed - Convicted,FIR/2020/033/1430,CT,"[31, 94]","[7, 304]",0,262,10,7,25,4,1,2,98
1431,41,Udupi,Cybercrime,Investment scam,2021-07-03,06:17:00,2021,7,Saturday,6,13.226637,74.715427,Residence,3,None,0,Pending Trial,FIR/2021/041/1431,DR,[279],[482],1,350,12,2,6,5,4,5,122
1432,18,Dakshina Kannada,Theft,Vehicle theft,2025-11-19,13:12:00,2025,11,Wednesday,13,12.902009,75.073313,Residence,2,None,323247,Under Investigation,FIR/2025/018/1432,AZ,[40],"[16, 476]",1,,5,9,32,5,4,6,52
1433,23,Belagavi,Cybercrime,Online fraud,2024-10-09,07:28:00,2024,10,Wednesday,7,15.859513,74.433856,Road,4,Knife,0,Under Investigation,FIR/2024/023/1433,BP,[102],[512],1,,6,2,7,6,3,6,68
1434,5,Bengaluru Urban,Theft,Vehicle theft,2023-04-13,09:11:00,2023,4,Thursday,9,13.048566,77.517777,Road,2,None,266868,Closed - Convicted,FIR/2023/005/1434,M,"[282, 37, 183]",[186],1,,1,9,32,6,4,2,13
1435,26,Kalaburagi,Assault,Brawl,2021-10-08,14:38:00,2021,10,Friday,14,17.289899,76.725217,Market,4,None,0,Under Investigation,FIR/2021/026/1435,BX,[30],[234],1,,7,1,1,2,4,6,76
1436,16,Tumakuru,Theft,Vehicle theft,2024-02-05,19:47:00,2024,2,Monday,19,13.334623,77.141385,Commercial,3,None,24784,Closed - Convicted,FIR/2024/016/1436,AT,"[123, 288]",[289],0,132,4,9,32,1,4,2,46
1437,14,Tumakuru,Assault,Road rage,2021-09-24,19:35:00,2021,9,Friday,19,13.394871,77.001898,Road,4,Knife,0,Closed - Convicted,FIR/2021/014/1437,AO,[14],[261],0,,4,1,4,6,3,2,41
1438,3,Bengaluru Urban,Assault,Brawl,2023-09-24,20:48:00,2023,9,Sunday,20,13.076565,77.597278,Commercial,3,None,0,Closed - Convicted,FIR/2023/003/1438,G,[55],[29],0,315,1,1,1,1,4,2,7
1439,4,Bengaluru Urban,Assault,Road rage,2022-11-19,18:36:00,2022,11,Saturday,18,12.98792,77.640636,Residence,3,None,0,Under Investigation,FIR/2022/004/1439,J,[249],"[11, 31]",0,,1,1,4,5,4,6,10
1440,18,Dakshina Kannada,Sexual Assault,Eve-teasing,2024-06-10,22:43:00,2024,6,Monday,22,12.904835,74.984927,Public Transport,5,None,0,Under Investigation,FIR/2024/018/1440,AZ,"[307, 194]",[6],0,,5,8,26,4,4,6,52
1441,31,Ballari,Theft,Vehicle theft,2020-01-28,16:06:00,2020,1,Tuesday,16,15.065711,76.925422,Park,3,None,355666,Pending Trial,FIR/2020/031/1441,CM,[328],[136],1,127,9,9,32,3,4,5,91
1442,24,Kalaburagi,Theft,Pickpocket,2021-07-14,19:38:00,2021,7,Wednesday,19,17.288566,76.948126,Commercial,3,None,496578,Closed - Convicted,FIR/2021/024/1442,BR,[354],"[429, 575]",0,101,7,9,31,1,4,2,70
1443,26,Kalaburagi,Assault,Brawl,2025-02-26,11:09:00,2025,2,Wednesday,11,17.365106,76.730393,Residence,4,Blunt Object,0,Closed - Acquitted,FIR/2025/026/1443,BX,[250],[275],0,108,7,1,1,5,1,1,76
1444,40,Udupi,Drug Offence,Trafficking,2022-09-11,08:23:00,2022,9,Sunday,8,13.388465,74.825923,Residence,4,None,0,Closed - Convicted,FIR/2022/040/1444,DN,[335],[355],0,16,12,3,11,5,4,2,118
1445,6,Bengaluru Urban,Theft,Chain snatching,2023-06-01,11:21:00,2023,6,Thursday,11,12.969067,77.635871,Park,2,None,218633,Under Investigation,FIR/2023/006/1445,P,"[238, 19]",[41],1,,1,9,29,3,4,6,16
1446,25,Kalaburagi,Vandalism,Graffiti,2025-05-17,17:14:00,2025,5,Saturday,17,17.232282,76.937371,Public Transport,3,None,0,Under Investigation,FIR/2025/025/1446,BV,"[396, 352]",[352],0,,7,10,34,4,4,6,74
1447,38,Shivamogga,Theft,Pickpocket,2025-10-26,12:01:00,2025,10,Sunday,12,13.836181,75.609963,Road,3,None,248408,Closed - Acquitted,FIR/2025/038/1447,DH,"[161, 220, 320]",[220],0,,11,9,31,6,4,1,112
1448,33,Hassan,Assault,Gang fight,2020-10-06,14:46:00,2020,10,Tuesday,14,13.108367,76.121466,Public Transport,4,None,0,Under Investigation,FIR/2020/033/1448,CU,[260],[238],1,,10,1,3,4,4,6,99
1449,22,Belagavi,Assault,Gang fight,2025-01-14,14:09:00,2025,1,Tuesday,14,15.923912,74.544317,Park,4,None,0,Open,FIR/2025/022/1449,BM,[35],[148],0,,6,1,3,3,4,4,65
1450,33,Hassan,Robbery,Dacoity,2021-11-05,22:36:00,2021,11,Friday,22,13.0266,76.130185,Market,5,None,182281,Closed - Convicted,FIR/2021/033/1450,CT,[327],[103],0,117,10,7,24,2,4,2,98
1451,4,Bengaluru Urban,Drug Offence,Trafficking,2022-05-28,14:57:00,2022,5,Saturday,14,12.881355,77.551608,Public Transport,4,Blunt Object,0,Closed - Acquitted,FIR/2022/004/1451,K,[253],[127],0,,1,3,11,4,1,1,11
1452,18,Dakshina Kannada,Drug Offence,Possession,2020-01-20,19:47:00,2020,1,Monday,19,12.73249,74.976695,Road,4,None,0,Under Investigation,FIR/2020/018/1452,BB,[77],[126],1,,5,3,10,6,4,6,54
1453,32,Ballari,Theft,Chain snatching,2025-11-16,09:10:00,2025,11,Sunday,9,15.154236,76.960214,Market,3,None,140183,Under Investigation,FIR/2025/032/1453,CP,[157],[212],0,,9,9,29,2,4,6,94
1454,10,Mysuru,Sexual Assault,Rape,2021-04-15,17:58:00,2021,4,Thursday,17,12.341317,76.714387,Park,5,Firearm,0,Closed - Acquitted,FIR/2021/010/1454,AD,[165],"[457, 376]",0,342,3,8,28,3,2,1,30
1455,31,Ballari,Sexual Assault,Molestation,2023-08-14,19:37:00,2023,8,Monday,19,15.05369,76.956814,Public Transport,5,None,0,Closed - Convicted,FIR/2023/031/1455,CN,[221],[508],1,,9,8,27,4,4,2,92
1456,31,Ballari,Theft,Vehicle theft,2020-03-23,22:03:00,2020,3,Monday,22,15.057273,76.891885,Public Transport,3,None,357604,Under Investigation,FIR/2020/031/1456,CM,"[24, 151]",[102],1,,9,9,32,4,4,6,91
1457,1,Bengaluru Urban,Assault,Domestic violence,2025-01-08,19:45:00,2025,1,Wednesday,19,12.964091,77.579979,Residence,3,None,0,Under Investigation,FIR/2025/001/1457,A,[167],[303],0,,1,1,2,5,4,6,1
1458,14,Tumakuru,Assault,Brawl,2025-06-18,15:26:00,2025,6,Wednesday,15,13.250418,77.204806,Commercial,4,None,0,Pending Trial,FIR/2025/014/1458,AO,"[225, 18]",[357],0,35,4,1,1,1,4,5,41
1459,21,Belagavi,Assault,Gang fight,2023-01-22,13:08:00,2023,1,Sunday,13,15.742703,74.445562,Public Transport,4,Blunt Object,0,Open,FIR/2023/021/1459,BJ,"[263, 81]","[46, 210]",1,,6,1,3,4,1,4,62
1460,23,Belagavi,Theft,Vehicle theft,2024-05-28,11:15:00,2024,5,Tuesday,11,15.898077,74.586703,Market,3,None,226471,Under Investigation,FIR/2024/023/1460,BO,[48],"[159, 57]",0,3,6,9,32,2,4,6,67
1461,21,Belagavi,Theft,Vehicle theft,2023-02-11,23:40:00,2023,2,Saturday,23,15.757041,74.584684,Park,3,None,390811,Under Investigation,FIR/2023/021/1461,BI,"[143, 114, 172]",[171],0,284,6,9,32,3,4,6,61
1462,5,Bengaluru Urban,Theft,Pickpocket,2023-09-25,09:14:00,2023,9,Monday,9,12.905259,77.660784,Public Transport,2,None,155510,Under Investigation,FIR/2023/005/1462,M,[286],[574],1,62,1,9,31,4,4,6,13
1463,2,Bengaluru Urban,Assault,Road rage,2024-02-05,13:00:00,2024,2,Monday,13,13.081266,77.624095,Commercial,3,Knife,0,Open,FIR/2024/002/1463,E,[288],[505],1,,1,1,4,1,3,4,5
1464,38,Shivamogga,Fraud,Impersonation,2021-12-10,14:35:00,2021,12,Friday,14,13.846013,75.5439,Commercial,4,None,181318,Open,FIR/2021/038/1464,DI,[13],[192],0,,11,4,13,1,4,4,113
1465,29,Dharwad,Cybercrime,Phishing,2020-11-05,15:12:00,2020,11,Thursday,15,15.463936,75.028911,Commercial,4,Knife,0,Closed - Acquitted,FIR/2020/029/1465,CH,[89],[203],0,,8,2,8,1,3,1,86
1466,40,Udupi,Vandalism,Graffiti,2021-10-15,22:12:00,2021,10,Friday,22,13.32095,74.643503,Market,2,None,0,Closed - Acquitted,FIR/2021/040/1466,DO,[193],[153],1,,12,10,34,2,4,1,119
1467,9,Bengaluru Rural,Fraud,Insurance fraud,2025-01-15,18:47:00,2025,1,Wednesday,18,13.101347,77.685195,Park,4,None,232117,Open,FIR/2025/009/1467,Z,[271],[172],1,,2,4,14,3,4,4,26
1468,36,Shivamogga,Cybercrime,Phishing,2022-10-05,20:49:00,2022,10,Wednesday,20,13.88239,75.607946,Park,4,None,0,Under Investigation,FIR/2022/036/1468,DD,"[332, 373, 376]","[140, 412]",1,10,11,2,8,3,4,6,108
1469,21,Belagavi,Assault,Brawl,2023-09-12,23:58:00,2023,9,Tuesday,23,15.739732,74.406677,Commercial,4,None,0,Closed - Convicted,FIR/2023/021/1469,BJ,[111],[26],0,,6,1,1,1,4,2,62
1470,22,Belagavi,Robbery,Dacoity,2022-06-25,16:41:00,2022,6,Saturday,16,15.927364,74.481408,Residence,5,None,50967,Under Investigation,FIR/2022/022/1470,BN,"[303, 20]",[109],1,71,6,7,24,5,4,6,66
1471,41,Udupi,Theft,House break-in,2024-10-27,14:53:00,2024,10,Sunday,14,13.282887,74.743473,Park,2,None,274561,Closed - Acquitted,FIR/2024/041/1471,DR,[351],[356],1,,12,9,30,3,4,1,122
1472,18,Dakshina Kannada,Cybercrime,Phishing,2023-08-07,20:04:00,2023,8,Monday,20,12.81711,75.076875,Market,3,Firearm,0,Under Investigation,FIR/2023/018/1472,AZ,[126],[266],0,,5,2,8,2,2,6,52
1473,8,Bengaluru Rural,Drug Offence,Trafficking,2023-12-22,21:54:00,2023,12,Friday,21,13.20155,77.470872,Commercial,5,None,0,Pending Trial,FIR/2023/008/1473,X,[295],[59],0,52,2,3,11,1,4,5,24
1474,26,Kalaburagi,Theft,Pickpocket,2025-12-04,21:09:00,2025,12,Thursday,21,17.379246,76.849549,Road,3,None,247340,Cold Case,FIR/2025/026/1474,BY,[67],[232],0,49,7,9,31,6,4,3,77
1475,12,Mysuru,Robbery,Armed robbery,2024-01-31,11:31:00,2024,1,Wednesday,11,12.306381,76.547857,Residence,4,Knife,463739,Pending Trial,FIR/2024/012/1475,AJ,"[353, 166]","[205, 591]",1,,3,7,23,5,3,5,36
1476,18,Dakshina Kannada,Fraud,Impersonation,2025-10-10,16:22:00,2025,10,Friday,16,12.94649,74.899996,Public Transport,3,Blunt Object,102836,Open,FIR/2025/018/1476,BA,[222],[382],1,235,5,4,13,4,1,4,53
1477,28,Dharwad,Cybercrime,Identity theft,2022-09-10,10:34:00,2022,9,Saturday,10,15.532388,75.000603,Park,4,None,0,Closed - Convicted,FIR/2022/028/1477,CE,[131],[211],0,,8,2,5,3,4,2,83
1478,31,Ballari,Fraud,Cheque fraud,2021-10-21,16:57:00,2021,10,Thursday,16,15.040503,76.910444,Commercial,4,Knife,454844,Pending Trial,FIR/2021/031/1478,CO,[14],[578],0,,9,4,12,1,3,5,93
1479,18,Dakshina Kannada,Assault,Road rage,2022-05-24,23:06:00,2022,5,Tuesday,23,12.925145,74.93765,Residence,3,None,0,Closed - Convicted,FIR/2022/018/1479,BA,[38],[223],1,,5,1,4,5,4,2,53
1480,28,Dharwad,Vandalism,Arson,2020-07-23,18:27:00,2020,7,Thursday,18,15.569228,74.949482,Market,3,None,0,Pending Trial,FIR/2020/028/1480,CE,[325],[53],0,283,8,10,33,2,4,5,83
1481,15,Tumakuru,Assault,Domestic violence,2025-04-02,14:11:00,2025,4,Wednesday,14,13.408065,77.151479,Market,4,None,0,Open,FIR/2025/015/1481,AR,[365],[355],1,303,4,1,2,2,4,4,44
1482,15,Tumakuru,Kidnapping,Ransom,2021-07-02,13:08:00,2021,7,Friday,13,13.401302,77.111754,Road,5,None,0,Cold Case,FIR/2021/015/1482,AR,"[234, 130]",[348],0,48,4,5,18,6,4,3,44
1483,7,Bengaluru Rural,Kidnapping,Child abduction,2025-11-25,23:27:00,2025,11,Tuesday,23,13.133146,77.538531,Park,5,Blunt Object,0,Closed - Acquitted,FIR/2025/007/1483,U,[299],"[548, 501]",0,,2,5,16,3,1,1,21
1484,19,Dakshina Kannada,Assault,Domestic violence,2024-02-18,20:32:00,2024,2,Sunday,20,12.798458,75.050676,Market,3,Blunt Object,0,Open,FIR/2024/019/1484,BE,[197],[251],1,,5,1,2,2,1,4,57
1485,10,Mysuru,Vandalism,Graffiti,2023-06-25,21:05:00,2023,6,Sunday,21,12.346845,76.688379,Market,2,None,0,Under Investigation,FIR/2023/010/1485,AC,[149],[456],0,,3,10,34,2,4,6,29
1486,34,Hassan,Fraud,Land grab,2024-08-23,06:58:00,2024,8,Friday,6,12.940758,76.118106,Residence,4,None,33891,Open,FIR/2024/034/1486,CX,"[149, 400]",[600],0,324,10,4,15,5,4,4,102
1487,22,Belagavi,Vandalism,Property destruction,2020-12-23,15:17:00,2020,12,Wednesday,15,15.848339,74.514727,Public Transport,3,None,0,Pending Trial,FIR/2020/022/1487,BN,[346],[598],0,,6,10,35,4,4,5,66
1488,40,Udupi,Murder,Hired killing,2020-12-17,16:30:00,2020,12,Thursday,16,13.372499,74.816522,Road,5,None,0,Open,FIR/2020/040/1488,DN,"[11, 23]",[127],0,214,12,6,21,6,4,4,118
1489,39,Udupi,Theft,Vehicle theft,2023-08-02,15:20:00,2023,8,Wednesday,15,13.361582,74.647943,Market,2,None,208424,Under Investigation,FIR/2023/039/1489,DK,"[393, 387]",[579],0,262,12,9,32,2,4,6,115
1490,1,Bengaluru Urban,Theft,House break-in,2023-12-17,15:44:00,2023,12,Sunday,15,12.895614,77.51219,Public Transport,2,None,183275,Closed - Convicted,FIR/2023/001/1490,B,[345],"[301, 404]",1,,1,9,30,4,4,2,2
1491,3,Bengaluru Urban,Kidnapping,Child abduction,2021-04-15,17:07:00,2021,4,Thursday,17,12.888869,77.554253,Residence,5,Knife,0,Under Investigation,FIR/2021/003/1491,I,[112],"[263, 211]",1,248,1,5,16,5,3,6,9
1492,32,Ballari,Assault,Road rage,2021-06-16,20:51:00,2021,6,Wednesday,20,15.099754,77.00641,Commercial,4,None,0,Closed - Convicted,FIR/2021/032/1492,CQ,[106],[10],1,245,9,1,4,1,4,2,95
1493,5,Bengaluru Urban,Cybercrime,Identity theft,2025-09-19,14:50:00,2025,9,Friday,14,13.077289,77.712508,Market,3,Firearm,0,Closed - Convicted,FIR/2025/005/1493,O,[247],"[404, 403]",1,47,1,2,5,2,2,2,15
1494,30,Ballari,Theft,Vehicle theft,2023-04-02,14:23:00,2023,4,Sunday,14,15.139508,76.99572,Residence,3,None,202824,Pending Trial,FIR/2023/030/1494,CJ,"[377, 26]",[357],1,186,9,9,32,5,4,5,88
1495,21,Belagavi,Assault,Gang fight,2025-06-28,19:20:00,2025,6,Saturday,19,15.843592,74.512157,Park,4,None,0,Under Investigation,FIR/2025/021/1495,BJ,[29],[181],0,,6,1,3,3,4,6,62
1496,18,Dakshina Kannada,Kidnapping,Child abduction,2020-10-21,13:43:00,2020,10,Wednesday,13,12.786274,75.037441,Road,5,Blunt Object,0,Under Investigation,FIR/2020/018/1496,BB,"[105, 337]",[243],1,,5,5,16,6,1,6,54
1497,17,Dakshina Kannada,Theft,Pickpocket,2023-07-28,17:40:00,2023,7,Friday,17,12.804655,75.083282,Residence,2,None,204508,Open,FIR/2023/017/1497,AX,[9],[404],1,133,5,9,31,5,4,4,50
1498,4,Bengaluru Urban,Assault,Gang fight,2020-08-15,21:53:00,2020,8,Saturday,21,12.877543,77.523676,Market,3,None,0,Cold Case,FIR/2020/004/1498,J,"[392, 386]",[488],0,82,1,1,3,2,4,3,10
1499,31,Ballari,Sexual Assault,Molestation,2023-07-22,16:47:00,2023,7,Saturday,16,15.12516,76.913915,Market,5,None,0,Under Investigation,FIR/2023/031/1499,CN,[185],[599],0,308,9,8,27,2,4,6,92
1500,7,Bengaluru Rural,Robbery,Dacoity,2022-01-19,05:00:00,2022,1,Wednesday,5,13.10915,77.507049,Park,5,None,246921,Closed - Acquitted,FIR/2022/007/1500,U,"[54, 109]","[401, 522]",1,280,2,7,24,3,4,1,21
1501,35,Hassan,Theft,House break-in,2025-08-08,18:05:00,2025,8,Friday,18,13.064844,76.218098,Road,3,None,378763,Closed - Convicted,FIR/2025/035/1501,CY,[89],[384],0,,10,9,30,6,4,2,103
1502,24,Kalaburagi,Robbery,Dacoity,2021-10-03,18:14:00,2021,10,Sunday,18,17.296467,76.745415,Public Transport,5,None,3010,Closed - Convicted,FIR/2021/024/1502,BT,[285],[27],0,,7,7,24,4,4,2,72
1503,12,Mysuru,Cybercrime,Identity theft,2022-08-22,16:09:00,2022,8,Monday,16,12.281119,76.666392,Commercial,3,Firearm,0,Pending Trial,FIR/2022/012/1503,AH,[372],"[360, 420]",0,,3,2,5,1,2,5,34
1504,32,Ballari,Theft,House break-in,2024-01-14,15:02:00,2024,1,Sunday,15,15.055614,76.926181,Commercial,3,None,380619,Closed - Convicted,FIR/2024/032/1504,CP,[6],"[126, 564]",1,,9,9,30,1,4,2,94
1505,21,Belagavi,Robbery,Mugging,2023-12-07,18:47:00,2023,12,Thursday,18,15.860005,74.533822,Market,5,Blunt Object,466433,Closed - Convicted,FIR/2023/021/1505,BK,[6],[576],0,,6,7,25,2,1,2,63
1506,17,Dakshina Kannada,Theft,Chain snatching,2020-11-21,15:13:00,2020,11,Saturday,15,12.918517,75.04517,Public Transport,2,None,399923,Under Investigation,FIR/2020/017/1506,AX,"[193, 100, 197]",[303],1,142,5,9,29,4,4,6,50
1507,37,Shivamogga,Robbery,Armed robbery,2022-03-24,21:36:00,2022,3,Thursday,21,13.845395,75.638471,Commercial,5,None,95062,Under Investigation,FIR/2022/037/1507,DE,"[221, 88, 258]",[77],0,,11,7,23,1,4,6,109
1508,16,Tumakuru,Theft,House break-in,2020-07-24,08:10:00,2020,7,Friday,8,13.28745,77.073978,Road,3,None,327320,Under Investigation,FIR/2020/016/1508,AT,"[130, 243]",[427],1,,4,9,30,6,4,6,46
1509,18,Dakshina Kannada,Robbery,Dacoity,2025-06-16,23:15:00,2025,6,Monday,23,12.822126,74.873858,Park,4,Blunt Object,48828,Under Investigation,FIR/2025/018/1509,BB,[380],"[595, 118]",0,224,5,7,24,3,1,6,54
1510,24,Kalaburagi,Theft,Chain snatching,2025-12-05,16:22:00,2025,12,Friday,16,17.403197,76.835732,Public Transport,3,None,61063,Under Investigation,FIR/2025/024/1510,BR,[349],[371],0,135,7,9,29,4,4,6,70
1511,17,Dakshina Kannada,Kidnapping,Human trafficking,2024-05-17,14:58:00,2024,5,Friday,14,12.926421,74.946832,Commercial,5,None,0,Under Investigation,FIR/2024/017/1511,AY,[129],[495],1,,5,5,17,1,4,6,51
1512,33,Hassan,Assault,Road rage,2024-04-19,21:50:00,2024,4,Friday,21,13.035802,76.202966,Park,4,None,0,Under Investigation,FIR/2024/033/1512,CU,"[266, 241]",[505],0,,10,1,4,3,4,6,99
1513,3,Bengaluru Urban,Cybercrime,Online fraud,2020-09-01,00:37:00,2020,9,Tuesday,0,12.920397,77.652065,Commercial,3,None,0,Under Investigation,FIR/2020/003/1513,I,[195],[374],0,95,1,2,7,1,4,6,9
1514,19,Dakshina Kannada,Robbery,Dacoity,2025-04-06,09:08:00,2025,4,Sunday,9,12.78003,75.095057,Commercial,4,None,459686,Closed - Convicted,FIR/2025/019/1514,BC,"[397, 391, 209]",[208],1,,5,7,24,1,4,2,55
1515,38,Shivamogga,Cybercrime,Online fraud,2024-06-09,09:32:00,2024,6,Sunday,9,13.978842,75.590759,Market,4,Firearm,0,Under Investigation,FIR/2024/038/1515,DI,"[269, 251, 287]",[334],1,,11,2,7,2,2,6,113
1516,31,Ballari,Vandalism,Graffiti,2024-10-06,17:03:00,2024,10,Sunday,17,15.131927,76.854078,Public Transport,3,None,0,Under Investigation,FIR/2024/031/1516,CO,"[264, 372]",[448],0,,9,10,34,4,4,6,93
1517,33,Hassan,Fraud,Insurance fraud,2020-02-15,18:43:00,2020,2,Saturday,18,12.953386,76.067612,Residence,4,Blunt Object,469088,Pending Trial,FIR/2020/033/1517,CU,[361],[410],0,227,10,4,14,5,1,5,99
1518,40,Udupi,Theft,Vehicle theft,2021-08-27,08:22:00,2021,8,Friday,8,13.34493,74.705052,Market,2,None,41109,Closed - Convicted,FIR/2021/040/1518,DO,[9],[312],1,,12,9,32,2,4,2,119
1519,21,Belagavi,Theft,Chain snatching,2021-11-05,18:51:00,2021,11,Friday,18,15.862568,74.549703,Park,3,None,351931,Under Investigation,FIR/2021/021/1519,BI,[284],[36],1,103,6,9,29,3,4,6,61
1520,36,Shivamogga,Fraud,Insurance fraud,2022-03-12,13:25:00,2022,3,Saturday,13,13.960297,75.482164,Market,4,None,12601,Under Investigation,FIR/2022/036/1520,DD,[318],"[35, 465]",0,213,11,4,14,2,4,6,108
1521,29,Dharwad,Theft,Vehicle theft,2025-12-30,14:20:00,2025,12,Tuesday,14,15.39706,74.995777,Commercial,3,None,117647,Under Investigation,FIR/2025/029/1521,CG,[94],[534],0,294,8,9,32,1,4,6,85
1522,11,Mysuru,Robbery,Armed robbery,2025-04-21,11:30:00,2025,4,Monday,11,12.384791,76.621665,Park,4,None,17479,Under Investigation,FIR/2025/011/1522,AF,[19],"[542, 381]",0,218,3,7,23,3,4,6,32
1523,34,Hassan,Sexual Assault,Rape,2024-12-19,16:12:00,2024,12,Thursday,16,12.988936,76.14031,Commercial,5,Blunt Object,0,Under Investigation,FIR/2024/034/1523,CW,[205],[381],0,,10,8,28,1,1,6,101
1524,21,Belagavi,Theft,Pickpocket,2023-07-28,18:48:00,2023,7,Friday,18,15.942901,74.493234,Commercial,3,None,360943,Closed - Acquitted,FIR/2023/021/1524,BI,"[182, 7]",[184],0,,6,9,31,1,4,1,61
1525,36,Shivamogga,Theft,House break-in,2023-08-25,09:28:00,2023,8,Friday,9,13.892127,75.569024,Road,3,None,80172,Under Investigation,FIR/2023/036/1525,DB,"[242, 323]",[540],0,31,11,9,30,6,4,6,106
1526,30,Ballari,Drug Offence,Trafficking,2022-09-29,13:25:00,2022,9,Thursday,13,15.144919,76.829932,Market,5,Firearm,0,Pending Trial,FIR/2022/030/1526,CL,"[59, 45]",[376],0,142,9,3,11,2,2,5,90
1527,29,Dharwad,Cybercrime,Phishing,2020-07-03,21:02:00,2020,7,Friday,21,15.413753,75.020279,Residence,4,None,0,Under Investigation,FIR/2020/029/1527,CH,[329],[142],0,334,8,2,8,5,4,6,86
1528,25,Kalaburagi,Robbery,Mugging,2022-09-18,18:27:00,2022,9,Sunday,18,17.387084,76.918852,Residence,5,Blunt Object,114050,Under Investigation,FIR/2022/025/1528,BW,"[260, 21]","[231, 404]",0,167,7,7,25,5,1,6,75
1529,33,Hassan,Sexual Assault,Molestation,2025-06-07,19:33:00,2025,6,Saturday,19,12.943371,75.995809,Commercial,5,None,0,Closed - Convicted,FIR/2025/033/1529,CS,"[152, 330]",[267],0,,10,8,27,1,4,2,97
1530,26,Kalaburagi,Drug Offence,Distribution,2020-05-24,03:46:00,2020,5,Sunday,3,17.295372,76.856307,Park,5,None,0,Under Investigation,FIR/2020/026/1530,BZ,"[281, 10, 140]",[564],0,6,7,3,9,3,4,6,78
1531,37,Shivamogga,Robbery,Dacoity,2024-11-27,17:36:00,2024,11,Wednesday,17,14.036753,75.498682,Public Transport,5,Firearm,279604,Pending Trial,FIR/2024/037/1531,DE,[8],"[514, 119]",0,321,11,7,24,4,2,5,109
1532,35,Hassan,Theft,Pickpocket,2022-01-09,13:06:00,2022,1,Sunday,13,12.911075,76.040872,Commercial,3,None,230263,Under Investigation,FIR/2022/035/1532,CY,[210],[158],1,226,10,9,31,1,4,6,103
1533,26,Kalaburagi,Assault,Gang fight,2024-06-04,21:49:00,2024,6,Tuesday,21,17.398492,76.940883,Commercial,4,Firearm,0,Under Investigation,FIR/2024/026/1533,BX,[256],[599],1,,7,1,3,1,2,6,76
1534,33,Hassan,Cybercrime,Investment scam,2021-05-05,10:57:00,2021,5,Wednesday,10,12.939713,76.162327,Residence,4,Firearm,0,Pending Trial,FIR/2021/033/1534,CS,"[49, 218]",[285],1,,10,2,6,5,2,5,97
1535,17,Dakshina Kannada,Assault,Gang fight,2023-09-25,11:54:00,2023,9,Monday,11,12.907655,74.958795,Park,3,Firearm,0,Closed - Convicted,FIR/2023/017/1535,AW,[146],"[513, 147]",1,,5,1,3,3,2,2,49
1536,37,Shivamogga,Fraud,Cheque fraud,2022-06-16,15:52:00,2022,6,Thursday,15,13.820589,75.590885,Park,4,None,232911,Under Investigation,FIR/2022/037/1536,DF,[220],[194],0,89,11,4,12,3,4,6,110
1537,31,Ballari,Cybercrime,Online fraud,2025-06-13,18:42:00,2025,6,Friday,18,15.094038,76.864167,Market,4,None,0,Open,FIR/2025/031/1537,CN,"[139, 2]",[446],1,198,9,2,7,2,4,4,92
1538,6,Bengaluru Urban,Assault,Domestic violence,2024-10-28,20:09:00,2024,10,Monday,20,12.901477,77.535999,Road,3,Blunt Object,0,Closed - Convicted,FIR/2024/006/1538,Q,[353],[75],0,,1,1,2,6,1,2,17
1539,10,Mysuru,Fraud,Insurance fraud,2020-01-28,21:25:00,2020,1,Tuesday,21,12.296596,76.534222,Residence,3,Firearm,37654,Open,FIR/2020/010/1539,AD,"[332, 270, 89]",[450],1,,3,4,14,5,2,4,30
1540,12,Mysuru,Cybercrime,Identity theft,2025-06-24,07:59:00,2025,6,Tuesday,7,12.363724,76.555747,Public Transport,3,None,0,Under Investigation,FIR/2025/012/1540,AI,[232],[159],1,315,3,2,5,4,4,6,35
1541,22,Belagavi,Sexual Assault,Eve-teasing,2021-05-21,20:40:00,2021,5,Friday,20,15.912656,74.506683,Park,5,None,0,Open,FIR/2021/022/1541,BM,[362],[302],1,,6,8,26,3,4,4,65
1542,5,Bengaluru Urban,Theft,Chain snatching,2023-11-20,15:56:00,2023,11,Monday,15,13.088766,77.673621,Market,2,None,173190,Under Investigation,FIR/2023/005/1542,M,"[207, 210]",[5],0,,1,9,29,2,4,6,13
1543,14,Tumakuru,Drug Offence,Possession,2022-02-22,08:25:00,2022,2,Tuesday,8,13.38906,77.183789,Residence,5,Knife,0,Open,FIR/2022/014/1543,AO,"[248, 231]",[350],0,103,4,3,10,5,3,4,41
1544,7,Bengaluru Rural,Cybercrime,Online fraud,2025-09-28,14:06:00,2025,9,Sunday,14,13.145691,77.643973,Road,4,Blunt Object,0,Under Investigation,FIR/2025/007/1544,T,[217],[60],0,100,2,2,7,6,1,6,20
1545,5,Bengaluru Urban,Theft,House break-in,2022-09-14,16:30:00,2022,9,Wednesday,16,12.874219,77.590925,Road,2,None,353239,Under Investigation,FIR/2022/005/1545,M,[45],"[594, 87]",0,,1,9,30,6,4,6,13
1546,16,Tumakuru,Drug Offence,Trafficking,2020-09-01,04:25:00,2020,9,Tuesday,4,13.251776,77.216384,Market,5,Blunt Object,0,Open,FIR/2020/016/1546,AV,"[74, 160]","[507, 566]",0,,4,3,11,2,1,4,48
1547,10,Mysuru,Fraud,Impersonation,2021-02-10,04:21:00,2021,2,Wednesday,4,12.275595,76.535014,Park,3,Blunt Object,260266,Pending Trial,FIR/2021/010/1547,AB,[17],[492],1,,3,4,13,3,1,5,28
1548,34,Hassan,Theft,Chain snatching,2023-12-20,22:55:00,2023,12,Wednesday,22,13.014234,76.080716,Road,3,None,399927,Under Investigation,FIR/2023/034/1548,CV,[274],[566],0,22,10,9,29,6,4,6,100
1549,29,Dharwad,Kidnapping,Child abduction,2022-03-13,18:33:00,2022,3,Sunday,18,15.44771,75.109447,Park,5,None,0,Open,FIR/2022/029/1549,CI,"[297, 10]",[11],0,,8,5,16,3,4,4,87
1550,26,Kalaburagi,Theft,Pickpocket,2025-05-29,09:40:00,2025,5,Thursday,9,17.366173,76.782591,Market,3,None,280106,Closed - Acquitted,FIR/2025/026/1550,BY,[168],"[460, 536]",1,117,7,9,31,2,4,1,77
1551,35,Hassan,Theft,House break-in,2021-12-14,20:38:00,2021,12,Tuesday,20,12.936531,76.012744,Commercial,3,None,19489,Open,FIR/2021/035/1551,CY,[348],[336],0,351,10,9,30,1,4,4,103
1552,19,Dakshina Kannada,Assault,Road rage,2023-04-09,07:41:00,2023,4,Sunday,7,12.852681,75.058979,Road,3,Firearm,0,Closed - Acquitted,FIR/2023/019/1552,BE,[138],[54],1,,5,1,4,6,2,1,57
1553,28,Dharwad,Theft,Chain snatching,2025-11-13,20:30:00,2025,11,Thursday,20,15.425174,75.041046,Park,3,None,127930,Under Investigation,FIR/2025/028/1553,CD,[9],[345],1,,8,9,29,3,4,6,82
1554,30,Ballari,Vandalism,Arson,2020-08-10,08:12:00,2020,8,Monday,8,15.208891,76.824198,Road,3,None,0,Under Investigation,FIR/2020/030/1554,CL,"[117, 393]",[513],1,,9,10,33,6,4,6,90
1555,27,Dharwad,Assault,Road rage,2020-03-16,07:03:00,2020,3,Monday,7,15.436269,74.909552,Public Transport,4,None,0,Cold Case,FIR/2020/027/1555,CC,"[103, 107]",[8],1,,8,1,4,4,4,3,81
1556,5,Bengaluru Urban,Vandalism,Arson,2023-02-05,14:48:00,2023,2,Sunday,14,13.052691,77.529012,Residence,2,None,0,Open,FIR/2023/005/1556,O,[49],[563],0,,1,10,33,5,4,4,15
1557,8,Bengaluru Rural,Cybercrime,Phishing,2023-07-20,19:58:00,2023,7,Thursday,19,13.089688,77.630678,Road,4,Blunt Object,0,Pending Trial,FIR/2023/008/1557,X,"[327, 294]",[568],0,,2,2,8,6,1,5,24
1558,22,Belagavi,Robbery,Mugging,2022-08-11,09:22:00,2022,8,Thursday,9,15.829827,74.431899,Residence,5,Knife,95482,Under Investigation,FIR/2022/022/1558,BN,[45],[443],0,96,6,7,25,5,3,6,66
1559,34,Hassan,Fraud,Impersonation,2025-05-15,14:03:00,2025,5,Thursday,14,12.965168,76.081924,Commercial,4,Firearm,230844,Under Investigation,FIR/2025/034/1559,CX,[298],[198],1,242,10,4,13,1,2,6,102
1560,6,Bengaluru Urban,Assault,Domestic violence,2021-09-11,15:45:00,2021,9,Saturday,15,13.015345,77.697792,Residence,3,Firearm,0,Cold Case,FIR/2021/006/1560,R,"[253, 356]",[357],0,,1,1,2,5,2,3,18
1561,40,Udupi,Drug Offence,Distribution,2021-04-17,19:52:00,2021,4,Saturday,19,13.427748,74.645772,Market,4,Knife,0,Open,FIR/2021/040/1561,DN,"[163, 59, 48]",[167],1,157,12,3,9,2,3,4,118
1562,27,Dharwad,Assault,Brawl,2022-04-15,22:04:00,2022,4,Friday,22,15.451691,75.089773,Public Transport,4,Blunt Object,0,Under Investigation,FIR/2022/027/1562,CC,"[48, 294]","[1, 420]",0,,8,1,1,4,1,6,81
1563,31,Ballari,Drug Offence,Possession,2022-02-25,21:00:00,2022,2,Friday,21,15.175287,76.992211,Residence,5,None,0,Closed - Acquitted,FIR/2022/031/1563,CO,"[207, 46, 237]",[107],0,,9,3,10,5,4,1,93
1564,35,Hassan,Theft,Pickpocket,2025-11-09,18:53:00,2025,11,Sunday,18,12.996018,75.987407,Commercial,3,None,439658,Under Investigation,FIR/2025/035/1564,CY,[163],[390],1,333,10,9,31,1,4,6,103
1565,21,Belagavi,Theft,Vehicle theft,2024-06-21,19:03:00,2024,6,Friday,19,15.939256,74.510409,Residence,3,None,142205,Closed - Convicted,FIR/2024/021/1565,BI,"[149, 39, 63]",[287],0,,6,9,32,5,4,2,61
1566,5,Bengaluru Urban,Fraud,Insurance fraud,2025-04-21,12:56:00,2025,4,Monday,12,12.946581,77.57936,Residence,3,None,337757,Under Investigation,FIR/2025/005/1566,O,[386],[130],1,41,1,4,14,5,4,6,15
1567,28,Dharwad,Sexual Assault,Rape,2024-06-27,16:14:00,2024,6,Thursday,16,15.566726,75.031223,Residence,5,Knife,0,Pending Trial,FIR/2024/028/1567,CF,[322],[153],1,254,8,8,28,5,3,5,84
1568,19,Dakshina Kannada,Assault,Road rage,2022-02-10,22:06:00,2022,2,Thursday,22,12.904295,74.934881,Market,3,Knife,0,Open,FIR/2022/019/1568,BE,"[5, 221]",[332],0,,5,1,4,2,3,4,57
1569,7,Bengaluru Rural,Kidnapping,Human trafficking,2023-04-05,19:27:00,2023,4,Wednesday,19,13.268141,77.599557,Market,5,Firearm,0,Under Investigation,FIR/2023/007/1569,U,"[7, 255]",[47],0,,2,5,17,2,2,6,21
1570,25,Kalaburagi,Theft,Vehicle theft,2020-02-26,18:06:00,2020,2,Wednesday,18,17.287151,76.92038,Residence,3,None,124842,Under Investigation,FIR/2020/025/1570,BU,[146],[511],0,,7,9,32,5,4,6,73
1571,39,Udupi,Assault,Gang fight,2025-05-11,18:06:00,2025,5,Sunday,18,13.341371,74.70856,Commercial,3,None,0,Under Investigation,FIR/2025/039/1571,DM,"[186, 124]",[496],1,60,12,1,3,1,4,6,117
1572,34,Hassan,Robbery,Mugging,2025-01-07,01:41:00,2025,1,Tuesday,1,13.035637,76.020896,Road,5,Blunt Object,183553,Under Investigation,FIR/2025/034/1572,CW,[371],[363],0,,10,7,25,6,1,6,101
1573,29,Dharwad,Drug Offence,Trafficking,2024-06-19,14:03:00,2024,6,Wednesday,14,15.388218,75.098703,Road,5,Blunt Object,0,Under Investigation,FIR/2024/029/1573,CG,"[89, 148]",[98],0,,8,3,11,6,1,6,85
1574,41,Udupi,Fraud,Impersonation,2021-12-28,16:31:00,2021,12,Tuesday,16,13.434966,74.768839,Park,3,None,46677,Closed - Convicted,FIR/2021/041/1574,DS,[273],"[56, 404]",0,,12,4,13,3,4,2,123
1575,38,Shivamogga,Robbery,Armed robbery,2021-08-31,11:13:00,2021,8,Tuesday,11,13.829415,75.527138,Park,5,Knife,494337,Closed - Convicted,FIR/2021/038/1575,DJ,[71],[220],1,,11,7,23,3,3,2,114
1576,8,Bengaluru Rural,Kidnapping,Child abduction,2021-01-11,20:17:00,2021,1,Monday,20,13.197833,77.617714,Residence,5,None,0,Under Investigation,FIR/2021/008/1576,X,[104],[504],0,159,2,5,16,5,4,6,24
1577,10,Mysuru,Theft,House break-in,2022-01-28,17:28:00,2022,1,Friday,17,12.390932,76.582017,Residence,2,None,179505,Open,FIR/2022/010/1577,AB,[261],[295],1,,3,9,30,5,4,4,28
1578,22,Belagavi,Theft,Pickpocket,2024-01-31,20:44:00,2024,1,Wednesday,20,15.89383,74.495707,Market,3,None,410885,Open,FIR/2024/022/1578,BL,"[362, 311]",[303],0,,6,9,31,2,4,4,64
1579,15,Tumakuru,Assault,Brawl,2024-09-25,21:50:00,2024,9,Wednesday,21,13.248538,77.032961,Residence,4,None,0,Under Investigation,FIR/2024/015/1579,AR,[54],[76],0,347,4,1,1,5,4,6,44
1580,3,Bengaluru Urban,Theft,House break-in,2024-07-16,22:17:00,2024,7,Tuesday,22,13.051349,77.669601,Residence,2,None,119614,Closed - Acquitted,FIR/2024/003/1580,H,"[54, 88]",[130],0,165,1,9,30,5,4,1,8
1581,31,Ballari,Theft,House break-in,2022-04-28,20:53:00,2022,4,Thursday,20,15.079052,76.804265,Park,3,None,107532,Under Investigation,FIR/2022/031/1581,CM,[181],[451],1,,9,9,30,3,4,6,91
1582,28,Dharwad,Fraud,Land grab,2021-07-29,05:41:00,2021,7,Thursday,5,15.340466,75.126723,Park,4,None,39066,Pending Trial,FIR/2021/028/1582,CE,[229],[110],1,,8,4,15,3,4,5,83
1583,35,Hassan,Assault,Domestic violence,2020-01-13,18:28:00,2020,1,Monday,18,13.123106,76.085341,Residence,4,Firearm,0,Open,FIR/2020/035/1583,CZ,"[119, 279]",[229],1,188,10,1,2,5,2,4,104
1584,21,Belagavi,Robbery,Mugging,2025-06-22,12:00:00,2025,6,Sunday,12,15.785533,74.463158,Commercial,5,Blunt Object,379344,Open,FIR/2025/021/1584,BK,"[260, 266]",[210],1,,6,7,25,1,1,4,63
1585,12,Mysuru,Assault,Domestic violence,2025-10-20,20:03:00,2025,10,Monday,20,12.208508,76.737967,Residence,3,Knife,0,Under Investigation,FIR/2025/012/1585,AI,[247],[567],1,191,3,1,2,5,3,6,35
1586,28,Dharwad,Drug Offence,Possession,2023-08-08,19:13:00,2023,8,Tuesday,19,15.446,74.891673,Residence,5,None,0,Open,FIR/2023/028/1586,CF,[349],"[63, 412]",0,,8,3,10,5,4,4,84
1587,7,Bengaluru Rural,Vandalism,Arson,2023-09-23,10:47:00,2023,9,Saturday,10,13.221393,77.565318,Public Transport,3,None,0,Under Investigation,FIR/2023/007/1587,T,"[98, 131]",[236],1,,2,10,33,4,4,6,20
1588,32,Ballari,Assault,Domestic violence,2020-04-22,20:06:00,2020,4,Wednesday,20,15.15877,77.012389,Public Transport,4,None,0,Closed - Acquitted,FIR/2020/032/1588,CQ,"[147, 190]",[47],0,355,9,1,2,4,4,1,95
1589,20,Belagavi,Theft,Chain snatching,2023-01-10,08:15:00,2023,1,Tuesday,8,15.940679,74.598736,Market,3,None,317668,Open,FIR/2023/020/1589,BF,[218],"[138, 590]",1,,6,9,29,2,4,4,58
1590,29,Dharwad,Cybercrime,Online fraud,2021-06-13,15:52:00,2021,6,Sunday,15,15.377038,75.10317,Residence,4,Knife,0,Closed - Convicted,FIR/2021/029/1590,CH,"[319, 177]",[24],1,,8,2,7,5,3,2,86
1591,7,Bengaluru Rural,Assault,Gang fight,2022-12-13,14:20:00,2022,12,Tuesday,14,13.306951,77.554908,Commercial,4,Knife,0,Cold Case,FIR/2022/007/1591,T,"[357, 369, 276]",[458],1,,2,1,3,1,3,3,20
1592,41,Udupi,Robbery,Armed robbery,2024-02-24,12:42:00,2024,2,Saturday,12,13.337143,74.858966,Market,4,Firearm,418849,Under Investigation,FIR/2024/041/1592,DS,[90],[404],0,13,12,7,23,2,2,6,123
1593,5,Bengaluru Urban,Theft,House break-in,2020-11-17,03:55:00,2020,11,Tuesday,3,13.028654,77.603923,Commercial,2,None,410741,Closed - Convicted,FIR/2020/005/1593,M,[246],[74],1,26,1,9,30,1,4,2,13
1594,1,Bengaluru Urban,Theft,House break-in,2020-06-02,19:18:00,2020,6,Tuesday,19,12.912769,77.560708,Market,2,None,280750,Closed - Acquitted,FIR/2020/001/1594,B,"[198, 271]",[303],1,283,1,9,30,2,4,1,2
1595,38,Shivamogga,Cybercrime,Phishing,2024-06-11,12:08:00,2024,6,Tuesday,12,13.911192,75.468057,Market,4,None,0,Open,FIR/2024/038/1595,DI,[21],[340],1,,11,2,8,2,4,4,113
1596,25,Kalaburagi,Robbery,Dacoity,2024-03-07,18:35:00,2024,3,Thursday,18,17.298053,76.793476,Public Transport,5,None,406785,Under Investigation,FIR/2024/025/1596,BV,[124],[23],1,248,7,7,24,4,4,6,74
1597,25,Kalaburagi,Murder,Gang rivalry,2020-06-12,10:57:00,2020,6,Friday,10,17.407217,76.882441,Residence,5,Knife,0,Under Investigation,FIR/2020/025/1597,BW,[235],[60],1,150,7,6,20,5,3,6,75
1598,18,Dakshina Kannada,Robbery,Mugging,2023-03-04,22:48:00,2023,3,Saturday,22,12.845018,75.086615,Residence,4,None,266594,Pending Trial,FIR/2023/018/1598,BB,[350],[556],0,,5,7,25,5,4,5,54
1599,29,Dharwad,Cybercrime,Phishing,2023-02-16,19:59:00,2023,2,Thursday,19,15.534985,74.925509,Road,4,None,0,Closed - Acquitted,FIR/2023/029/1599,CH,[384],[589],0,,8,2,8,6,4,1,86
1600,37,Shivamogga,Vandalism,Property destruction,2020-01-21,12:42:00,2020,1,Tuesday,12,13.891442,75.630678,Residence,3,None,0,Closed - Convicted,FIR/2020/037/1600,DG,[208],[594],0,,11,10,35,5,4,2,111
1601,32,Ballari,Assault,Gang fight,2022-09-26,18:25:00,2022,9,Monday,18,15.181058,76.915962,Road,4,Knife,0,Under Investigation,FIR/2022/032/1601,CQ,"[293, 241]","[464, 544]",1,,9,1,3,6,3,6,95
1602,35,Hassan,Assault,Gang fight,2021-06-03,15:36:00,2021,6,Thursday,15,12.99277,76.173916,Park,4,None,0,Closed - Convicted,FIR/2021/035/1602,CZ,[356],"[59, 84]",1,,10,1,3,3,4,2,104
1603,9,Bengaluru Rural,Robbery,Dacoity,2022-05-12,14:28:00,2022,5,Thursday,14,13.217649,77.650611,Commercial,5,Blunt Object,61224,Open,FIR/2022/009/1603,AA,"[272, 182]",[459],1,,2,7,24,1,1,4,27
1604,38,Shivamogga,Cybercrime,Investment scam,2025-06-09,12:42:00,2025,6,Monday,12,13.876493,75.55498,Public Transport,4,None,0,Open,FIR/2025/038/1604,DI,"[57, 140, 18]",[462],0,145,11,2,6,4,4,4,113
1605,17,Dakshina Kannada,Cybercrime,Online fraud,2023-08-06,12:51:00,2023,8,Sunday,12,12.812649,75.108407,Commercial,3,Knife,0,Under Investigation,FIR/2023/017/1605,AY,[133],"[274, 563]",0,345,5,2,7,1,3,6,51
1606,27,Dharwad,Theft,House break-in,2023-01-17,19:00:00,2023,1,Tuesday,19,15.574783,74.894132,Residence,3,None,246636,Pending Trial,FIR/2023/027/1606,CA,[175],"[11, 461]",0,,8,9,30,5,4,5,79
1607,10,Mysuru,Assault,Road rage,2025-09-09,06:31:00,2025,9,Tuesday,6,12.347973,76.658856,Public Transport,3,None,0,Under Investigation,FIR/2025/010/1607,AC,[81],[437],0,,3,1,4,4,4,6,29
1608,12,Mysuru,Drug Offence,Trafficking,2023-06-08,09:34:00,2023,6,Thursday,9,12.392872,76.663416,Road,4,Firearm,0,Closed - Convicted,FIR/2023/012/1608,AH,"[147, 101]",[48],1,254,3,3,11,6,2,2,34
1609,30,Ballari,Cybercrime,Phishing,2021-07-25,07:31:00,2021,7,Sunday,7,15.2579,76.93682,Park,4,Knife,0,Open,FIR/2021/030/1609,CK,[58],[439],0,311,9,2,8,3,3,4,89
1610,12,Mysuru,Robbery,Armed robbery,2024-05-09,13:04:00,2024,5,Thursday,13,12.322932,76.646639,Public Transport,4,None,24159,Open,FIR/2024/012/1610,AJ,[261],[55],1,,3,7,23,4,4,4,36
1611,20,Belagavi,Fraud,Cheque fraud,2021-08-02,15:49:00,2021,8,Monday,15,15.785308,74.577188,Park,4,Knife,51206,Closed - Convicted,FIR/2021/020/1611,BH,[367],[286],0,,6,4,12,3,3,2,60
1612,40,Udupi,Cybercrime,Online fraud,2021-12-15,12:54:00,2021,12,Wednesday,12,13.437167,74.631562,Public Transport,3,Blunt Object,0,Pending Trial,FIR/2021/040/1612,DP,[55],[567],0,,12,2,7,4,1,5,120
1613,7,Bengaluru Rural,Vandalism,Arson,2021-08-17,09:51:00,2021,8,Tuesday,9,13.133917,77.642964,Public Transport,3,None,0,Closed - Convicted,FIR/2021/007/1613,U,"[31, 189]",[395],1,149,2,10,33,4,4,2,21
1614,13,Mysuru,Assault,Domestic violence,2025-05-26,21:56:00,2025,5,Monday,21,12.354804,76.758792,Public Transport,3,None,0,Under Investigation,FIR/2025/013/1614,AL,"[272, 257]",[249],0,,3,1,2,4,4,6,38
1615,4,Bengaluru Urban,Drug Offence,Possession,2022-01-04,20:30:00,2022,1,Tuesday,20,13.015708,77.493637,Commercial,4,None,0,Pending Trial,FIR/2022/004/1615,K,[105],"[411, 163]",1,317,1,3,10,1,4,5,11
1616,39,Udupi,Theft,House break-in,2025-09-24,15:44:00,2025,9,Wednesday,15,13.315598,74.756104,Market,2,None,267491,Closed - Acquitted,FIR/2025/039/1616,DK,[363],[247],0,,12,9,30,2,4,1,115
1617,6,Bengaluru Urban,Fraud,Impersonation,2024-12-17,15:32:00,2024,12,Tuesday,15,12.913307,77.663829,Road,3,Firearm,198914,Closed - Convicted,FIR/2024/006/1617,P,[316],[302],0,,1,4,13,6,2,2,16
1618,25,Kalaburagi,Robbery,Dacoity,2023-02-27,12:47:00,2023,2,Monday,12,17.262596,76.874073,Road,5,None,469666,Open,FIR/2023/025/1618,BU,[10],[271],0,144,7,7,24,6,4,4,73
1619,16,Tumakuru,Fraud,Land grab,2025-02-12,09:59:00,2025,2,Wednesday,9,13.305359,77.124286,Commercial,4,None,41391,Closed - Convicted,FIR/2025/016/1619,AV,[318],[367],0,,4,4,15,1,4,2,48
1620,2,Bengaluru Urban,Murder,Property dispute,2025-09-24,14:23:00,2025,9,Wednesday,14,13.054003,77.703654,Market,5,None,0,Closed - Convicted,FIR/2025/002/1620,F,[113],[48],1,231,1,6,22,2,4,2,6
1621,24,Kalaburagi,Robbery,Armed robbery,2025-08-08,09:00:00,2025,8,Friday,9,17.234577,76.938277,Market,5,None,23220,Open,FIR/2025/024/1621,BT,"[228, 110, 233]",[493],1,,7,7,23,2,4,4,72
1622,19,Dakshina Kannada,Assault,Gang fight,2021-10-02,20:52:00,2021,10,Saturday,20,12.856185,75.074682,Public Transport,3,None,0,Under Investigation,FIR/2021/019/1622,BE,"[82, 372, 347]","[16, 1]",1,,5,1,3,4,4,6,57
1623,28,Dharwad,Sexual Assault,Molestation,2021-12-01,21:20:00,2021,12,Wednesday,21,15.573104,74.952803,Public Transport,5,None,0,Open,FIR/2021/028/1623,CE,[370],[284],0,156,8,8,27,4,4,4,83
1624,22,Belagavi,Theft,House break-in,2022-09-19,08:45:00,2022,9,Monday,8,15.956195,74.524399,Public Transport,3,None,314795,Closed - Convicted,FIR/2022/022/1624,BL,"[322, 209, 30]","[155, 494]",0,,6,9,30,4,4,2,64
1625,32,Ballari,Vandalism,Arson,2024-11-25,20:03:00,2024,11,Monday,20,15.081,76.921982,Road,3,None,0,Closed - Acquitted,FIR/2024/032/1625,CR,"[193, 77]",[359],1,,9,10,33,6,4,1,96
1626,4,Bengaluru Urban,Robbery,Mugging,2025-08-10,07:48:00,2025,8,Sunday,7,13.026538,77.592686,Public Transport,4,None,415935,Open,FIR/2025/004/1626,L,"[55, 379]",[511],0,29,1,7,25,4,4,4,12
1627,24,Kalaburagi,Vandalism,Property destruction,2020-11-05,18:31:00,2020,11,Thursday,18,17.416774,76.799289,Market,3,None,0,Under Investigation,FIR/2020/024/1627,BS,[286],[504],0,149,7,10,35,2,4,6,71
1628,6,Bengaluru Urban,Sexual Assault,Rape,2021-07-16,11:59:00,2021,7,Friday,11,12.886388,77.571657,Road,5,None,0,Under Investigation,FIR/2021/006/1628,Q,"[10, 272]",[355],1,,1,8,28,6,4,6,17
1629,27,Dharwad,Vandalism,Property destruction,2024-08-09,21:16:00,2024,8,Friday,21,15.566268,74.994419,Market,3,None,0,Under Investigation,FIR/2024/027/1629,CB,[131],[577],0,,8,10,35,2,4,6,80
1630,29,Dharwad,Vandalism,Arson,2020-11-17,00:41:00,2020,11,Tuesday,0,15.441902,74.906474,Residence,3,None,0,Closed - Convicted,FIR/2020/029/1630,CI,[219],[484],0,,8,10,33,5,4,2,87
1631,26,Kalaburagi,Robbery,Armed robbery,2020-07-13,08:16:00,2020,7,Monday,8,17.319858,76.73435,Market,5,Firearm,182380,Closed - Convicted,FIR/2020/026/1631,BZ,[254],[83],0,230,7,7,23,2,2,2,78
1632,31,Ballari,Assault,Domestic violence,2025-09-07,13:23:00,2025,9,Sunday,13,15.124232,76.928474,Public Transport,4,Firearm,0,Under Investigation,FIR/2025/031/1632,CN,[248],[47],0,91,9,1,2,4,2,6,92
1633,36,Shivamogga,Drug Offence,Trafficking,2021-04-25,00:13:00,2021,4,Sunday,0,13.962322,75.639032,Market,5,Knife,0,Closed - Convicted,FIR/2021/036/1633,DC,[82],[181],1,,11,3,11,2,3,2,107
1634,30,Ballari,Sexual Assault,Rape,2020-08-10,17:43:00,2020,8,Monday,17,15.060339,76.986286,Market,5,Firearm,0,Closed - Convicted,FIR/2020/030/1634,CL,[300],"[294, 477]",0,,9,8,28,2,2,2,90
1635,6,Bengaluru Urban,Theft,Vehicle theft,2023-11-02,08:51:00,2023,11,Thursday,8,12.979308,77.574186,Public Transport,2,None,431909,Closed - Convicted,FIR/2023/006/1635,P,"[287, 277]",[367],0,,1,9,32,4,4,2,16
1636,11,Mysuru,Drug Offence,Distribution,2024-06-19,15:15:00,2024,6,Wednesday,15,12.230156,76.608599,Road,4,Firearm,0,Under Investigation,FIR/2024/011/1636,AE,[181],"[109, 326]",1,294,3,3,9,6,2,6,31
1637,26,Kalaburagi,Murder,Property dispute,2024-06-12,14:12:00,2024,6,Wednesday,14,17.44655,76.746161,Residence,5,None,0,Closed - Convicted,FIR/2024/026/1637,BZ,[193],[193],0,282,7,6,22,5,4,2,78
1638,2,Bengaluru Urban,Robbery,Mugging,2020-03-16,16:28:00,2020,3,Monday,16,13.075148,77.671251,Park,4,None,333446,Pending Trial,FIR/2020/002/1638,F,"[333, 287]",[100],0,,1,7,25,3,4,5,6
1639,41,Udupi,Theft,Chain snatching,2023-08-14,16:18:00,2023,8,Monday,16,13.459052,74.854338,Residence,2,None,14323,Closed - Convicted,FIR/2023/041/1639,DR,[365],[578],1,,12,9,29,5,4,2,122
1640,21,Belagavi,Fraud,Impersonation,2020-01-06,17:34:00,2020,1,Monday,17,15.934322,74.528592,Public Transport,4,Knife,327060,Closed - Convicted,FIR/2020/021/1640,BK,"[197, 142]",[251],0,,6,4,13,4,3,2,63
1641,4,Bengaluru Urban,Cybercrime,Phishing,2022-09-20,15:16:00,2022,9,Tuesday,15,12.881957,77.631765,Commercial,3,None,0,Cold Case,FIR/2022/004/1641,L,[82],"[436, 270]",0,323,1,2,8,1,4,3,12
1642,4,Bengaluru Urban,Sexual Assault,Molestation,2023-09-04,12:21:00,2023,9,Monday,12,12.90194,77.604708,Road,5,Firearm,0,Open,FIR/2023/004/1642,J,"[278, 145]",[315],1,84,1,8,27,6,2,4,10
1643,23,Belagavi,Robbery,Armed robbery,2020-02-23,08:44:00,2020,2,Sunday,8,15.858399,74.395212,Commercial,5,Firearm,42268,Open,FIR/2020/023/1643,BQ,"[29, 60]",[161],0,,6,7,23,1,2,4,69
1644,23,Belagavi,Theft,House break-in,2021-05-15,17:55:00,2021,5,Saturday,17,15.895691,74.588238,Commercial,3,None,53387,Open,FIR/2021/023/1644,BO,"[45, 263]",[95],0,,6,9,30,1,4,4,67
1645,3,Bengaluru Urban,Vandalism,Arson,2024-03-10,14:21:00,2024,3,Sunday,14,12.99649,77.675686,Market,2,None,0,Closed - Convicted,FIR/2024/003/1645,I,[396],[417],0,,1,10,33,2,4,2,9
1646,38,Shivamogga,Theft,Vehicle theft,2025-09-23,17:53:00,2025,9,Tuesday,17,13.81999,75.672662,Road,3,None,192396,Under Investigation,FIR/2025/038/1646,DH,"[92, 105]",[385],1,64,11,9,32,6,4,6,112
1647,14,Tumakuru,Assault,Road rage,2020-12-20,12:41:00,2020,12,Sunday,12,13.455132,77.013984,Residence,4,Firearm,0,Under Investigation,FIR/2020/014/1647,AO,[221],[295],0,337,4,1,4,5,2,6,41
1648,20,Belagavi,Sexual Assault,Rape,2023-02-20,16:26:00,2023,2,Monday,16,15.757862,74.385315,Market,5,None,0,Closed - Convicted,FIR/2023/020/1648,BH,[164],"[301, 391]",1,,6,8,28,2,4,2,60
1649,31,Ballari,Murder,Domestic dispute,2022-09-09,05:48:00,2022,9,Friday,5,15.067034,76.868886,Market,5,None,0,Open,FIR/2022/031/1649,CO,"[108, 124]","[531, 538]",1,14,9,6,19,2,4,4,93
1650,40,Udupi,Drug Offence,Distribution,2021-09-20,11:01:00,2021,9,Monday,11,13.22672,74.69658,Commercial,4,Firearm,0,Open,FIR/2021/040/1650,DN,"[280, 223]","[440, 528]",1,83,12,3,9,1,2,4,118
1651,30,Ballari,Robbery,Dacoity,2025-09-04,22:26:00,2025,9,Thursday,22,15.068009,76.922232,Park,5,Blunt Object,77192,Under Investigation,FIR/2025/030/1651,CK,[249],[60],0,312,9,7,24,3,1,6,89
1652,38,Shivamogga,Assault,Road rage,2025-03-16,17:03:00,2025,3,Sunday,17,13.921911,75.471926,Park,4,None,0,Closed - Convicted,FIR/2025/038/1652,DJ,"[203, 71]",[577],0,97,11,1,4,3,4,2,114
1653,26,Kalaburagi,Assault,Domestic violence,2025-09-01,06:41:00,2025,9,Monday,6,17.311368,76.941684,Park,4,None,0,Pending Trial,FIR/2025/026/1653,BX,[8],[409],0,84,7,1,2,3,4,5,76
1654,24,Kalaburagi,Theft,House break-in,2024-03-25,22:32:00,2024,3,Monday,22,17.31105,76.900598,Road,3,None,349084,Closed - Convicted,FIR/2024/024/1654,BR,"[306, 69]",[293],0,112,7,9,30,6,4,2,70
1655,8,Bengaluru Rural,Theft,Pickpocket,2025-12-15,16:16:00,2025,12,Monday,16,13.079652,77.578756,Public Transport,3,None,288872,Closed - Convicted,FIR/2025/008/1655,V,"[372, 133]",[544],0,,2,9,31,4,4,2,22
1656,13,Mysuru,Theft,House break-in,2024-03-24,21:29:00,2024,3,Sunday,21,12.328056,76.612254,Market,2,None,15493,Under Investigation,FIR/2024/013/1656,AK,[111],[517],1,328,3,9,30,2,4,6,37
1657,39,Udupi,Murder,Hired killing,2023-05-28,02:40:00,2023,5,Sunday,2,13.340588,74.755488,Market,5,None,0,Under Investigation,FIR/2023/039/1657,DL,"[109, 228]",[343],0,,12,6,21,2,4,6,116
1658,34,Hassan,Assault,Road rage,2020-11-24,22:50:00,2020,11,Tuesday,22,13.003587,76.20841,Market,4,None,0,Under Investigation,FIR/2020/034/1658,CW,[324],[206],0,,10,1,4,2,4,6,101
1659,25,Kalaburagi,Vandalism,Graffiti,2025-05-22,11:38:00,2025,5,Thursday,11,17.383126,76.7734,Market,3,None,0,Closed - Acquitted,FIR/2025/025/1659,BV,"[255, 279]",[232],0,,7,10,34,2,4,1,74
1660,28,Dharwad,Theft,House break-in,2020-02-27,11:33:00,2020,2,Thursday,11,15.558619,74.948536,Commercial,3,None,213008,Pending Trial,FIR/2020/028/1660,CD,[59],[460],0,,8,9,30,1,4,5,82
1661,33,Hassan,Cybercrime,Investment scam,2023-11-05,12:08:00,2023,11,Sunday,12,12.969265,76.185269,Public Transport,4,Firearm,0,Open,FIR/2023/033/1661,CT,[172],[433],0,,10,2,6,4,2,4,98
1662,11,Mysuru,Theft,Chain snatching,2025-04-18,04:17:00,2025,4,Friday,4,12.33569,76.543134,Market,2,None,484523,Pending Trial,FIR/2025/011/1662,AE,"[134, 54, 117]",[449],0,,3,9,29,2,4,5,31
1663,16,Tumakuru,Cybercrime,Identity theft,2025-11-19,09:08:00,2025,11,Wednesday,9,13.373156,77.057992,Public Transport,4,None,0,Open,FIR/2025/016/1663,AV,"[379, 216]",[423],1,284,4,2,5,4,4,4,48
1664,4,Bengaluru Urban,Assault,Road rage,2022-04-02,22:41:00,2022,4,Saturday,22,13.021048,77.674384,Market,3,Knife,0,Open,FIR/2022/004/1664,J,[211],[238],1,220,1,1,4,2,3,4,10
1665,27,Dharwad,Fraud,Impersonation,2020-05-28,14:51:00,2020,5,Thursday,14,15.407238,75.075765,Public Transport,4,Firearm,186446,Closed - Acquitted,FIR/2020/027/1665,CB,[43],[109],1,,8,4,13,4,2,1,80
1666,16,Tumakuru,Theft,Pickpocket,2025-04-27,11:55:00,2025,4,Sunday,11,13.313933,77.154386,Market,3,None,165041,Open,FIR/2025/016/1666,AT,"[373, 153]","[161, 5]",1,,4,9,31,2,4,4,46
1667,37,Shivamogga,Assault,Gang fight,2022-03-19,19:31:00,2022,3,Saturday,19,13.857491,75.474262,Road,4,None,0,Under Investigation,FIR/2022/037/1667,DG,"[192, 397, 205]",[109],0,34,11,1,3,6,4,6,111
1668,8,Bengaluru Rural,Fraud,Cheque fraud,2022-05-24,11:58:00,2022,5,Tuesday,11,13.232039,77.533524,Public Transport,4,Knife,128555,Under Investigation,FIR/2022/008/1668,W,"[209, 139, 91]",[470],1,,2,4,12,4,3,6,23
1669,22,Belagavi,Theft,Chain snatching,2023-12-29,12:54:00,2023,12,Friday,12,15.775891,74.497481,Road,3,None,82293,Under Investigation,FIR/2023/022/1669,BL,[135],[422],0,282,6,9,29,6,4,6,64
1670,35,Hassan,Drug Offence,Trafficking,2024-01-11,21:40:00,2024,1,Thursday,21,13.005251,76.056243,Commercial,5,None,0,Pending Trial,FIR/2024/035/1670,DA,"[96, 31, 134]",[353],0,51,10,3,11,1,4,5,105
1671,26,Kalaburagi,Sexual Assault,Rape,2022-08-04,18:58:00,2022,8,Thursday,18,17.360223,76.953408,Market,5,Knife,0,Under Investigation,FIR/2022/026/1671,BZ,"[254, 235]",[302],0,348,7,8,28,2,3,6,78
1672,30,Ballari,Assault,Gang fight,2023-03-02,12:03:00,2023,3,Thursday,12,15.225024,76.914787,Market,4,Knife,0,Pending Trial,FIR/2023/030/1672,CL,[135],[403],0,,9,1,3,2,3,5,90
1673,33,Hassan,Theft,House break-in,2021-02-24,00:50:00,2021,2,Wednesday,0,12.994964,76.195794,Public Transport,3,None,293096,Under Investigation,FIR/2021/033/1673,CS,"[39, 12]",[587],0,,10,9,30,4,4,6,97
1674,16,Tumakuru,Theft,House break-in,2021-06-21,16:08:00,2021,6,Monday,16,13.319581,77.118721,Park,3,None,310451,Open,FIR/2021/016/1674,AT,"[241, 397, 26]","[185, 292]",1,,4,9,30,3,4,4,46
1675,37,Shivamogga,Theft,House break-in,2022-07-25,23:43:00,2022,7,Monday,23,14.024037,75.532167,Residence,3,None,481886,Under Investigation,FIR/2022/037/1675,DF,[76],"[229, 294]",0,,11,9,30,5,4,6,110
1676,2,Bengaluru Urban,Robbery,Dacoity,2022-06-05,11:46:00,2022,6,Sunday,11,12.930507,77.630232,Commercial,4,Blunt Object,10774,Closed - Convicted,FIR/2022/002/1676,F,[231],[276],1,327,1,7,24,1,1,2,6
1677,7,Bengaluru Rural,Fraud,Land grab,2024-05-30,09:40:00,2024,5,Thursday,9,13.31191,77.570308,Park,4,Blunt Object,113985,Closed - Convicted,FIR/2024/007/1677,U,[135],[567],1,15,2,4,15,3,1,2,21
1678,29,Dharwad,Theft,House break-in,2020-03-22,22:25:00,2020,3,Sunday,22,15.431259,74.939955,Public Transport,3,None,175484,Under Investigation,FIR/2020/029/1678,CG,[92],"[208, 134]",0,252,8,9,30,4,4,6,85
1679,3,Bengaluru Urban,Assault,Domestic violence,2024-12-11,16:59:00,2024,12,Wednesday,16,12.970312,77.553515,Residence,3,Firearm,0,Closed - Convicted,FIR/2024/003/1679,G,"[334, 98]",[446],1,56,1,1,2,5,2,2,7
1680,38,Shivamogga,Assault,Domestic violence,2025-09-07,23:28:00,2025,9,Sunday,23,14.023571,75.484967,Road,4,Firearm,0,Closed - Acquitted,FIR/2025/038/1680,DH,[76],[19],1,,11,1,2,6,2,1,112
1681,21,Belagavi,Theft,House break-in,2025-01-02,19:53:00,2025,1,Thursday,19,15.848291,74.401426,Road,3,None,339528,Under Investigation,FIR/2025/021/1681,BI,"[377, 115]",[210],1,,6,9,30,6,4,6,61
1682,20,Belagavi,Fraud,Insurance fraud,2024-04-17,20:39:00,2024,4,Wednesday,20,15.909566,74.583949,Road,4,None,412035,Open,FIR/2024/020/1682,BH,[323],[116],1,,6,4,14,6,4,4,60
1683,37,Shivamogga,Robbery,Dacoity,2025-03-15,00:49:00,2025,3,Saturday,0,13.83885,75.478157,Residence,5,None,321947,Closed - Convicted,FIR/2025/037/1683,DE,[263],"[55, 432]",0,,11,7,24,5,4,2,109
1684,25,Kalaburagi,Vandalism,Property destruction,2021-11-29,15:35:00,2021,11,Monday,15,17.347831,76.913033,Residence,3,None,0,Open,FIR/2021/025/1684,BW,[255],[395],0,46,7,10,35,5,4,4,75
1685,5,Bengaluru Urban,Drug Offence,Trafficking,2021-10-31,19:16:00,2021,10,Sunday,19,12.901137,77.59268,Market,4,None,0,Under Investigation,FIR/2021/005/1685,N,"[14, 228]",[198],1,,1,3,11,2,4,6,14
1686,8,Bengaluru Rural,Assault,Gang fight,2023-01-11,17:43:00,2023,1,Wednesday,17,13.311929,77.630788,Park,4,Knife,0,Open,FIR/2023/008/1686,W,[325],[208],0,341,2,1,3,3,3,4,23
1687,5,Bengaluru Urban,Fraud,Impersonation,2022-07-25,14:40:00,2022,7,Monday,14,12.931139,77.629894,Residence,3,Knife,46490,Closed - Convicted,FIR/2022/005/1687,O,[346],[555],0,273,1,4,13,5,3,2,15
1688,28,Dharwad,Assault,Brawl,2025-05-07,07:37:00,2025,5,Wednesday,7,15.405578,75.065836,Market,4,Firearm,0,Closed - Convicted,FIR/2025/028/1688,CE,[40],[413],0,,8,1,1,2,2,2,83
1689,4,Bengaluru Urban,Drug Offence,Possession,2023-01-19,06:49:00,2023,1,Thursday,6,13.088538,77.568731,Public Transport,4,Knife,0,Under Investigation,FIR/2023/004/1689,K,[233],[312],1,,1,3,10,4,3,6,11
1690,13,Mysuru,Drug Offence,Distribution,2025-05-06,07:19:00,2025,5,Tuesday,7,12.189878,76.520052,Residence,4,None,0,Open,FIR/2025/013/1690,AM,[315],[156],0,360,3,3,9,5,4,4,39
1691,12,Mysuru,Theft,Chain snatching,2020-04-05,07:53:00,2020,4,Sunday,7,12.26585,76.719343,Commercial,2,None,106870,Closed - Convicted,FIR/2020/012/1691,AH,[237],[13],1,,3,9,29,1,4,2,34
1692,32,Ballari,Drug Offence,Possession,2024-09-07,10:37:00,2024,9,Saturday,10,15.243693,76.994141,Road,5,Firearm,0,Under Investigation,FIR/2024/032/1692,CR,[181],"[491, 115]",1,236,9,3,10,6,2,6,96
1693,4,Bengaluru Urban,Robbery,Armed robbery,2023-01-07,15:07:00,2023,1,Saturday,15,13.053165,77.628148,Road,4,Blunt Object,301599,Pending Trial,FIR/2023/004/1693,L,"[227, 312]",[208],1,,1,7,23,6,1,5,12
1694,25,Kalaburagi,Cybercrime,Investment scam,2023-01-15,20:26:00,2023,1,Sunday,20,17.416819,76.750198,Park,4,Blunt Object,0,Under Investigation,FIR/2023/025/1694,BW,"[262, 113]",[502],0,,7,2,6,3,1,6,75
1695,33,Hassan,Theft,Vehicle theft,2025-02-07,14:39:00,2025,2,Friday,14,13.014247,76.07431,Market,3,None,122857,Open,FIR/2025/033/1695,CS,"[91, 229]","[515, 192]",0,167,10,9,32,2,4,4,97
1696,17,Dakshina Kannada,Assault,Road rage,2023-12-24,20:07:00,2023,12,Sunday,20,12.770456,75.052663,Road,3,Knife,0,Under Investigation,FIR/2023/017/1696,AW,"[197, 232, 78]",[90],0,275,5,1,4,6,3,6,49
1697,11,Mysuru,Sexual Assault,Molestation,2023-04-18,22:19:00,2023,4,Tuesday,22,12.330015,76.719205,Public Transport,5,Knife,0,Open,FIR/2023/011/1697,AF,"[61, 329]",[82],0,,3,8,27,4,3,4,32
1698,14,Tumakuru,Cybercrime,Phishing,2024-07-30,15:15:00,2024,7,Tuesday,15,13.347184,77.188414,Road,4,Blunt Object,0,Closed - Convicted,FIR/2024/014/1698,AP,[335],"[65, 374]",1,,4,2,8,6,1,2,42
1699,2,Bengaluru Urban,Theft,Chain snatching,2020-07-16,19:27:00,2020,7,Thursday,19,12.919141,77.537413,Park,2,None,398765,Under Investigation,FIR/2020/002/1699,D,"[350, 280]",[101],0,,1,9,29,3,4,6,4
1700,6,Bengaluru Urban,Vandalism,Arson,2020-10-24,09:43:00,2020,10,Saturday,9,13.041106,77.602977,Market,2,None,0,Open,FIR/2020/006/1700,R,[320],[437],1,,1,10,33,2,4,4,18
1701,19,Dakshina Kannada,Robbery,Armed robbery,2024-10-22,21:27:00,2024,10,Tuesday,21,12.817097,74.894678,Road,4,Firearm,465869,Closed - Acquitted,FIR/2024/019/1701,BC,"[351, 78]","[285, 168]",0,266,5,7,23,6,2,1,55
1702,23,Belagavi,Assault,Road rage,2020-02-17,18:39:00,2020,2,Monday,18,15.845987,74.5419,Road,4,None,0,Open,FIR/2020/023/1702,BP,"[166, 360, 248]",[7],1,,6,1,4,6,4,4,68
1703,27,Dharwad,Theft,House break-in,2024-11-17,09:49:00,2024,11,Sunday,9,15.413328,74.9607,Park,3,None,488743,Under Investigation,FIR/2024/027/1703,CA,"[215, 136, 331]","[277, 355]",0,6,8,9,30,3,4,6,79
1704,9,Bengaluru Rural,Fraud,Impersonation,2022-08-09,22:16:00,2022,8,Tuesday,22,13.279015,77.683695,Road,4,Blunt Object,171638,Closed - Convicted,FIR/2022/009/1704,Z,[385],[485],1,,2,4,13,6,1,2,26
1705,16,Tumakuru,Cybercrime,Phishing,2024-02-27,18:12:00,2024,2,Tuesday,18,13.279356,77.186382,Road,4,Knife,0,Closed - Convicted,FIR/2024/016/1705,AV,[268],[121],1,52,4,2,8,6,3,2,48
1706,24,Kalaburagi,Murder,Gang rivalry,2022-05-13,19:34:00,2022,5,Friday,19,17.296701,76.802719,Residence,5,Blunt Object,0,Under Investigation,FIR/2022/024/1706,BS,"[81, 105, 241]",[517],1,164,7,6,20,5,1,6,71
1707,10,Mysuru,Cybercrime,Identity theft,2021-08-25,11:15:00,2021,8,Wednesday,11,12.210539,76.696703,Public Transport,3,Knife,0,Pending Trial,FIR/2021/010/1707,AD,[380],[590],1,115,3,2,5,4,3,5,30
1708,24,Kalaburagi,Theft,Chain snatching,2022-11-26,19:20:00,2022,11,Saturday,19,17.382604,76.724932,Road,3,None,249485,Closed - Acquitted,FIR/2022/024/1708,BR,"[266, 88]",[300],0,178,7,9,29,6,4,1,70
1709,34,Hassan,Assault,Domestic violence,2022-02-14,15:47:00,2022,2,Monday,15,13.070677,76.190696,Public Transport,4,None,0,Under Investigation,FIR/2022/034/1709,CW,[328],[519],1,69,10,1,2,4,4,6,101
1710,9,Bengaluru Rural,Robbery,Armed robbery,2020-12-04,13:29:00,2020,12,Friday,13,13.083421,77.467946,Market,5,None,406553,Under Investigation,FIR/2020/009/1710,AA,[70],[461],0,,2,7,23,2,4,6,27
1711,29,Dharwad,Assault,Road rage,2024-04-04,16:34:00,2024,4,Thursday,16,15.501055,74.938571,Road,4,Blunt Object,0,Open,FIR/2024/029/1711,CI,[122],"[551, 484]",1,299,8,1,4,6,1,4,87
1712,36,Shivamogga,Drug Offence,Possession,2021-12-21,18:09:00,2021,12,Tuesday,18,13.996286,75.684368,Residence,5,None,0,Under Investigation,FIR/2021/036/1712,DB,"[200, 170]",[373],1,59,11,3,10,5,4,6,106
1713,11,Mysuru,Cybercrime,Investment scam,2021-09-25,00:09:00,2021,9,Saturday,0,12.407329,76.677033,Park,3,Blunt Object,0,Closed - Convicted,FIR/2021/011/1713,AE,"[396, 209]","[276, 135]",1,39,3,2,6,3,1,2,31
1714,36,Shivamogga,Cybercrime,Investment scam,2020-06-30,17:27:00,2020,6,Tuesday,17,14.001287,75.49668,Market,4,Blunt Object,0,Open,FIR/2020/036/1714,DC,[175],[394],0,75,11,2,6,2,1,4,107
1715,38,Shivamogga,Assault,Gang fight,2020-03-01,09:44:00,2020,3,Sunday,9,13.931543,75.616364,Market,4,None,0,Closed - Convicted,FIR/2020/038/1715,DJ,"[55, 385]",[432],0,,11,1,3,2,4,2,114
1716,27,Dharwad,Sexual Assault,Rape,2020-05-21,14:37:00,2020,5,Thursday,14,15.41092,74.921441,Market,5,None,0,Closed - Convicted,FIR/2020/027/1716,CC,[281],[597],0,,8,8,28,2,4,2,81
1717,25,Kalaburagi,Drug Offence,Distribution,2020-10-07,21:56:00,2020,10,Wednesday,21,17.320194,76.782063,Public Transport,5,Blunt Object,0,Open,FIR/2020/025/1717,BU,"[105, 361]",[251],0,,7,3,9,4,1,4,73
1718,19,Dakshina Kannada,Theft,House break-in,2022-05-07,20:08:00,2022,5,Saturday,20,12.925499,74.911709,Public Transport,2,None,111366,Closed - Acquitted,FIR/2022/019/1718,BD,"[366, 364]",[508],0,301,5,9,30,4,4,1,56
1719,5,Bengaluru Urban,Cybercrime,Online fraud,2023-05-31,21:32:00,2023,5,Wednesday,21,13.019223,77.485798,Commercial,3,Firearm,0,Under Investigation,FIR/2023/005/1719,N,[241],[500],1,,1,2,7,1,2,6,14
1720,36,Shivamogga,Drug Offence,Possession,2020-09-26,19:54:00,2020,9,Saturday,19,13.876926,75.487972,Residence,5,Firearm,0,Under Investigation,FIR/2020/036/1720,DD,[355],"[108, 126]",1,30,11,3,10,5,2,6,108
1721,9,Bengaluru Rural,Cybercrime,Online fraud,2021-06-28,16:31:00,2021,6,Monday,16,13.186065,77.627987,Public Transport,4,Knife,0,Under Investigation,FIR/2021/009/1721,AA,[361],[144],0,,2,2,7,4,3,6,27
1722,40,Udupi,Fraud,Cheque fraud,2024-08-24,21:01:00,2024,8,Saturday,21,13.248824,74.704677,Road,3,None,301358,Under Investigation,FIR/2024/040/1722,DO,"[86, 203]",[581],1,,12,4,12,6,4,6,119
1723,5,Bengaluru Urban,Assault,Domestic violence,2023-08-19,14:14:00,2023,8,Saturday,14,13.004536,77.512064,Road,3,None,0,Open,FIR/2023/005/1723,N,[10],[460],0,,1,1,2,6,4,4,14
1724,6,Bengaluru Urban,Fraud,Insurance fraud,2020-01-21,21:55:00,2020,1,Tuesday,21,12.91814,77.622471,Road,3,Firearm,259696,Open,FIR/2020/006/1724,Q,[361],[413],1,,1,4,14,6,2,4,17
1725,24,Kalaburagi,Theft,Pickpocket,2024-11-12,21:53:00,2024,11,Tuesday,21,17.375275,76.927281,Road,3,None,210894,Closed - Convicted,FIR/2024/024/1725,BR,[124],"[372, 28]",1,160,7,9,31,6,4,2,70
1726,37,Shivamogga,Theft,Pickpocket,2025-06-10,21:02:00,2025,6,Tuesday,21,13.897065,75.466008,Road,3,None,310211,Under Investigation,FIR/2025/037/1726,DF,"[174, 52]",[129],0,,11,9,31,6,4,6,110
1727,10,Mysuru,Theft,Pickpocket,2025-05-10,18:05:00,2025,5,Saturday,18,12.224169,76.655495,Road,2,None,116547,Closed - Convicted,FIR/2025/010/1727,AB,"[213, 173]",[577],0,,3,9,31,6,4,2,28
1728,24,Kalaburagi,Assault,Domestic violence,2022-06-25,17:06:00,2022,6,Saturday,17,17.419362,76.718964,Residence,4,None,0,Under Investigation,FIR/2022/024/1728,BS,[283],[402],1,266,7,1,2,5,4,6,71
1729,16,Tumakuru,Cybercrime,Phishing,2024-05-21,22:00:00,2024,5,Tuesday,22,13.405478,77.051336,Park,4,None,0,Closed - Convicted,FIR/2024/016/1729,AV,[325],"[380, 370]",1,,4,2,8,3,4,2,48
1730,11,Mysuru,Theft,Pickpocket,2020-03-28,09:13:00,2020,3,Saturday,9,12.198581,76.754009,Public Transport,2,None,390138,Open,FIR/2020/011/1730,AE,[268],[8],0,,3,9,31,4,4,4,31
1731,3,Bengaluru Urban,Assault,Road rage,2021-05-06,22:37:00,2021,5,Thursday,22,12.945172,77.691466,Road,3,Firearm,0,Closed - Convicted,FIR/2021/003/1731,G,[182],"[288, 411]",0,,1,1,4,6,2,2,7
1732,41,Udupi,Kidnapping,Ransom,2024-11-01,16:27:00,2024,11,Friday,16,13.399333,74.77485,Road,5,None,0,Pending Trial,FIR/2024/041/1732,DQ,"[328, 256]",[169],0,16,12,5,18,6,4,5,121
1733,15,Tumakuru,Robbery,Dacoity,2023-10-22,15:18:00,2023,10,Sunday,15,13.398399,77.018513,Road,5,None,475465,Closed - Convicted,FIR/2023/015/1733,AS,[74],[481],1,152,4,7,24,6,4,2,45
1734,24,Kalaburagi,Assault,Road rage,2020-03-03,05:03:00,2020,3,Tuesday,5,17.360451,76.929756,Commercial,4,Firearm,0,Pending Trial,FIR/2020/024/1734,BS,"[369, 299, 180]",[201],0,,7,1,4,1,2,5,71
1735,38,Shivamogga,Theft,Chain snatching,2021-01-15,17:50:00,2021,1,Friday,17,13.945618,75.673799,Commercial,3,None,372121,Under Investigation,FIR/2021/038/1735,DH,[30],[120],1,,11,9,29,1,4,6,112
1736,27,Dharwad,Theft,House break-in,2021-04-05,20:03:00,2021,4,Monday,20,15.341961,74.929431,Residence,3,None,133486,Closed - Convicted,FIR/2021/027/1736,CA,[166],"[208, 83]",1,15,8,9,30,5,4,2,79
1737,37,Shivamogga,Robbery,Armed robbery,2025-07-07,18:17:00,2025,7,Monday,18,13.832992,75.507458,Park,5,None,290303,Open,FIR/2025/037/1737,DE,"[315, 19, 180]",[275],1,,11,7,23,3,4,4,109
1738,40,Udupi,Drug Offence,Distribution,2021-02-27,21:48:00,2021,2,Saturday,21,13.404079,74.850584,Public Transport,4,None,0,Open,FIR/2021/040/1738,DN,[300],[363],1,210,12,3,9,4,4,4,118
1739,31,Ballari,Robbery,Mugging,2023-12-27,13:10:00,2023,12,Wednesday,13,15.030857,76.864156,Residence,5,Blunt Object,304270,Closed - Convicted,FIR/2023/031/1739,CN,[382],[314],0,,9,7,25,5,1,2,92
1740,38,Shivamogga,Murder,Hired killing,2021-05-05,16:09:00,2021,5,Wednesday,16,13.960774,75.63163,Commercial,5,None,0,Under Investigation,FIR/2021/038/1740,DI,[123],[157],1,,11,6,21,1,4,6,113
1741,35,Hassan,Drug Offence,Trafficking,2021-04-27,22:48:00,2021,4,Tuesday,22,13.093464,76.115372,Residence,5,Blunt Object,0,Closed - Convicted,FIR/2021/035/1741,DA,"[19, 399]",[543],0,8,10,3,11,5,1,2,105
1742,28,Dharwad,Assault,Brawl,2022-07-10,16:14:00,2022,7,Sunday,16,15.465451,74.892255,Park,4,None,0,Closed - Convicted,FIR/2022/028/1742,CE,"[327, 244]",[412],0,,8,1,1,3,4,2,83
1743,2,Bengaluru Urban,Robbery,Mugging,2021-02-19,03:29:00,2021,2,Friday,3,12.936559,77.591009,Public Transport,4,Blunt Object,494770,Cold Case,FIR/2021/002/1743,F,"[389, 157, 179]","[285, 26]",1,,1,7,25,4,1,3,6
1744,28,Dharwad,Assault,Road rage,2022-10-03,18:49:00,2022,10,Monday,18,15.490997,75.066627,Park,4,Firearm,0,Closed - Convicted,FIR/2022/028/1744,CE,[254],[323],1,85,8,1,4,3,2,2,83
1745,31,Ballari,Theft,House break-in,2022-07-24,04:48:00,2022,7,Sunday,4,15.181733,76.953728,Public Transport,3,None,400969,Under Investigation,FIR/2022/031/1745,CM,[342],"[335, 419]",0,351,9,9,30,4,4,6,91
1746,15,Tumakuru,Robbery,Armed robbery,2025-01-10,18:33:00,2025,1,Friday,18,13.273262,77.225138,Market,5,None,392449,Under Investigation,FIR/2025/015/1746,AS,"[228, 197]","[561, 88]",1,4,4,7,23,2,4,6,45
1747,11,Mysuru,Cybercrime,Identity theft,2022-08-31,11:47:00,2022,8,Wednesday,11,12.235885,76.67818,Road,3,Blunt Object,0,Cold Case,FIR/2022/011/1747,AF,[274],[224],1,346,3,2,5,6,1,3,32
1748,31,Ballari,Drug Offence,Trafficking,2021-08-08,06:07:00,2021,8,Sunday,6,15.197107,76.870268,Commercial,5,Firearm,0,Under Investigation,FIR/2021/031/1748,CO,[88],[210],0,144,9,3,11,1,2,6,93
1749,21,Belagavi,Kidnapping,Child abduction,2023-06-04,22:57:00,2023,6,Sunday,22,15.776259,74.534158,Public Transport,5,Firearm,0,Under Investigation,FIR/2023/021/1749,BK,"[263, 274]",[181],1,,6,5,16,4,2,6,63
1750,34,Hassan,Murder,Property dispute,2022-07-04,05:12:00,2022,7,Monday,5,12.958371,76.140595,Commercial,5,Firearm,0,Open,FIR/2022/034/1750,CX,[377],"[107, 415]",0,,10,6,22,1,2,4,102
1751,17,Dakshina Kannada,Sexual Assault,Eve-teasing,2020-06-03,11:08:00,2020,6,Wednesday,11,12.951321,75.063543,Road,5,Firearm,0,Under Investigation,FIR/2020/017/1751,AY,[270],[443],1,,5,8,26,6,2,6,51
1752,35,Hassan,Assault,Gang fight,2022-04-05,16:16:00,2022,4,Tuesday,16,13.052291,76.104207,Park,4,None,0,Cold Case,FIR/2022/035/1752,CZ,[69],[207],1,329,10,1,3,3,4,3,104
1753,34,Hassan,Fraud,Land grab,2023-02-09,18:07:00,2023,2,Thursday,18,12.983242,76.09792,Park,4,None,213449,Closed - Convicted,FIR/2023/034/1753,CX,[95],[203],0,,10,4,15,3,4,2,102
1754,31,Ballari,Cybercrime,Identity theft,2025-06-19,16:49:00,2025,6,Thursday,16,15.153384,76.888707,Park,4,None,0,Open,FIR/2025/031/1754,CN,"[338, 297]",[516],1,,9,2,5,3,4,4,92
1755,27,Dharwad,Theft,Vehicle theft,2022-09-27,06:19:00,2022,9,Tuesday,6,15.513133,75.070014,Commercial,3,None,313444,Cold Case,FIR/2022/027/1755,CA,[7],[505],1,,8,9,32,1,4,3,79
1756,17,Dakshina Kannada,Assault,Brawl,2020-01-16,03:44:00,2020,1,Thursday,3,12.864838,74.970188,Public Transport,3,Blunt Object,0,Closed - Convicted,FIR/2020/017/1756,AW,[89],[250],0,,5,1,1,4,1,2,49
1757,37,Shivamogga,Theft,Pickpocket,2021-09-27,15:50:00,2021,9,Monday,15,14.039099,75.471237,Residence,3,None,433866,Closed - Convicted,FIR/2021/037/1757,DF,[179],[325],0,90,11,9,31,5,4,2,110
1758,3,Bengaluru Urban,Assault,Road rage,2025-09-26,21:06:00,2025,9,Friday,21,12.872119,77.578236,Market,3,Firearm,0,Under Investigation,FIR/2025/003/1758,G,"[400, 386]",[54],0,252,1,1,4,2,2,6,7
1759,3,Bengaluru Urban,Vandalism,Graffiti,2020-11-13,21:35:00,2020,11,Friday,21,12.85181,77.545365,Residence,2,None,0,Closed - Convicted,FIR/2020/003/1759,H,[82],[576],0,169,1,10,34,5,4,2,8
1760,26,Kalaburagi,Theft,Chain snatching,2024-10-09,15:04:00,2024,10,Wednesday,15,17.262828,76.906572,Residence,3,None,320455,Closed - Acquitted,FIR/2024/026/1760,BY,"[236, 209]",[426],0,,7,9,29,5,4,1,77
1761,27,Dharwad,Assault,Brawl,2024-10-13,15:49:00,2024,10,Sunday,15,15.356769,74.986892,Public Transport,4,None,0,Under Investigation,FIR/2024/027/1761,CC,[330],[426],0,,8,1,1,4,4,6,81
1762,27,Dharwad,Fraud,Insurance fraud,2023-12-19,15:21:00,2023,12,Tuesday,15,15.454498,75.006832,Commercial,4,Blunt Object,122533,Under Investigation,FIR/2023/027/1762,CB,[289],[284],0,,8,4,14,1,1,6,80
1763,13,Mysuru,Assault,Road rage,2021-11-11,17:48:00,2021,11,Thursday,17,12.413274,76.528408,Commercial,3,Firearm,0,Under Investigation,FIR/2021/013/1763,AL,[137],[187],1,,3,1,4,1,2,6,38
1764,34,Hassan,Theft,House break-in,2020-10-20,07:48:00,2020,10,Tuesday,7,12.887608,76.036495,Road,3,None,116807,Closed - Acquitted,FIR/2020/034/1764,CV,"[107, 392]",[299],1,,10,9,30,6,4,1,100
1765,6,Bengaluru Urban,Cybercrime,Investment scam,2020-02-09,13:46:00,2020,2,Sunday,13,12.928165,77.50343,Public Transport,3,None,0,Closed - Convicted,FIR/2020/006/1765,R,[398],"[474, 4]",0,,1,2,6,4,4,2,18
1766,16,Tumakuru,Theft,House break-in,2020-05-12,15:43:00,2020,5,Tuesday,15,13.306014,77.067124,Commercial,3,None,235043,Under Investigation,FIR/2020/016/1766,AT,[22],[414],1,325,4,9,30,1,4,6,46
1767,10,Mysuru,Assault,Brawl,2025-07-22,19:47:00,2025,7,Tuesday,19,12.364012,76.614031,Market,3,None,0,Closed - Convicted,FIR/2025/010/1767,AC,"[173, 162]",[536],1,,3,1,1,2,4,2,29
1768,1,Bengaluru Urban,Drug Offence,Distribution,2024-11-02,08:52:00,2024,11,Saturday,8,13.062465,77.66758,Public Transport,4,Firearm,0,Under Investigation,FIR/2024/001/1768,C,"[338, 176]",[82],1,,1,3,9,4,2,6,3
1769,25,Kalaburagi,Cybercrime,Online fraud,2025-09-21,10:18:00,2025,9,Sunday,10,17.391895,76.929361,Commercial,4,Knife,0,Under Investigation,FIR/2025/025/1769,BW,"[318, 232]",[341],0,93,7,2,7,1,3,6,75
1770,27,Dharwad,Theft,Vehicle theft,2022-08-22,09:34:00,2022,8,Monday,9,15.490015,75.03372,Market,3,None,26308,Under Investigation,FIR/2022/027/1770,CA,[223],[387],1,,8,9,32,2,4,6,79
1771,21,Belagavi,Assault,Brawl,2023-03-27,18:18:00,2023,3,Monday,18,15.776011,74.613171,Market,4,Firearm,0,Open,FIR/2023/021/1771,BJ,"[270, 228, 134]",[142],0,,6,1,1,2,2,4,62
1772,11,Mysuru,Theft,Vehicle theft,2020-03-31,18:41:00,2020,3,Tuesday,18,12.246433,76.745901,Commercial,2,None,445572,Closed - Convicted,FIR/2020/011/1772,AE,[84],[203],0,,3,9,32,1,4,2,31
1773,3,Bengaluru Urban,Assault,Road rage,2024-06-30,21:50:00,2024,6,Sunday,21,13.032988,77.591027,Commercial,3,Firearm,0,Closed - Acquitted,FIR/2024/003/1773,G,"[30, 196, 329]",[430],0,,1,1,4,1,2,1,7
1774,24,Kalaburagi,Theft,Pickpocket,2023-03-12,14:15:00,2023,3,Sunday,14,17.319004,76.943355,Market,3,None,67433,Closed - Convicted,FIR/2023/024/1774,BR,"[311, 185, 297]",[207],0,112,7,9,31,2,4,2,70
1775,30,Ballari,Theft,Chain snatching,2025-04-15,20:21:00,2025,4,Tuesday,20,15.159229,76.829785,Market,3,None,12536,Pending Trial,FIR/2025/030/1775,CJ,[310],[271],0,153,9,9,29,2,4,5,88
1776,14,Tumakuru,Assault,Domestic violence,2024-03-24,14:28:00,2024,3,Sunday,14,13.284819,77.02636,Park,4,Firearm,0,Closed - Acquitted,FIR/2024/014/1776,AO,"[199, 250]",[560],1,,4,1,2,3,2,1,41
1777,34,Hassan,Drug Offence,Distribution,2024-10-02,21:36:00,2024,10,Wednesday,21,13.123656,76.051584,Market,5,None,0,Pending Trial,FIR/2024/034/1777,CW,[123],[40],1,150,10,3,9,2,4,5,101
1778,17,Dakshina Kannada,Assault,Domestic violence,2025-02-19,08:28:00,2025,2,Wednesday,8,12.795838,74.952462,Park,3,Knife,0,Under Investigation,FIR/2025/017/1778,AX,[288],[63],1,,5,1,2,3,3,6,50
1779,4,Bengaluru Urban,Assault,Brawl,2022-10-03,22:07:00,2022,10,Monday,22,12.943239,77.47635,Commercial,3,Firearm,0,Under Investigation,FIR/2022/004/1779,J,[87],"[32, 234]",0,,1,1,1,1,2,6,10
1780,2,Bengaluru Urban,Assault,Road rage,2025-12-31,15:30:00,2025,12,Wednesday,15,13.065355,77.587326,Park,3,None,0,Open,FIR/2025/002/1780,E,[98],[221],0,,1,1,4,3,4,4,5
1781,40,Udupi,Kidnapping,Child abduction,2023-06-01,14:51:00,2023,6,Thursday,14,13.279659,74.805238,Residence,5,Firearm,0,Under Investigation,FIR/2023/040/1781,DP,[247],[413],1,120,12,5,16,5,2,6,120
1782,15,Tumakuru,Drug Offence,Trafficking,2022-04-30,11:07:00,2022,4,Saturday,11,13.443129,77.031479,Public Transport,5,Knife,0,Open,FIR/2022/015/1782,AR,"[67, 156]",[529],1,,4,3,11,4,3,4,44
1783,18,Dakshina Kannada,Assault,Gang fight,2020-05-04,14:14:00,2020,5,Monday,14,12.788366,75.09931,Road,3,None,0,Open,FIR/2020/018/1783,BA,[132],"[345, 295]",1,,5,1,3,6,4,4,53
1784,3,Bengaluru Urban,Fraud,Land grab,2025-12-15,21:15:00,2025,12,Monday,21,13.071893,77.513845,Road,3,Knife,129024,Closed - Acquitted,FIR/2025/003/1784,I,[13],[167],1,269,1,4,15,6,3,1,9
1785,28,Dharwad,Cybercrime,Online fraud,2020-06-06,09:38:00,2020,6,Saturday,9,15.391335,74.909274,Market,4,Firearm,0,Under Investigation,FIR/2020/028/1785,CF,"[69, 154, 8]","[126, 321]",0,217,8,2,7,2,2,6,84
1786,34,Hassan,Robbery,Armed robbery,2021-12-15,20:28:00,2021,12,Wednesday,20,13.061575,76.182362,Public Transport,5,Blunt Object,162903,Pending Trial,FIR/2021/034/1786,CW,"[102, 124]",[337],0,165,10,7,23,4,1,5,101
1787,29,Dharwad,Robbery,Mugging,2020-12-09,20:55:00,2020,12,Wednesday,20,15.499337,74.929859,Market,5,Firearm,147504,Open,FIR/2020/029/1787,CG,[367],[55],0,334,8,7,25,2,2,4,85
1788,32,Ballari,Murder,Domestic dispute,2024-07-28,08:52:00,2024,7,Sunday,8,15.080752,77.041199,Residence,5,None,0,Closed - Acquitted,FIR/2024/032/1788,CR,[186],[66],1,,9,6,19,5,4,1,96
1789,30,Ballari,Cybercrime,Investment scam,2022-12-02,05:43:00,2022,12,Friday,5,15.228845,77.027827,Park,4,None,0,Pending Trial,FIR/2022/030/1789,CK,"[317, 89]",[523],0,,9,2,6,3,4,5,89
1790,22,Belagavi,Murder,Property dispute,2022-01-07,19:40:00,2022,1,Friday,19,15.926139,74.407789,Market,5,Blunt Object,0,Open,FIR/2022/022/1790,BM,"[343, 217, 383]",[509],0,,6,6,22,2,1,4,65
1791,19,Dakshina Kannada,Vandalism,Graffiti,2023-09-26,19:15:00,2023,9,Tuesday,19,12.785556,74.880408,Road,2,None,0,Under Investigation,FIR/2023/019/1791,BD,"[317, 46]",[325],0,134,5,10,34,6,4,6,56
1792,4,Bengaluru Urban,Drug Offence,Distribution,2023-07-15,19:26:00,2023,7,Saturday,19,12.870339,77.48887,Road,4,Blunt Object,0,Pending Trial,FIR/2023/004/1792,K,"[339, 322]",[112],0,,1,3,9,6,1,5,11
1793,41,Udupi,Assault,Road rage,2022-09-03,08:14:00,2022,9,Saturday,8,13.349335,74.71296,Commercial,3,None,0,Under Investigation,FIR/2022/041/1793,DQ,[392],[257],1,300,12,1,4,1,4,6,121
1794,11,Mysuru,Drug Offence,Distribution,2022-05-13,13:36:00,2022,5,Friday,13,12.397768,76.748801,Market,4,None,0,Closed - Convicted,FIR/2022/011/1794,AG,[125],[351],1,324,3,3,9,2,4,2,33
1795,14,Tumakuru,Kidnapping,Human trafficking,2021-10-13,02:09:00,2021,10,Wednesday,2,13.297298,77.084733,Park,5,Knife,0,Closed - Convicted,FIR/2021/014/1795,AP,"[362, 178]","[392, 152]",0,,4,5,17,3,3,2,42
1796,29,Dharwad,Assault,Domestic violence,2022-07-28,17:15:00,2022,7,Thursday,17,15.524391,74.937605,Park,4,Blunt Object,0,Under Investigation,FIR/2022/029/1796,CI,[350],[553],1,,8,1,2,3,1,6,87
1797,34,Hassan,Kidnapping,Ransom,2023-10-25,19:11:00,2023,10,Wednesday,19,13.086088,76.03844,Park,5,Blunt Object,0,Closed - Convicted,FIR/2023/034/1797,CX,[102],[73],0,,10,5,18,3,1,2,102
1798,34,Hassan,Theft,Pickpocket,2025-01-20,21:21:00,2025,1,Monday,21,12.924568,76.056952,Residence,3,None,234623,Open,FIR/2025/034/1798,CV,"[328, 240]",[215],0,232,10,9,31,5,4,4,100
1799,22,Belagavi,Theft,Pickpocket,2021-06-25,13:31:00,2021,6,Friday,13,15.965263,74.595202,Road,3,None,464869,Under Investigation,FIR/2021/022/1799,BL,[205],[600],0,,6,9,31,6,4,6,64
1800,17,Dakshina Kannada,Sexual Assault,Rape,2025-05-20,17:12:00,2025,5,Tuesday,17,12.733744,74.941489,Residence,5,None,0,Open,FIR/2025/017/1800,AY,"[399, 138]",[490],0,,5,8,28,5,4,4,51
1801,1,Bengaluru Urban,Theft,Vehicle theft,2020-08-25,14:48:00,2020,8,Tuesday,14,13.069948,77.621102,Residence,2,None,468297,Under Investigation,FIR/2020/001/1801,B,"[37, 377, 203]",[259],1,248,1,9,32,5,4,6,2
1802,5,Bengaluru Urban,Vandalism,Graffiti,2022-06-19,15:11:00,2022,6,Sunday,15,12.952472,77.507043,Road,2,None,0,Closed - Convicted,FIR/2022/005/1802,O,"[13, 279]",[198],1,,1,10,34,6,4,2,15
1803,15,Tumakuru,Theft,House break-in,2021-10-10,05:59:00,2021,10,Sunday,5,13.419289,77.11545,Market,3,None,364764,Under Investigation,FIR/2021/015/1803,AQ,[379],[387],1,,4,9,30,2,4,6,43
1804,10,Mysuru,Assault,Domestic violence,2021-01-29,08:31:00,2021,1,Friday,8,12.207169,76.757303,Public Transport,3,None,0,Open,FIR/2021/010/1804,AC,[379],[288],1,,3,1,2,4,4,4,29
1805,16,Tumakuru,Assault,Gang fight,2025-12-04,17:56:00,2025,12,Thursday,17,13.235276,77.02664,Park,4,None,0,Under Investigation,FIR/2025/016/1805,AU,[31],[27],0,,4,1,3,3,4,6,47
1806,7,Bengaluru Rural,Assault,Road rage,2024-05-19,18:29:00,2024,5,Sunday,18,13.241322,77.625348,Public Transport,4,Blunt Object,0,Open,FIR/2024/007/1806,T,[190],[374],1,,2,1,4,4,1,4,20
1807,21,Belagavi,Cybercrime,Phishing,2025-06-26,20:05:00,2025,6,Thursday,20,15.734675,74.517646,Park,4,Knife,0,Under Investigation,FIR/2025/021/1807,BK,"[317, 299]","[223, 495]",1,23,6,2,8,3,3,6,63
1808,35,Hassan,Theft,House break-in,2022-05-26,21:16:00,2022,5,Thursday,21,12.892753,76.127149,Road,3,None,12297,Open,FIR/2022/035/1808,CY,[14],[34],1,178,10,9,30,6,4,4,103
1809,13,Mysuru,Fraud,Impersonation,2023-04-05,22:05:00,2023,4,Wednesday,22,12.226397,76.55288,Road,3,None,441810,Closed - Acquitted,FIR/2023/013/1809,AK,[242],"[145, 208]",1,,3,4,13,6,4,1,37
1810,12,Mysuru,Vandalism,Property destruction,2022-10-13,19:34:00,2022,10,Thursday,19,12.188503,76.746439,Market,2,None,0,Under Investigation,FIR/2022/012/1810,AI,"[284, 327, 7]",[528],1,,3,10,35,2,4,6,35
1811,33,Hassan,Theft,House break-in,2022-08-06,23:25:00,2022,8,Saturday,23,13.05034,76.167222,Market,3,None,212163,Under Investigation,FIR/2022/033/1811,CS,"[65, 48, 52]",[110],0,338,10,9,30,2,4,6,97
1812,30,Ballari,Vandalism,Graffiti,2022-08-12,07:08:00,2022,8,Friday,7,15.055938,76.901773,Road,3,None,0,Under Investigation,FIR/2022/030/1812,CL,[335],[75],0,,9,10,34,6,4,6,90
1813,28,Dharwad,Theft,House break-in,2021-02-17,21:30:00,2021,2,Wednesday,21,15.42288,75.03345,Market,3,None,244639,Under Investigation,FIR/2021/028/1813,CD,[282],[197],1,,8,9,30,2,4,6,82
1814,25,Kalaburagi,Assault,Gang fight,2025-05-29,20:43:00,2025,5,Thursday,20,17.299443,76.807427,Market,4,Firearm,0,Closed - Convicted,FIR/2025/025/1814,BV,"[18, 115, 372]",[256],1,,7,1,3,2,2,2,74
1815,40,Udupi,Robbery,Dacoity,2020-09-10,20:28:00,2020,9,Thursday,20,13.415472,74.706375,Residence,4,None,341049,Under Investigation,FIR/2020/040/1815,DO,"[50, 318, 313]","[228, 145]",1,,12,7,24,5,4,6,119
1816,5,Bengaluru Urban,Drug Offence,Trafficking,2023-11-12,17:43:00,2023,11,Sunday,17,12.906785,77.667644,Market,4,Blunt Object,0,Closed - Convicted,FIR/2023/005/1816,N,[150],[129],1,,1,3,11,2,1,2,14
1817,33,Hassan,Theft,Chain snatching,2024-06-16,20:42:00,2024,6,Sunday,20,13.104858,75.986711,Commercial,3,None,488142,Under Investigation,FIR/2024/033/1817,CS,"[274, 30, 180]","[535, 221]",1,223,10,9,29,1,4,6,97
1818,34,Hassan,Theft,Chain snatching,2024-12-19,22:40:00,2024,12,Thursday,22,13.118629,76.040019,Market,3,None,222510,Under Investigation,FIR/2024/034/1818,CV,[151],"[267, 97]",0,,10,9,29,2,4,6,100
1819,19,Dakshina Kannada,Theft,Chain snatching,2023-03-17,08:19:00,2023,3,Friday,8,12.877467,74.903614,Road,2,None,316688,Closed - Convicted,FIR/2023/019/1819,BD,[374],[495],0,216,5,9,29,6,4,2,56
1820,11,Mysuru,Assault,Brawl,2023-07-02,16:16:00,2023,7,Sunday,16,12.212848,76.552965,Commercial,3,Blunt Object,0,Open,FIR/2023/011/1820,AG,[106],[192],0,207,3,1,1,1,1,4,33
1821,15,Tumakuru,Theft,House break-in,2021-03-03,23:28:00,2021,3,Wednesday,23,13.396048,77.059996,Commercial,3,None,210205,Closed - Acquitted,FIR/2021/015/1821,AQ,"[218, 175, 367]",[133],0,,4,9,30,1,4,1,43
1822,8,Bengaluru Rural,Robbery,Armed robbery,2020-09-29,06:23:00,2020,9,Tuesday,6,13.103635,77.536876,Market,5,Firearm,15290,Closed - Convicted,FIR/2020/008/1822,X,"[323, 284]",[267],1,226,2,7,23,2,2,2,24
1823,17,Dakshina Kannada,Cybercrime,Online fraud,2025-06-08,12:26:00,2025,6,Sunday,12,12.834111,74.941548,Public Transport,3,Firearm,0,Open,FIR/2025/017/1823,AY,[342],[184],1,,5,2,7,4,2,4,51
1824,35,Hassan,Theft,Vehicle theft,2022-11-15,12:08:00,2022,11,Tuesday,12,13.115633,76.161969,Residence,3,None,162118,Open,FIR/2022/035/1824,CY,[199],"[194, 374]",1,135,10,9,32,5,4,4,103
1825,7,Bengaluru Rural,Theft,Pickpocket,2020-05-13,12:06:00,2020,5,Wednesday,12,13.26481,77.655148,Market,3,None,88824,Closed - Acquitted,FIR/2020/007/1825,S,[339],[82],1,,2,9,31,2,4,1,19
1826,34,Hassan,Theft,Pickpocket,2021-02-09,15:29:00,2021,2,Tuesday,15,12.919311,76.086486,Commercial,3,None,102045,Closed - Acquitted,FIR/2021/034/1826,CV,[54],"[395, 514]",0,231,10,9,31,1,4,1,100
1827,19,Dakshina Kannada,Theft,House break-in,2020-02-27,18:00:00,2020,2,Thursday,18,12.730711,75.062507,Park,2,None,333034,Open,FIR/2020/019/1827,BD,"[276, 305]",[171],0,,5,9,30,3,4,4,56
1828,25,Kalaburagi,Robbery,Dacoity,2023-04-25,18:09:00,2023,4,Tuesday,18,17.268525,76.815288,Public Transport,5,None,275082,Open,FIR/2023/025/1828,BU,[213],[569],0,215,7,7,24,4,4,4,73
1829,12,Mysuru,Vandalism,Property destruction,2020-02-24,13:00:00,2020,2,Monday,13,12.3063,76.679991,Road,2,None,0,Open,FIR/2020/012/1829,AJ,[270],[524],1,,3,10,35,6,4,4,36
1830,30,Ballari,Assault,Gang fight,2025-11-15,17:30:00,2025,11,Saturday,17,15.208034,76.958755,Road,4,None,0,Cold Case,FIR/2025/030/1830,CL,"[27, 387]","[11, 466]",0,88,9,1,3,6,4,3,90
1831,11,Mysuru,Theft,Chain snatching,2024-03-30,09:25:00,2024,3,Saturday,9,12.263707,76.535983,Public Transport,2,None,1367,Closed - Acquitted,FIR/2024/011/1831,AE,"[357, 35]","[575, 61]",0,340,3,9,29,4,4,1,31
1832,11,Mysuru,Fraud,Insurance fraud,2021-09-25,14:35:00,2021,9,Saturday,14,12.255512,76.703939,Residence,3,Blunt Object,305463,Closed - Convicted,FIR/2021/011/1832,AF,[299],[400],0,,3,4,14,5,1,2,32
1833,40,Udupi,Robbery,Dacoity,2020-12-28,08:39:00,2020,12,Monday,8,13.406628,74.677228,Public Transport,4,None,467784,Under Investigation,FIR/2020/040/1833,DP,[186],"[517, 357]",1,265,12,7,24,4,4,6,120
1834,39,Udupi,Theft,Chain snatching,2020-11-30,02:38:00,2020,11,Monday,2,13.297983,74.840565,Park,2,None,214633,Open,FIR/2020/039/1834,DK,[107],[154],0,,12,9,29,3,4,4,115
1835,40,Udupi,Theft,Chain snatching,2025-03-31,17:20:00,2025,3,Monday,17,13.258538,74.632216,Commercial,2,None,446069,Under Investigation,FIR/2025/040/1835,DO,[400],"[99, 282]",0,,12,9,29,1,4,6,119
1836,40,Udupi,Kidnapping,Child abduction,2021-10-24,13:17:00,2021,10,Sunday,13,13.34476,74.750748,Park,5,None,0,Under Investigation,FIR/2021/040/1836,DP,[301],[46],0,277,12,5,16,3,4,6,120
1837,2,Bengaluru Urban,Vandalism,Graffiti,2022-01-29,05:53:00,2022,1,Saturday,5,13.004656,77.480001,Commercial,2,None,0,Closed - Acquitted,FIR/2022/002/1837,E,[11],[510],0,165,1,10,34,1,4,1,5
1838,10,Mysuru,Cybercrime,Identity theft,2023-09-14,21:52:00,2023,9,Thursday,21,12.358053,76.728978,Commercial,3,Firearm,0,Closed - Acquitted,FIR/2023/010/1838,AD,[13],[561],1,335,3,2,5,1,2,1,30
1839,36,Shivamogga,Theft,Vehicle theft,2024-04-06,19:17:00,2024,4,Saturday,19,13.880315,75.603025,Commercial,3,None,60864,Closed - Convicted,FIR/2024/036/1839,DB,"[248, 348]",[139],0,72,11,9,32,1,4,2,106
1840,20,Belagavi,Cybercrime,Investment scam,2020-07-26,20:23:00,2020,7,Sunday,20,15.843229,74.494002,Commercial,4,Firearm,0,Under Investigation,FIR/2020/020/1840,BG,[148],[497],0,,6,2,6,1,2,6,59
1841,22,Belagavi,Assault,Brawl,2021-01-22,03:03:00,2021,1,Friday,3,15.89549,74.477917,Park,4,None,0,Closed - Acquitted,FIR/2021/022/1841,BM,[236],[83],1,100,6,1,1,3,4,1,65
1842,1,Bengaluru Urban,Robbery,Dacoity,2025-05-06,11:29:00,2025,5,Tuesday,11,13.087781,77.672871,Public Transport,4,Firearm,180471,Pending Trial,FIR/2025/001/1842,C,"[397, 335, 385]",[514],1,212,1,7,24,4,2,5,3
1843,36,Shivamogga,Robbery,Mugging,2024-01-14,22:46:00,2024,1,Sunday,22,13.992829,75.51227,Park,5,Firearm,58493,Under Investigation,FIR/2024/036/1843,DC,"[245, 269, 86]",[318],1,208,11,7,25,3,2,6,107
1844,17,Dakshina Kannada,Robbery,Armed robbery,2022-09-04,17:28:00,2022,9,Sunday,17,12.807589,75.010392,Commercial,4,None,361461,Closed - Convicted,FIR/2022/017/1844,AW,"[261, 147]",[7],1,,5,7,23,1,4,2,49
1845,14,Tumakuru,Drug Offence,Trafficking,2020-06-14,21:38:00,2020,6,Sunday,21,13.373602,77.20196,Residence,5,Blunt Object,0,Closed - Convicted,FIR/2020/014/1845,AP,[303],[124],0,289,4,3,11,5,1,2,42
1846,18,Dakshina Kannada,Theft,Pickpocket,2022-02-21,22:56:00,2022,2,Monday,22,12.760222,74.888374,Park,2,None,3045,Closed - Acquitted,FIR/2022/018/1846,AZ,"[236, 237]",[83],1,,5,9,31,3,4,1,52
1847,19,Dakshina Kannada,Kidnapping,Ransom,2024-04-01,11:53:00,2024,4,Monday,11,12.873493,74.870606,Road,5,Knife,0,Under Investigation,FIR/2024/019/1847,BC,[170],[450],0,,5,5,18,6,3,6,55
1848,39,Udupi,Theft,House break-in,2025-05-19,22:44:00,2025,5,Monday,22,13.348871,74.673036,Market,2,None,483664,Under Investigation,FIR/2025/039/1848,DK,[42],[93],1,,12,9,30,2,4,6,115
1849,21,Belagavi,Assault,Brawl,2023-04-14,20:05:00,2023,4,Friday,20,15.829122,74.454036,Commercial,4,None,0,Closed - Convicted,FIR/2023/021/1849,BJ,"[356, 229]","[38, 29]",1,251,6,1,1,1,4,2,62
1850,20,Belagavi,Theft,House break-in,2023-10-08,16:23:00,2023,10,Sunday,16,15.962146,74.483738,Market,3,None,89427,Under Investigation,FIR/2023/020/1850,BF,[192],[97],1,,6,9,30,2,4,6,58
1851,29,Dharwad,Fraud,Cheque fraud,2025-10-31,11:44:00,2025,10,Friday,11,15.478465,74.961492,Commercial,4,Blunt Object,375811,Open,FIR/2025/029/1851,CG,[121],[268],0,93,8,4,12,1,1,4,85
1852,19,Dakshina Kannada,Robbery,Mugging,2020-11-13,14:49:00,2020,11,Friday,14,12.766793,75.037869,Park,4,None,269653,Closed - Acquitted,FIR/2020/019/1852,BC,[107],[290],0,106,5,7,25,3,4,1,55
1853,7,Bengaluru Rural,Assault,Brawl,2021-06-15,06:47:00,2021,6,Tuesday,6,13.30955,77.448391,Commercial,4,None,0,Under Investigation,FIR/2021/007/1853,T,"[249, 199]",[304],1,,2,1,1,1,4,6,20
1854,25,Kalaburagi,Vandalism,Property destruction,2022-10-03,14:23:00,2022,10,Monday,14,17.227421,76.811131,Road,3,None,0,Closed - Acquitted,FIR/2022/025/1854,BV,[281],[508],1,,7,10,35,6,4,1,74
1855,6,Bengaluru Urban,Theft,Vehicle theft,2023-12-08,08:30:00,2023,12,Friday,8,12.899118,77.566118,Park,2,None,190664,Open,FIR/2023/006/1855,P,[23],[320],0,126,1,9,32,3,4,4,16
1856,22,Belagavi,Theft,Chain snatching,2021-09-21,03:16:00,2021,9,Tuesday,3,15.806394,74.551526,Road,3,None,60777,Cold Case,FIR/2021/022/1856,BL,[122],[416],1,272,6,9,29,6,4,3,64
1857,39,Udupi,Theft,House break-in,2021-11-07,05:17:00,2021,11,Sunday,5,13.338936,74.802582,Commercial,2,None,498085,Under Investigation,FIR/2021/039/1857,DK,[341],[343],1,,12,9,30,1,4,6,115
1858,34,Hassan,Drug Offence,Distribution,2022-12-03,16:39:00,2022,12,Saturday,16,12.992102,76.10747,Market,5,Knife,0,Under Investigation,FIR/2022/034/1858,CW,[287],[354],0,320,10,3,9,2,3,6,101
1859,9,Bengaluru Rural,Robbery,Mugging,2020-01-04,12:43:00,2020,1,Saturday,12,13.151556,77.557128,Public Transport,5,None,439759,Under Investigation,FIR/2020/009/1859,AA,"[14, 53, 233]","[16, 342]",0,,2,7,25,4,4,6,27
1860,41,Udupi,Vandalism,Property destruction,2024-06-17,22:34:00,2024,6,Monday,22,13.429104,74.741341,Commercial,2,None,0,Open,FIR/2024/041/1860,DR,"[365, 69]",[174],1,354,12,10,35,1,4,4,122
1861,5,Bengaluru Urban,Assault,Brawl,2024-10-25,20:30:00,2024,10,Friday,20,12.875775,77.678059,Market,3,None,0,Closed - Acquitted,FIR/2024/005/1861,N,[124],[81],0,,1,1,1,2,4,1,14
1862,10,Mysuru,Assault,Brawl,2021-07-01,09:13:00,2021,7,Thursday,9,12.274478,76.7249,Market,3,Knife,0,Pending Trial,FIR/2021/010/1862,AC,"[62, 139, 2]",[135],1,,3,1,1,2,3,5,29
1863,10,Mysuru,Theft,Vehicle theft,2020-04-01,18:14:00,2020,4,Wednesday,18,12.361559,76.532774,Park,2,None,89810,Under Investigation,FIR/2020/010/1863,AB,[98],[540],1,32,3,9,32,3,4,6,28
1864,38,Shivamogga,Fraud,Cheque fraud,2022-08-13,19:14:00,2022,8,Saturday,19,13.9549,75.681663,Market,4,None,272339,Under Investigation,FIR/2022/038/1864,DJ,[249],"[189, 288]",0,276,11,4,12,2,4,6,114
1865,39,Udupi,Fraud,Impersonation,2024-01-26,06:24:00,2024,1,Friday,6,13.286917,74.754539,Public Transport,3,None,469826,Pending Trial,FIR/2024/039/1865,DL,[239],[56],1,,12,4,13,4,4,5,116
1866,8,Bengaluru Rural,Drug Offence,Trafficking,2024-09-28,19:53:00,2024,9,Saturday,19,13.179735,77.565272,Commercial,5,Knife,0,Closed - Acquitted,FIR/2024/008/1866,X,"[400, 102, 220]",[150],0,,2,3,11,1,3,1,24
1867,30,Ballari,Theft,Vehicle theft,2023-05-16,09:32:00,2023,5,Tuesday,9,15.086447,76.841282,Residence,3,None,273701,Closed - Convicted,FIR/2023/030/1867,CJ,[96],"[543, 229]",0,,9,9,32,5,4,2,88
1868,12,Mysuru,Drug Offence,Possession,2023-10-15,14:01:00,2023,10,Sunday,14,12.292283,76.525978,Market,4,None,0,Open,FIR/2023/012/1868,AH,[362],[44],1,83,3,3,10,2,4,4,34
1869,12,Mysuru,Assault,Domestic violence,2022-10-27,15:24:00,2022,10,Thursday,15,12.182108,76.679082,Road,3,Knife,0,Under Investigation,FIR/2022/012/1869,AI,"[113, 295]",[357],0,236,3,1,2,6,3,6,35
1870,18,Dakshina Kannada,Theft,Vehicle theft,2023-11-01,20:52:00,2023,11,Wednesday,20,12.936161,75.077321,Commercial,2,None,413015,Closed - Convicted,FIR/2023/018/1870,AZ,[268],[597],1,17,5,9,32,1,4,2,52
1871,38,Shivamogga,Cybercrime,Phishing,2023-10-25,13:30:00,2023,10,Wednesday,13,13.892836,75.570204,Road,4,None,0,Under Investigation,FIR/2023/038/1871,DI,"[177, 245, 67]",[196],0,224,11,2,8,6,4,6,113
1872,39,Udupi,Fraud,Insurance fraud,2024-06-01,12:29:00,2024,6,Saturday,12,13.393483,74.802875,Residence,3,None,192273,Pending Trial,FIR/2024/039/1872,DL,[318],[561],1,,12,4,14,5,4,5,116
1873,25,Kalaburagi,Assault,Domestic violence,2025-02-19,19:00:00,2025,2,Wednesday,19,17.289606,76.745545,Road,4,None,0,Closed - Convicted,FIR/2025/025/1873,BV,"[326, 343]",[106],1,335,7,1,2,6,4,2,74
1874,20,Belagavi,Vandalism,Property destruction,2024-09-27,15:26:00,2024,9,Friday,15,15.944823,74.499476,Public Transport,3,None,0,Under Investigation,FIR/2024/020/1874,BG,"[292, 136]","[321, 583]",1,,6,10,35,4,4,6,59
1875,11,Mysuru,Fraud,Insurance fraud,2022-03-24,02:09:00,2022,3,Thursday,2,12.25264,76.723483,Residence,3,Knife,455331,Open,FIR/2022/011/1875,AF,"[72, 209]",[303],0,365,3,4,14,5,3,4,32
1876,18,Dakshina Kannada,Theft,Pickpocket,2020-06-25,13:04:00,2020,6,Thursday,13,12.926195,74.968703,Residence,2,None,380951,Pending Trial,FIR/2020/018/1876,AZ,[16],[374],1,206,5,9,31,5,4,5,52
1877,18,Dakshina Kannada,Assault,Road rage,2024-11-29,06:29:00,2024,11,Friday,6,12.828996,75.020257,Market,3,None,0,Open,FIR/2024/018/1877,BA,[145],[424],0,21,5,1,4,2,4,4,53
1878,5,Bengaluru Urban,Drug Offence,Possession,2021-07-07,22:53:00,2021,7,Wednesday,22,12.977291,77.476824,Road,4,None,0,Closed - Convicted,FIR/2021/005/1878,O,[328],[132],0,,1,3,10,6,4,2,15
1879,2,Bengaluru Urban,Theft,Pickpocket,2020-08-11,19:49:00,2020,8,Tuesday,19,12.957037,77.642272,Commercial,2,None,298026,Closed - Convicted,FIR/2020/002/1879,D,"[375, 151]","[178, 32]",1,,1,9,31,1,4,2,4
1880,6,Bengaluru Urban,Theft,Pickpocket,2025-02-20,20:42:00,2025,2,Thursday,20,13.016014,77.524267,Residence,2,None,46223,Under Investigation,FIR/2025/006/1880,P,[179],[10],0,199,1,9,31,5,4,6,16
1881,27,Dharwad,Theft,Chain snatching,2024-12-27,08:41:00,2024,12,Friday,8,15.366744,75.013173,Park,3,None,184119,Open,FIR/2024/027/1881,CA,[37],[22],0,,8,9,29,3,4,4,79
1882,10,Mysuru,Theft,Vehicle theft,2024-05-09,22:06:00,2024,5,Thursday,22,12.20512,76.538425,Commercial,2,None,108950,Closed - Convicted,FIR/2024/010/1882,AB,"[90, 372]",[99],1,54,3,9,32,1,4,2,28
1883,27,Dharwad,Vandalism,Property destruction,2022-11-09,15:55:00,2022,11,Wednesday,15,15.566191,74.971263,Public Transport,3,None,0,Pending Trial,FIR/2022/027/1883,CB,[358],[205],1,17,8,10,35,4,4,5,80
1884,35,Hassan,Cybercrime,Phishing,2023-08-07,09:47:00,2023,8,Monday,9,13.109137,76.11201,Market,4,Blunt Object,0,Open,FIR/2023/035/1884,DA,[18],[439],0,51,10,2,8,2,1,4,105
1885,1,Bengaluru Urban,Sexual Assault,Eve-teasing,2022-08-31,21:53:00,2022,8,Wednesday,21,13.087544,77.701141,Road,5,None,0,Closed - Acquitted,FIR/2022/001/1885,C,"[138, 396]",[518],0,,1,8,26,6,4,1,3
1886,38,Shivamogga,Theft,Vehicle theft,2025-10-15,21:28:00,2025,10,Wednesday,21,13.883317,75.46655,Commercial,3,None,333406,Open,FIR/2025/038/1886,DH,"[132, 319]",[365],0,219,11,9,32,1,4,4,112
1887,17,Dakshina Kannada,Cybercrime,Investment scam,2022-09-21,19:59:00,2022,9,Wednesday,19,12.873884,75.075016,Road,3,Knife,0,Open,FIR/2022/017/1887,AY,"[143, 281]",[86],0,,5,2,6,6,3,4,51
1888,30,Ballari,Theft,House break-in,2022-02-13,14:47:00,2022,2,Sunday,14,15.132379,76.949607,Road,3,None,6067,Under Investigation,FIR/2022/030/1888,CJ,[198],[520],1,313,9,9,30,6,4,6,88
1889,15,Tumakuru,Cybercrime,Online fraud,2022-06-15,19:47:00,2022,6,Wednesday,19,13.456308,77.106357,Public Transport,4,Firearm,0,Open,FIR/2022/015/1889,AS,[288],[255],0,229,4,2,7,4,2,4,45
1890,10,Mysuru,Assault,Road rage,2021-04-24,14:08:00,2021,4,Saturday,14,12.378037,76.615681,Road,3,None,0,Closed - Convicted,FIR/2021/010/1890,AC,"[288, 215]","[434, 114]",1,291,3,1,4,6,4,2,29
1891,12,Mysuru,Cybercrime,Investment scam,2024-05-20,19:13:00,2024,5,Monday,19,12.180753,76.646272,Park,3,None,0,Pending Trial,FIR/2024/012/1891,AJ,[106],[598],1,253,3,2,6,3,4,5,36
1892,28,Dharwad,Theft,House break-in,2023-12-21,18:33:00,2023,12,Thursday,18,15.494565,74.969342,Public Transport,3,None,328064,Closed - Convicted,FIR/2023/028/1892,CD,"[348, 312, 28]",[45],0,,8,9,30,4,4,2,82
1893,33,Hassan,Fraud,Insurance fraud,2024-02-27,12:59:00,2024,2,Tuesday,12,13.078796,76.120709,Public Transport,4,None,205750,Open,FIR/2024/033/1893,CU,"[397, 35]","[268, 217]",0,,10,4,14,4,4,4,99
1894,38,Shivamogga,Cybercrime,Online fraud,2024-12-08,17:05:00,2024,12,Sunday,17,13.992857,75.569241,Public Transport,4,Blunt Object,0,Under Investigation,FIR/2024/038/1894,DI,"[159, 313]","[216, 423]",1,,11,2,7,4,1,6,113
1895,29,Dharwad,Assault,Brawl,2021-05-02,14:27:00,2021,5,Sunday,14,15.428024,75.120371,Market,4,None,0,Under Investigation,FIR/2021/029/1895,CI,"[21, 143, 97]","[348, 204]",0,,8,1,1,2,4,6,87
1896,9,Bengaluru Rural,Sexual Assault,Eve-teasing,2023-08-12,16:45:00,2023,8,Saturday,16,13.276178,77.542179,Park,5,Firearm,0,Under Investigation,FIR/2023/009/1896,Z,"[299, 31, 110]",[299],0,105,2,8,26,3,2,6,26
1897,21,Belagavi,Kidnapping,Child abduction,2022-10-14,18:42:00,2022,10,Friday,18,15.964578,74.445969,Road,5,None,0,Open,FIR/2022/021/1897,BK,[70],[531],0,,6,5,16,6,4,4,63
1898,14,Tumakuru,Assault,Brawl,2020-01-09,11:00:00,2020,1,Thursday,11,13.252294,77.205005,Public Transport,4,None,0,Closed - Convicted,FIR/2020/014/1898,AO,[123],[100],0,361,4,1,1,4,4,2,41
1899,34,Hassan,Assault,Road rage,2021-04-11,07:25:00,2021,4,Sunday,7,12.891234,76.191512,Residence,4,Blunt Object,0,Under Investigation,FIR/2021/034/1899,CW,[137],"[50, 288]",0,332,10,1,4,5,1,6,101
1900,10,Mysuru,Theft,Vehicle theft,2025-03-24,21:53:00,2025,3,Monday,21,12.207536,76.544517,Residence,2,None,379673,Under Investigation,FIR/2025/010/1900,AB,[400],[39],0,212,3,9,32,5,4,6,28
1901,23,Belagavi,Drug Offence,Distribution,2021-08-05,16:45:00,2021,8,Thursday,16,15.805795,74.507523,Residence,5,None,0,Closed - Convicted,FIR/2021/023/1901,BQ,"[129, 320]",[223],1,,6,3,9,5,4,2,69
1902,5,Bengaluru Urban,Assault,Domestic violence,2022-08-13,16:18:00,2022,8,Saturday,16,12.950149,77.662975,Market,3,None,0,Closed - Convicted,FIR/2022/005/1902,N,[131],[230],1,,1,1,2,2,4,2,14
1903,3,Bengaluru Urban,Cybercrime,Online fraud,2025-09-28,13:28:00,2025,9,Sunday,13,13.038299,77.586883,Park,3,None,0,Under Investigation,FIR/2025/003/1903,I,[201],[108],0,82,1,2,7,3,4,6,9
1904,19,Dakshina Kannada,Kidnapping,Ransom,2025-06-18,20:59:00,2025,6,Wednesday,20,12.761497,74.918639,Residence,5,None,0,Closed - Convicted,FIR/2025/019/1904,BD,[338],[72],1,268,5,5,18,5,4,2,56
1905,39,Udupi,Robbery,Armed robbery,2020-03-21,14:57:00,2020,3,Saturday,14,13.297062,74.834647,Residence,4,None,193734,Closed - Acquitted,FIR/2020/039/1905,DL,[347],[318],1,,12,7,23,5,4,1,116
1906,36,Shivamogga,Fraud,Insurance fraud,2020-06-19,12:42:00,2020,6,Friday,12,13.880599,75.52892,Residence,4,None,133043,Under Investigation,FIR/2020/036/1906,DD,"[295, 282]",[540],0,,11,4,14,5,4,6,108
1907,17,Dakshina Kannada,Theft,Chain snatching,2020-06-27,19:38:00,2020,6,Saturday,19,12.914277,75.107171,Road,2,None,180645,Closed - Convicted,FIR/2020/017/1907,AX,[285],[229],0,,5,9,29,6,4,2,50
1908,39,Udupi,Fraud,Cheque fraud,2020-06-22,16:45:00,2020,6,Monday,16,13.339986,74.724059,Residence,3,Knife,424343,Under Investigation,FIR/2020/039/1908,DM,[184],[232],0,,12,4,12,5,3,6,117
1909,17,Dakshina Kannada,Robbery,Armed robbery,2025-09-11,20:12:00,2025,9,Thursday,20,12.858216,74.895932,Road,4,Firearm,420883,Pending Trial,FIR/2025/017/1909,AW,"[386, 363]",[359],0,103,5,7,23,6,2,5,49
1910,39,Udupi,Robbery,Dacoity,2020-08-31,20:45:00,2020,8,Monday,20,13.327288,74.724773,Commercial,4,None,393165,Under Investigation,FIR/2020/039/1910,DL,[171],[36],0,,12,7,24,1,4,6,116
1911,4,Bengaluru Urban,Cybercrime,Investment scam,2025-01-26,23:13:00,2025,1,Sunday,23,12.867911,77.517983,Road,3,Firearm,0,Closed - Convicted,FIR/2025/004/1911,L,[144],[365],1,33,1,2,6,6,2,2,12
1912,18,Dakshina Kannada,Assault,Domestic violence,2022-12-19,14:15:00,2022,12,Monday,14,12.854762,74.888046,Market,3,Firearm,0,Under Investigation,FIR/2022/018/1912,BA,[357],[371],1,,5,1,2,2,2,6,53
1913,26,Kalaburagi,Theft,Chain snatching,2022-11-10,13:38:00,2022,11,Thursday,13,17.215856,76.888468,Public Transport,3,None,354734,Under Investigation,FIR/2022/026/1913,BY,[373],[336],1,,7,9,29,4,4,6,77
1914,28,Dharwad,Fraud,Impersonation,2025-11-01,20:40:00,2025,11,Saturday,20,15.472546,75.002419,Commercial,4,Firearm,399458,Open,FIR/2025/028/1914,CF,[134],[230],0,,8,4,13,1,2,4,84
1915,1,Bengaluru Urban,Drug Offence,Distribution,2021-10-31,13:52:00,2021,10,Sunday,13,13.046731,77.659762,Commercial,4,Firearm,0,Open,FIR/2021/001/1915,A,"[93, 292, 115]","[386, 491]",1,,1,3,9,1,2,4,1
1916,1,Bengaluru Urban,Theft,House break-in,2025-09-20,17:15:00,2025,9,Saturday,17,12.9383,77.560527,Residence,2,None,359577,Open,FIR/2025/001/1916,B,[337],[174],1,134,1,9,30,5,4,4,2
1917,32,Ballari,Fraud,Insurance fraud,2025-08-27,10:44:00,2025,8,Wednesday,10,15.178176,76.985525,Market,4,Blunt Object,86181,Closed - Acquitted,FIR/2025/032/1917,CR,"[6, 35]","[480, 395]",0,,9,4,14,2,1,1,96
1918,22,Belagavi,Sexual Assault,Molestation,2025-10-28,21:04:00,2025,10,Tuesday,21,15.814464,74.543207,Road,5,None,0,Closed - Acquitted,FIR/2025/022/1918,BN,[334],"[273, 231]",0,,6,8,27,6,4,1,66
1919,36,Shivamogga,Robbery,Mugging,2021-12-24,09:03:00,2021,12,Friday,9,14.02518,75.632755,Park,5,Blunt Object,201974,Closed - Convicted,FIR/2021/036/1919,DC,"[275, 392]",[435],0,,11,7,25,3,1,2,107
1920,41,Udupi,Cybercrime,Investment scam,2024-06-28,21:56:00,2024,6,Friday,21,13.282086,74.779821,Road,3,None,0,Under Investigation,FIR/2024/041/1920,DS,[158],[477],1,,12,2,6,6,4,6,123
1921,35,Hassan,Theft,Chain snatching,2021-05-17,06:10:00,2021,5,Monday,6,13.004109,76.071041,Market,3,None,259651,Open,FIR/2021/035/1921,CY,[44],[541],0,,10,9,29,2,4,4,103
1922,5,Bengaluru Urban,Assault,Brawl,2024-06-17,21:26:00,2024,6,Monday,21,13.023998,77.576407,Park,3,None,0,Closed - Convicted,FIR/2024/005/1922,N,[346],[559],0,,1,1,1,3,4,2,14
1923,12,Mysuru,Kidnapping,Ransom,2025-08-19,12:11:00,2025,8,Tuesday,12,12.312479,76.670401,Public Transport,5,Firearm,0,Open,FIR/2025/012/1923,AH,[132],[566],1,,3,5,18,4,2,4,34
1924,6,Bengaluru Urban,Cybercrime,Phishing,2025-02-28,13:09:00,2025,2,Friday,13,12.980426,77.640645,Road,3,Blunt Object,0,Open,FIR/2025/006/1924,R,[162],"[515, 57]",1,129,1,2,8,6,1,4,18
1925,22,Belagavi,Theft,House break-in,2025-05-13,13:04:00,2025,5,Tuesday,13,15.805225,74.615749,Commercial,3,None,44168,Under Investigation,FIR/2025/022/1925,BL,"[34, 286]",[580],0,,6,9,30,1,4,6,64
1926,2,Bengaluru Urban,Assault,Gang fight,2024-10-16,10:38:00,2024,10,Wednesday,10,13.06052,77.524888,Residence,3,None,0,Under Investigation,FIR/2024/002/1926,E,"[201, 153]",[567],1,,1,1,3,5,4,6,5
1927,15,Tumakuru,Vandalism,Property destruction,2022-09-22,19:58:00,2022,9,Thursday,19,13.391765,77.03926,Market,3,None,0,Under Investigation,FIR/2022/015/1927,AR,"[17, 52]",[308],1,,4,10,35,2,4,6,44
1928,39,Udupi,Robbery,Dacoity,2025-01-13,10:02:00,2025,1,Monday,10,13.389592,74.737321,Commercial,4,Blunt Object,102853,Open,FIR/2025/039/1928,DL,[273],[129],0,157,12,7,24,1,1,4,116
1929,24,Kalaburagi,Robbery,Armed robbery,2024-06-10,16:39:00,2024,6,Monday,16,17.37445,76.950286,Market,5,Knife,350778,Under Investigation,FIR/2024/024/1929,BT,[257],[430],0,339,7,7,23,2,3,6,72
1930,26,Kalaburagi,Kidnapping,Ransom,2021-06-25,15:55:00,2021,6,Friday,15,17.255993,76.747808,Residence,5,Blunt Object,0,Under Investigation,FIR/2021/026/1930,BZ,[364],[282],0,,7,5,18,5,1,6,78
1931,6,Bengaluru Urban,Cybercrime,Identity theft,2022-12-26,22:16:00,2022,12,Monday,22,13.005751,77.664589,Park,3,None,0,Open,FIR/2022/006/1931,R,[221],[495],0,61,1,2,5,3,4,4,18
1932,7,Bengaluru Rural,Theft,Pickpocket,2022-06-01,19:09:00,2022,6,Wednesday,19,13.226245,77.493773,Market,3,None,498404,Closed - Convicted,FIR/2022/007/1932,S,"[306, 21]",[3],1,219,2,9,31,2,4,2,19
1933,6,Bengaluru Urban,Assault,Brawl,2024-05-09,22:02:00,2024,5,Thursday,22,12.860749,77.649174,Public Transport,3,Blunt Object,0,Open,FIR/2024/006/1933,Q,"[4, 168]",[277],1,,1,1,1,4,1,4,17
1934,18,Dakshina Kannada,Theft,Vehicle theft,2024-09-01,13:58:00,2024,9,Sunday,13,12.786678,74.914584,Park,2,None,174259,Closed - Convicted,FIR/2024/018/1934,AZ,"[56, 62]","[353, 273]",0,42,5,9,32,3,4,2,52
1935,31,Ballari,Assault,Brawl,2024-04-01,18:51:00,2024,4,Monday,18,15.163944,76.81735,Commercial,4,None,0,Closed - Convicted,FIR/2024/031/1935,CN,[34],[427],0,325,9,1,1,1,4,2,92
1936,14,Tumakuru,Fraud,Cheque fraud,2020-04-21,20:26:00,2020,4,Tuesday,20,13.221162,77.178817,Road,4,Blunt Object,201851,Under Investigation,FIR/2020/014/1936,AP,[339],[427],1,,4,4,12,6,1,6,42
1937,13,Mysuru,Cybercrime,Investment scam,2022-04-30,00:03:00,2022,4,Saturday,0,12.315814,76.527409,Commercial,3,None,0,Open,FIR/2022/013/1937,AM,[101],[30],0,,3,2,6,1,4,4,39
1938,20,Belagavi,Cybercrime,Online fraud,2023-05-15,04:31:00,2023,5,Monday,4,15.828532,74.510028,Park,4,None,0,Under Investigation,FIR/2023/020/1938,BH,"[166, 183]","[100, 415]",1,327,6,2,7,3,4,6,60
1939,29,Dharwad,Drug Offence,Distribution,2023-03-30,21:05:00,2023,3,Thursday,21,15.474679,74.976505,Market,5,Blunt Object,0,Open,FIR/2023/029/1939,CH,[321],[526],0,,8,3,9,2,1,4,86
1940,40,Udupi,Fraud,Insurance fraud,2021-09-27,21:32:00,2021,9,Monday,21,13.300645,74.743129,Park,3,Knife,75709,Closed - Convicted,FIR/2021/040/1940,DN,"[272, 367, 22]",[194],0,,12,4,14,3,3,2,118
1941,10,Mysuru,Robbery,Dacoity,2023-08-21,20:32:00,2023,8,Monday,20,12.321897,76.715934,Public Transport,4,Firearm,108082,Closed - Convicted,FIR/2023/010/1941,AD,[99],[220],1,,3,7,24,4,2,2,30
1942,36,Shivamogga,Robbery,Dacoity,2023-06-06,10:22:00,2023,6,Tuesday,10,13.824672,75.508582,Commercial,5,None,378958,Closed - Convicted,FIR/2023/036/1942,DC,[283],[194],1,164,11,7,24,1,4,2,107
1943,4,Bengaluru Urban,Drug Offence,Distribution,2021-02-17,20:45:00,2021,2,Wednesday,20,12.944309,77.593224,Commercial,4,None,0,Closed - Convicted,FIR/2021/004/1943,K,[20],"[528, 367]",0,,1,3,9,1,4,2,11
1944,33,Hassan,Sexual Assault,Molestation,2023-03-10,09:20:00,2023,3,Friday,9,12.965239,76.040062,Public Transport,5,None,0,Under Investigation,FIR/2023/033/1944,CT,[75],[370],0,,10,8,27,4,4,6,98
1945,37,Shivamogga,Assault,Brawl,2020-09-13,09:39:00,2020,9,Sunday,9,13.840909,75.528098,Road,4,None,0,Open,FIR/2020/037/1945,DG,[56],[442],0,129,11,1,1,6,4,4,111
1946,3,Bengaluru Urban,Assault,Road rage,2021-07-09,20:26:00,2021,7,Friday,20,12.883212,77.567722,Market,3,None,0,Open,FIR/2021/003/1946,G,"[366, 289]",[91],1,357,1,1,4,2,4,4,7
1947,2,Bengaluru Urban,Theft,Chain snatching,2024-04-11,17:23:00,2024,4,Thursday,17,12.945247,77.586128,Public Transport,2,None,264734,Under Investigation,FIR/2024/002/1947,D,[114],[197],1,87,1,9,29,4,4,6,4
1948,12,Mysuru,Fraud,Cheque fraud,2025-06-16,17:42:00,2025,6,Monday,17,12.189188,76.754937,Commercial,3,None,321772,Under Investigation,FIR/2025/012/1948,AI,[374],[14],1,,3,4,12,1,4,6,35
1949,28,Dharwad,Assault,Gang fight,2021-09-16,15:28:00,2021,9,Thursday,15,15.359488,75.055835,Road,4,Knife,0,Closed - Convicted,FIR/2021/028/1949,CE,[240],[126],0,,8,1,3,6,3,2,83
1950,6,Bengaluru Urban,Robbery,Mugging,2021-01-08,17:19:00,2021,1,Friday,17,13.023964,77.664213,Residence,4,None,50346,Under Investigation,FIR/2021/006/1950,Q,[218],[326],1,269,1,7,25,5,4,6,17
1951,31,Ballari,Sexual Assault,Eve-teasing,2021-12-03,06:34:00,2021,12,Friday,6,15.058305,77.015269,Road,5,None,0,Closed - Convicted,FIR/2021/031/1951,CO,"[330, 235]","[394, 322]",1,172,9,8,26,6,4,2,93
1952,32,Ballari,Assault,Brawl,2022-09-27,13:18:00,2022,9,Tuesday,13,15.20229,76.892539,Commercial,4,None,0,Under Investigation,FIR/2022/032/1952,CQ,"[117, 32]",[142],1,218,9,1,1,1,4,6,95
1953,20,Belagavi,Fraud,Land grab,2020-12-08,15:15:00,2020,12,Tuesday,15,15.844451,74.540393,Market,4,None,467436,Under Investigation,FIR/2020/020/1953,BH,"[191, 172]",[142],0,28,6,4,15,2,4,6,60
1954,20,Belagavi,Assault,Gang fight,2025-04-21,19:37:00,2025,4,Monday,19,15.854054,74.485671,Market,4,Knife,0,Open,FIR/2025/020/1954,BG,[207],[447],1,223,6,1,3,2,3,4,59
1955,19,Dakshina Kannada,Cybercrime,Investment scam,2025-01-24,15:44:00,2025,1,Friday,15,12.820491,74.922264,Road,3,Blunt Object,0,Closed - Acquitted,FIR/2025/019/1955,BE,[14],"[454, 116]",1,,5,2,6,6,1,1,57
1956,23,Belagavi,Cybercrime,Identity theft,2020-07-05,08:04:00,2020,7,Sunday,8,15.932107,74.577306,Market,4,Knife,0,Pending Trial,FIR/2020/023/1956,BP,"[5, 375]",[132],1,,6,2,5,2,3,5,68
1957,9,Bengaluru Rural,Theft,Pickpocket,2023-06-01,07:13:00,2023,6,Thursday,7,13.293398,77.675699,Commercial,3,None,355576,Under Investigation,FIR/2023/009/1957,Y,[208],[483],0,59,2,9,31,1,4,6,25
1958,8,Bengaluru Rural,Cybercrime,Phishing,2020-10-05,13:07:00,2020,10,Monday,13,13.209437,77.556577,Commercial,4,None,0,Under Investigation,FIR/2020/008/1958,X,[31],"[507, 121]",1,67,2,2,8,1,4,6,24
1959,14,Tumakuru,Robbery,Armed robbery,2023-05-23,16:51:00,2023,5,Tuesday,16,13.391015,77.065846,Commercial,5,Firearm,339188,Closed - Convicted,FIR/2023/014/1959,AP,[298],"[457, 71]",0,331,4,7,23,1,2,2,42
1960,30,Ballari,Cybercrime,Online fraud,2025-07-31,17:16:00,2025,7,Thursday,17,15.086382,76.815907,Residence,4,Knife,0,Under Investigation,FIR/2025/030/1960,CK,"[134, 397]",[262],0,200,9,2,7,5,3,6,89
1961,28,Dharwad,Kidnapping,Child abduction,2023-06-21,14:48:00,2023,6,Wednesday,14,15.578487,74.997849,Park,5,None,0,Closed - Convicted,FIR/2023/028/1961,CF,[269],[70],0,229,8,5,16,3,4,2,84
1962,30,Ballari,Theft,Chain snatching,2024-11-29,12:47:00,2024,11,Friday,12,15.187463,76.912475,Market,3,None,270787,Closed - Acquitted,FIR/2024/030/1962,CJ,[125],[105],1,168,9,9,29,2,4,1,88
1963,19,Dakshina Kannada,Theft,Vehicle theft,2023-10-04,19:40:00,2023,10,Wednesday,19,12.875704,74.952445,Market,2,None,241320,Closed - Convicted,FIR/2023/019/1963,BD,[234],[31],0,29,5,9,32,2,4,2,56
1964,20,Belagavi,Cybercrime,Phishing,2023-10-13,23:01:00,2023,10,Friday,23,15.746797,74.424702,Commercial,4,Blunt Object,0,Open,FIR/2023/020/1964,BF,"[135, 54]",[177],0,,6,2,8,1,1,4,58
1965,25,Kalaburagi,Assault,Domestic violence,2022-11-24,13:23:00,2022,11,Thursday,13,17.398848,76.933925,Market,4,Blunt Object,0,Under Investigation,FIR/2022/025/1965,BV,[54],[296],0,80,7,1,2,2,1,6,74
1966,18,Dakshina Kannada,Theft,House break-in,2021-09-24,08:47:00,2021,9,Friday,8,12.760743,74.914361,Park,2,None,212765,Open,FIR/2021/018/1966,AZ,[38],[300],1,,5,9,30,3,4,4,52
1967,7,Bengaluru Rural,Drug Offence,Distribution,2025-03-04,17:03:00,2025,3,Tuesday,17,13.18694,77.503349,Residence,5,None,0,Closed - Convicted,FIR/2025/007/1967,U,[18],[245],0,,2,3,9,5,4,2,21
1968,13,Mysuru,Fraud,Cheque fraud,2024-03-13,14:00:00,2024,3,Wednesday,14,12.25917,76.614671,Park,3,Blunt Object,132864,Under Investigation,FIR/2024/013/1968,AK,[322],[344],1,136,3,4,12,3,1,6,37
1969,5,Bengaluru Urban,Theft,Pickpocket,2020-05-16,03:10:00,2020,5,Saturday,3,12.988335,77.592602,Residence,2,None,495757,Open,FIR/2020/005/1969,M,"[153, 30]","[422, 148]",1,,1,9,31,5,4,4,13
1970,30,Ballari,Robbery,Dacoity,2024-03-21,20:37:00,2024,3,Thursday,20,15.233138,76.899259,Commercial,5,None,417635,Under Investigation,FIR/2024/030/1970,CK,[221],[83],1,,9,7,24,1,4,6,89
1971,3,Bengaluru Urban,Sexual Assault,Molestation,2020-11-18,22:02:00,2020,11,Wednesday,22,12.961379,77.514433,Park,5,Blunt Object,0,Open,FIR/2020/003/1971,H,[130],[341],0,204,1,8,27,3,1,4,8
1972,3,Bengaluru Urban,Theft,Chain snatching,2025-04-13,16:55:00,2025,4,Sunday,16,13.080901,77.691934,Residence,2,None,17346,Closed - Convicted,FIR/2025/003/1972,H,"[265, 30]",[66],0,107,1,9,29,5,4,2,8
1973,34,Hassan,Theft,Vehicle theft,2021-08-28,15:29:00,2021,8,Saturday,15,12.897417,76.049066,Market,3,None,98102,Under Investigation,FIR/2021/034/1973,CV,[16],[248],0,,10,9,32,2,4,6,100
1974,27,Dharwad,Theft,Pickpocket,2021-11-24,14:06:00,2021,11,Wednesday,14,15.517358,74.965772,Market,3,None,308268,Closed - Convicted,FIR/2021/027/1974,CA,[240],[202],1,,8,9,31,2,4,2,79
1975,25,Kalaburagi,Theft,Chain snatching,2020-05-22,18:30:00,2020,5,Friday,18,17.227187,76.750016,Commercial,3,None,154011,Open,FIR/2020/025/1975,BU,"[219, 339]",[376],0,251,7,9,29,1,4,4,73
1976,30,Ballari,Fraud,Land grab,2024-08-24,21:59:00,2024,8,Saturday,21,15.098636,76.85074,Residence,4,Knife,208137,Closed - Convicted,FIR/2024/030/1976,CL,[87],[462],0,,9,4,15,5,3,2,90
1977,1,Bengaluru Urban,Theft,House break-in,2020-12-19,17:37:00,2020,12,Saturday,17,13.070339,77.551454,Market,2,None,211948,Under Investigation,FIR/2020/001/1977,B,[121],[191],1,,1,9,30,2,4,6,2
1978,22,Belagavi,Theft,House break-in,2021-12-02,09:29:00,2021,12,Thursday,9,15.961909,74.396223,Park,3,None,74465,Pending Trial,FIR/2021/022/1978,BL,[72],[134],1,,6,9,30,3,4,5,64
1979,22,Belagavi,Fraud,Impersonation,2024-05-17,14:31:00,2024,5,Friday,14,15.892813,74.416531,Public Transport,4,Firearm,7371,Under Investigation,FIR/2024/022/1979,BN,"[187, 267]","[533, 242]",1,,6,4,13,4,2,6,66
1980,4,Bengaluru Urban,Assault,Domestic violence,2025-04-16,14:13:00,2025,4,Wednesday,14,13.004122,77.559004,Public Transport,3,None,0,Under Investigation,FIR/2025/004/1980,J,"[94, 200]",[416],0,172,1,1,2,4,4,6,10
1981,16,Tumakuru,Theft,Pickpocket,2022-02-02,23:31:00,2022,2,Wednesday,23,13.221145,77.045711,Park,3,None,81468,Closed - Convicted,FIR/2022/016/1981,AT,[9],[6],0,73,4,9,31,3,4,2,46
1982,8,Bengaluru Rural,Theft,Chain snatching,2023-03-28,09:52:00,2023,3,Tuesday,9,13.27728,77.502341,Park,3,None,145920,Closed - Acquitted,FIR/2023/008/1982,V,[74],[516],1,,2,9,29,3,4,1,22
1983,9,Bengaluru Rural,Cybercrime,Identity theft,2024-06-06,21:36:00,2024,6,Thursday,21,13.201182,77.481614,Road,4,Blunt Object,0,Closed - Acquitted,FIR/2024/009/1983,Z,[348],[528],1,,2,2,5,6,1,1,26
1984,27,Dharwad,Sexual Assault,Eve-teasing,2025-08-14,20:37:00,2025,8,Thursday,20,15.535426,74.895195,Park,5,None,0,Under Investigation,FIR/2025/027/1984,CC,[371],[20],1,,8,8,26,3,4,6,81
1985,20,Belagavi,Robbery,Armed robbery,2022-01-30,17:23:00,2022,1,Sunday,17,15.762361,74.494946,Residence,5,None,469579,Open,FIR/2022/020/1985,BF,"[354, 361]",[496],0,164,6,7,23,5,4,4,58
1986,4,Bengaluru Urban,Drug Offence,Trafficking,2022-02-07,22:36:00,2022,2,Monday,22,12.957822,77.561358,Public Transport,4,None,0,Under Investigation,FIR/2022/004/1986,K,[341],[71],0,,1,3,11,4,4,6,11
1987,7,Bengaluru Rural,Theft,Chain snatching,2024-10-11,22:00:00,2024,10,Friday,22,13.306689,77.646406,Public Transport,3,None,390002,Under Investigation,FIR/2024/007/1987,S,[77],[416],0,44,2,9,29,4,4,6,19
1988,14,Tumakuru,Sexual Assault,Molestation,2020-01-16,09:09:00,2020,1,Thursday,9,13.355504,77.137208,Road,5,Firearm,0,Pending Trial,FIR/2020/014/1988,AO,[135],"[338, 374]",0,,4,8,27,6,2,5,41
1989,22,Belagavi,Vandalism,Property destruction,2024-03-29,19:56:00,2024,3,Friday,19,15.830625,74.587462,Park,3,None,0,Under Investigation,FIR/2024/022/1989,BM,[317],"[595, 78]",0,95,6,10,35,3,4,6,65
1990,9,Bengaluru Rural,Theft,House break-in,2023-06-08,17:45:00,2023,6,Thursday,17,13.270289,77.612408,Residence,3,None,465236,Closed - Convicted,FIR/2023/009/1990,Y,"[121, 231]",[276],0,,2,9,30,5,4,2,25
1991,10,Mysuru,Assault,Brawl,2025-07-30,19:30:00,2025,7,Wednesday,19,12.345769,76.585019,Market,3,None,0,Closed - Acquitted,FIR/2025/010/1991,AC,[51],"[309, 135]",0,263,3,1,1,2,4,1,29
1992,6,Bengaluru Urban,Cybercrime,Online fraud,2022-08-10,10:28:00,2022,8,Wednesday,10,12.960488,77.498825,Commercial,3,None,0,Under Investigation,FIR/2022/006/1992,R,"[303, 188]",[573],1,153,1,2,7,1,4,6,18
1993,21,Belagavi,Theft,House break-in,2020-12-24,18:20:00,2020,12,Thursday,18,15.905348,74.614029,Park,3,None,353217,Pending Trial,FIR/2020/021/1993,BI,"[116, 34]",[80],1,,6,9,30,3,4,5,61
1994,23,Belagavi,Theft,Pickpocket,2024-01-08,23:55:00,2024,1,Monday,23,15.788046,74.531044,Public Transport,3,None,419856,Under Investigation,FIR/2024/023/1994,BO,[86],[111],0,204,6,9,31,4,4,6,67
1995,35,Hassan,Theft,House break-in,2023-10-28,04:44:00,2023,10,Saturday,4,13.10982,76.203786,Park,3,None,360023,Cold Case,FIR/2023/035/1995,CY,[61],[428],0,,10,9,30,3,4,3,103
1996,6,Bengaluru Urban,Assault,Domestic violence,2024-02-21,17:38:00,2024,2,Wednesday,17,12.877227,77.547185,Residence,3,Blunt Object,0,Pending Trial,FIR/2024/006/1996,P,[215],[206],1,,1,1,2,5,1,5,16
1997,25,Kalaburagi,Theft,Pickpocket,2024-10-24,11:20:00,2024,10,Thursday,11,17.264064,76.877969,Public Transport,3,None,246216,Open,FIR/2024/025/1997,BU,[343],[243],0,192,7,9,31,4,4,4,73
1998,16,Tumakuru,Fraud,Land grab,2021-03-18,16:50:00,2021,3,Thursday,16,13.401714,77.069918,Residence,4,Blunt Object,223443,Under Investigation,FIR/2021/016/1998,AU,[352],[462],1,,4,4,15,5,1,6,47
1999,11,Mysuru,Cybercrime,Online fraud,2021-03-09,21:24:00,2021,3,Tuesday,21,12.308269,76.731879,Public Transport,3,None,0,Under Investigation,FIR/2021/011/1999,AG,[381],[572],0,,3,2,7,4,4,6,33
2000,39,Udupi,Fraud,Insurance fraud,2023-11-12,08:56:00,2023,11,Sunday,8,13.45478,74.700389,Commercial,3,None,122668,Under Investigation,FIR/2023/039/2000,DM,[201],"[445, 115]",1,,12,4,14,1,4,6,117
